TRACE::2024-10-17.11:24:25::SCWPlatform::Trying to open the hw design at C:/Users/jkali/ece385/lab6/lab62/lab62_sdk/mb_usb_hdmi_top/hw/mb_usb_hdmi_top.xsa
TRACE::2024-10-17.11:24:25::SCWPlatform::DSA given C:/Users/jkali/ece385/lab6/lab62/lab62_sdk/mb_usb_hdmi_top/hw/mb_usb_hdmi_top.xsa
TRACE::2024-10-17.11:24:25::SCWPlatform::DSA absoulate path C:/Users/jkali/ece385/lab6/lab62/lab62_sdk/mb_usb_hdmi_top/hw/mb_usb_hdmi_top.xsa
TRACE::2024-10-17.11:24:25::SCWPlatform::DSA directory C:/Users/jkali/ece385/lab6/lab62/lab62_sdk/mb_usb_hdmi_top/hw
TRACE::2024-10-17.11:24:25::SCWPlatform:: Platform Path C:/Users/jkali/ece385/lab6/lab62/lab62_sdk/mb_usb_hdmi_top/hw/mb_usb_hdmi_top.xsa
TRACE::2024-10-17.11:24:25::SCWPlatform:: Unique name xilinx:::0.0
TRACE::2024-10-17.11:24:25::SCWPlatform::Do not have an existing db opened. 
TRACE::2024-10-17.11:24:25::SCWPlatform::Opened new HwDB with name mb_usb_hdmi_top_0
TRACE::2024-10-17.11:24:25::SCWWriter::formatted JSON is {
	"platformName":	"mb_usb_hdmi_top",
	"sprVersion":	"2.0",
	"mode":	"gui",
	"dsaType":	"Fixed",
	"platformDesc":	"mb_usb_hdmi_top",
	"platHandOff":	"C:/Users/jkali/ece385/lab6/lab62/mb_usb_hdmi_top.xsa",
	"platIntHandOff":	"<platformDir>/hw/mb_usb_hdmi_top.xsa",
	"deviceType":	"FPGA",
	"platIsPrebuiltAutogen":	"false",
	"platIsNoBootBsp":	"false",
	"hasFsblMakeHasChanges":	"false",
	"hasPmufwMakeHasChanges":	"false",
	"platPreBuiltFlag":	false,
	"platformSamplesDir":	""
}
TRACE::2024-10-17.11:24:25::SCWWriter::formatted JSON is {
	"platformName":	"mb_usb_hdmi_top",
	"sprVersion":	"2.0",
	"mode":	"gui",
	"dsaType":	"Fixed",
	"platformDesc":	"mb_usb_hdmi_top",
	"platHandOff":	"C:/Users/jkali/ece385/lab6/lab62/mb_usb_hdmi_top.xsa",
	"platIntHandOff":	"<platformDir>/hw/mb_usb_hdmi_top.xsa",
	"deviceType":	"FPGA",
	"platIsPrebuiltAutogen":	"false",
	"platIsNoBootBsp":	"false",
	"hasFsblMakeHasChanges":	"false",
	"hasPmufwMakeHasChanges":	"false",
	"platPreBuiltFlag":	false,
	"platformSamplesDir":	"",
	"platActiveSys":	"mb_usb_hdmi_top",
	"systems":	[{
			"systemName":	"mb_usb_hdmi_top",
			"systemDesc":	"mb_usb_hdmi_top",
			"sysIsBootAutoGen":	"true",
			"systemDispName":	"mb_usb_hdmi_top"
		}]
}
TRACE::2024-10-17.11:24:25::SCWPlatform::Boot application domains not present, creating them
TRACE::2024-10-17.11:24:25::SCWPlatform::Pure FPGA device, no boot application will be created.
TRACE::2024-10-17.11:24:25::SCWWriter::formatted JSON is {
	"platformName":	"mb_usb_hdmi_top",
	"sprVersion":	"2.0",
	"mode":	"gui",
	"dsaType":	"Fixed",
	"platformDesc":	"mb_usb_hdmi_top",
	"platHandOff":	"C:/Users/jkali/ece385/lab6/lab62/mb_usb_hdmi_top.xsa",
	"platIntHandOff":	"<platformDir>/hw/mb_usb_hdmi_top.xsa",
	"deviceType":	"FPGA",
	"platIsPrebuiltAutogen":	"false",
	"platIsNoBootBsp":	"false",
	"hasFsblMakeHasChanges":	"false",
	"hasPmufwMakeHasChanges":	"false",
	"platPreBuiltFlag":	false,
	"platformSamplesDir":	"",
	"platActiveSys":	"mb_usb_hdmi_top",
	"systems":	[{
			"systemName":	"mb_usb_hdmi_top",
			"systemDesc":	"mb_usb_hdmi_top",
			"sysIsBootAutoGen":	"true",
			"systemDispName":	"mb_usb_hdmi_top"
		}]
}
TRACE::2024-10-17.11:24:25::SCWWriter::formatted JSON is {
	"platformName":	"mb_usb_hdmi_top",
	"sprVersion":	"2.0",
	"mode":	"gui",
	"dsaType":	"Fixed",
	"platformDesc":	"mb_usb_hdmi_top",
	"platHandOff":	"C:/Users/jkali/ece385/lab6/lab62/mb_usb_hdmi_top.xsa",
	"platIntHandOff":	"<platformDir>/hw/mb_usb_hdmi_top.xsa",
	"deviceType":	"FPGA",
	"platIsPrebuiltAutogen":	"false",
	"platIsNoBootBsp":	"false",
	"hasFsblMakeHasChanges":	"false",
	"hasPmufwMakeHasChanges":	"false",
	"platPreBuiltFlag":	false,
	"platformSamplesDir":	"",
	"platActiveSys":	"mb_usb_hdmi_top",
	"systems":	[{
			"systemName":	"mb_usb_hdmi_top",
			"systemDesc":	"mb_usb_hdmi_top",
			"sysIsBootAutoGen":	"true",
			"systemDispName":	"mb_usb_hdmi_top"
		}]
}
TRACE::2024-10-17.11:24:25::SCWPlatform::Trying to open the hw design at C:/Users/jkali/ece385/lab6/lab62/lab62_sdk/mb_usb_hdmi_top/hw/mb_usb_hdmi_top.xsa
TRACE::2024-10-17.11:24:25::SCWPlatform::DSA given C:/Users/jkali/ece385/lab6/lab62/lab62_sdk/mb_usb_hdmi_top/hw/mb_usb_hdmi_top.xsa
TRACE::2024-10-17.11:24:25::SCWPlatform::DSA absoulate path C:/Users/jkali/ece385/lab6/lab62/lab62_sdk/mb_usb_hdmi_top/hw/mb_usb_hdmi_top.xsa
TRACE::2024-10-17.11:24:25::SCWPlatform::DSA directory C:/Users/jkali/ece385/lab6/lab62/lab62_sdk/mb_usb_hdmi_top/hw
TRACE::2024-10-17.11:24:25::SCWPlatform:: Platform Path C:/Users/jkali/ece385/lab6/lab62/lab62_sdk/mb_usb_hdmi_top/hw/mb_usb_hdmi_top.xsa
TRACE::2024-10-17.11:24:25::SCWPlatform:: Unique name xilinx:::0.0
TRACE::2024-10-17.11:24:25::SCWPlatform::Trying to set the existing hwdb with name mb_usb_hdmi_top_0
TRACE::2024-10-17.11:24:25::SCWPlatform::Opened existing hwdb mb_usb_hdmi_top_0
TRACE::2024-10-17.11:24:25::SCWPlatform::Found the Hw Db part of the input DSA
TRACE::2024-10-17.11:24:25::SCWPlatform::Trying to open the hw design at C:/Users/jkali/ece385/lab6/lab62/lab62_sdk/mb_usb_hdmi_top/hw/mb_usb_hdmi_top.xsa
TRACE::2024-10-17.11:24:25::SCWPlatform::DSA given C:/Users/jkali/ece385/lab6/lab62/lab62_sdk/mb_usb_hdmi_top/hw/mb_usb_hdmi_top.xsa
TRACE::2024-10-17.11:24:25::SCWPlatform::DSA absoulate path C:/Users/jkali/ece385/lab6/lab62/lab62_sdk/mb_usb_hdmi_top/hw/mb_usb_hdmi_top.xsa
TRACE::2024-10-17.11:24:25::SCWPlatform::DSA directory C:/Users/jkali/ece385/lab6/lab62/lab62_sdk/mb_usb_hdmi_top/hw
TRACE::2024-10-17.11:24:25::SCWPlatform:: Platform Path C:/Users/jkali/ece385/lab6/lab62/lab62_sdk/mb_usb_hdmi_top/hw/mb_usb_hdmi_top.xsa
TRACE::2024-10-17.11:24:25::SCWPlatform:: Unique name xilinx:::0.0
TRACE::2024-10-17.11:24:25::SCWPlatform::Trying to set the existing hwdb with name mb_usb_hdmi_top_0
TRACE::2024-10-17.11:24:25::SCWPlatform::Opened existing hwdb mb_usb_hdmi_top_0
TRACE::2024-10-17.11:24:25::SCWPlatform::Found the Hw Db part of the input DSA
TRACE::2024-10-17.11:24:25::SCWDomain::checking for install qemu data   : 
TRACE::2024-10-17.11:24:25::SCWPlatform::Trying to open the hw design at C:/Users/jkali/ece385/lab6/lab62/lab62_sdk/mb_usb_hdmi_top/hw/mb_usb_hdmi_top.xsa
TRACE::2024-10-17.11:24:25::SCWPlatform::DSA given C:/Users/jkali/ece385/lab6/lab62/lab62_sdk/mb_usb_hdmi_top/hw/mb_usb_hdmi_top.xsa
TRACE::2024-10-17.11:24:25::SCWPlatform::DSA absoulate path C:/Users/jkali/ece385/lab6/lab62/lab62_sdk/mb_usb_hdmi_top/hw/mb_usb_hdmi_top.xsa
TRACE::2024-10-17.11:24:25::SCWPlatform::DSA directory C:/Users/jkali/ece385/lab6/lab62/lab62_sdk/mb_usb_hdmi_top/hw
TRACE::2024-10-17.11:24:25::SCWPlatform:: Platform Path C:/Users/jkali/ece385/lab6/lab62/lab62_sdk/mb_usb_hdmi_top/hw/mb_usb_hdmi_top.xsa
TRACE::2024-10-17.11:24:25::SCWPlatform:: Unique name xilinx:::0.0
TRACE::2024-10-17.11:24:25::SCWPlatform::Trying to set the existing hwdb with name mb_usb_hdmi_top_0
TRACE::2024-10-17.11:24:25::SCWPlatform::Opened existing hwdb mb_usb_hdmi_top_0
TRACE::2024-10-17.11:24:25::SCWPlatform::Found the Hw Db part of the input DSA
TRACE::2024-10-17.11:24:25::SCWPlatform::Trying to open the hw design at C:/Users/jkali/ece385/lab6/lab62/lab62_sdk/mb_usb_hdmi_top/hw/mb_usb_hdmi_top.xsa
TRACE::2024-10-17.11:24:25::SCWPlatform::DSA given C:/Users/jkali/ece385/lab6/lab62/lab62_sdk/mb_usb_hdmi_top/hw/mb_usb_hdmi_top.xsa
TRACE::2024-10-17.11:24:25::SCWPlatform::DSA absoulate path C:/Users/jkali/ece385/lab6/lab62/lab62_sdk/mb_usb_hdmi_top/hw/mb_usb_hdmi_top.xsa
TRACE::2024-10-17.11:24:25::SCWPlatform::DSA directory C:/Users/jkali/ece385/lab6/lab62/lab62_sdk/mb_usb_hdmi_top/hw
TRACE::2024-10-17.11:24:25::SCWPlatform:: Platform Path C:/Users/jkali/ece385/lab6/lab62/lab62_sdk/mb_usb_hdmi_top/hw/mb_usb_hdmi_top.xsa
TRACE::2024-10-17.11:24:25::SCWPlatform:: Unique name xilinx:::0.0
TRACE::2024-10-17.11:24:25::SCWPlatform::Trying to set the existing hwdb with name mb_usb_hdmi_top_0
TRACE::2024-10-17.11:24:25::SCWPlatform::Opened existing hwdb mb_usb_hdmi_top_0
TRACE::2024-10-17.11:24:25::SCWPlatform::Found the Hw Db part of the input DSA
TRACE::2024-10-17.11:24:25::SCWPlatform::Trying to open the hw design at C:/Users/jkali/ece385/lab6/lab62/lab62_sdk/mb_usb_hdmi_top/hw/mb_usb_hdmi_top.xsa
TRACE::2024-10-17.11:24:25::SCWPlatform::DSA given C:/Users/jkali/ece385/lab6/lab62/lab62_sdk/mb_usb_hdmi_top/hw/mb_usb_hdmi_top.xsa
TRACE::2024-10-17.11:24:25::SCWPlatform::DSA absoulate path C:/Users/jkali/ece385/lab6/lab62/lab62_sdk/mb_usb_hdmi_top/hw/mb_usb_hdmi_top.xsa
TRACE::2024-10-17.11:24:25::SCWPlatform::DSA directory C:/Users/jkali/ece385/lab6/lab62/lab62_sdk/mb_usb_hdmi_top/hw
TRACE::2024-10-17.11:24:25::SCWPlatform:: Platform Path C:/Users/jkali/ece385/lab6/lab62/lab62_sdk/mb_usb_hdmi_top/hw/mb_usb_hdmi_top.xsa
TRACE::2024-10-17.11:24:25::SCWPlatform:: Unique name xilinx:::0.0
TRACE::2024-10-17.11:24:25::SCWPlatform::Trying to set the existing hwdb with name mb_usb_hdmi_top_0
TRACE::2024-10-17.11:24:25::SCWPlatform::Opened existing hwdb mb_usb_hdmi_top_0
TRACE::2024-10-17.11:24:25::SCWPlatform::Found the Hw Db part of the input DSA
TRACE::2024-10-17.11:24:25::SCWMssOS::Checking the sw design at  C:/Users/jkali/ece385/lab6/lab62/lab62_sdk/mb_usb_hdmi_top/microblaze_0/standalone_microblaze_0/bsp/system.mss
TRACE::2024-10-17.11:24:25::SCWMssOS::DEBUG:  swdes dump  
TRACE::2024-10-17.11:24:25::SCWMssOS::No sw design opened at  C:/Users/jkali/ece385/lab6/lab62/lab62_sdk/mb_usb_hdmi_top/microblaze_0/standalone_microblaze_0/bsp/system.mss
TRACE::2024-10-17.11:24:25::SCWMssOS::mss does not exists at C:/Users/jkali/ece385/lab6/lab62/lab62_sdk/mb_usb_hdmi_top/microblaze_0/standalone_microblaze_0/bsp/system.mss
TRACE::2024-10-17.11:24:25::SCWMssOS::Creating sw design at  C:/Users/jkali/ece385/lab6/lab62/lab62_sdk/mb_usb_hdmi_top/microblaze_0/standalone_microblaze_0/bsp/system.mss
TRACE::2024-10-17.11:24:25::SCWMssOS::Adding the swdes entry, created swdb C:/Users/jkali/ece385/lab6/lab62/lab62_sdk/mb_usb_hdmi_top/microblaze_0/standalone_microblaze_0/bsp/system.mss with des name C:/Users/jkali/ece385/lab6/lab62/lab62_sdk/mb_usb_hdmi_top/microblaze_0/standalone_microblaze_0/bsp/system.mss
TRACE::2024-10-17.11:24:25::SCWMssOS::updating the scw layer changes to swdes at   C:/Users/jkali/ece385/lab6/lab62/lab62_sdk/mb_usb_hdmi_top/microblaze_0/standalone_microblaze_0/bsp/system.mss
TRACE::2024-10-17.11:24:25::SCWMssOS::Writing mss at C:/Users/jkali/ece385/lab6/lab62/lab62_sdk/mb_usb_hdmi_top/microblaze_0/standalone_microblaze_0/bsp/system.mss
TRACE::2024-10-17.11:24:25::SCWMssOS::Completed writing the mss file at C:/Users/jkali/ece385/lab6/lab62/lab62_sdk/mb_usb_hdmi_top/microblaze_0/standalone_microblaze_0/bsp
TRACE::2024-10-17.11:24:25::SCWMssOS::Picking up changes from newly written mss file into SCW Layer. 
TRACE::2024-10-17.11:24:25::SCWMssOS::Updated the changes from newly written mss file into SCW Layer. 
TRACE::2024-10-17.11:24:25::SCWMssOS::Completed writing the mss file at C:/Users/jkali/ece385/lab6/lab62/lab62_sdk/mb_usb_hdmi_top/microblaze_0/standalone_microblaze_0/bsp
TRACE::2024-10-17.11:24:25::SCWMssOS::Forcing BSP Sources regeneration.
TRACE::2024-10-17.11:24:27::SCWMssOS::Saving the mss changes C:/Users/jkali/ece385/lab6/lab62/lab62_sdk/mb_usb_hdmi_top/microblaze_0/standalone_microblaze_0/bsp/system.mss
TRACE::2024-10-17.11:24:27::SCWMssOS::Adding the swdes entry, mss present, able to open swdb C:/Users/jkali/ece385/lab6/lab62/lab62_sdk/mb_usb_hdmi_top/microblaze_0/standalone_microblaze_0/bsp/system.mss with des name system
TRACE::2024-10-17.11:24:27::SCWMssOS::Writing the mss file completed C:/Users/jkali/ece385/lab6/lab62/lab62_sdk/mb_usb_hdmi_top/microblaze_0/standalone_microblaze_0/bsp/system.mss
TRACE::2024-10-17.11:24:27::SCWMssOS::Commit changes completed.
TRACE::2024-10-17.11:24:27::SCWPlatform::Trying to open the hw design at C:/Users/jkali/ece385/lab6/lab62/lab62_sdk/mb_usb_hdmi_top/hw/mb_usb_hdmi_top.xsa
TRACE::2024-10-17.11:24:27::SCWPlatform::DSA given C:/Users/jkali/ece385/lab6/lab62/lab62_sdk/mb_usb_hdmi_top/hw/mb_usb_hdmi_top.xsa
TRACE::2024-10-17.11:24:27::SCWPlatform::DSA absoulate path C:/Users/jkali/ece385/lab6/lab62/lab62_sdk/mb_usb_hdmi_top/hw/mb_usb_hdmi_top.xsa
TRACE::2024-10-17.11:24:27::SCWPlatform::DSA directory C:/Users/jkali/ece385/lab6/lab62/lab62_sdk/mb_usb_hdmi_top/hw
TRACE::2024-10-17.11:24:27::SCWPlatform:: Platform Path C:/Users/jkali/ece385/lab6/lab62/lab62_sdk/mb_usb_hdmi_top/hw/mb_usb_hdmi_top.xsa
TRACE::2024-10-17.11:24:27::SCWPlatform:: Unique name xilinx:::0.0
TRACE::2024-10-17.11:24:27::SCWPlatform::Trying to set the existing hwdb with name mb_usb_hdmi_top_0
TRACE::2024-10-17.11:24:27::SCWPlatform::Opened existing hwdb mb_usb_hdmi_top_0
TRACE::2024-10-17.11:24:27::SCWPlatform::Found the Hw Db part of the input DSA
TRACE::2024-10-17.11:24:27::SCWMssOS::Checking the sw design at  C:/Users/jkali/ece385/lab6/lab62/lab62_sdk/mb_usb_hdmi_top/microblaze_0/standalone_microblaze_0/bsp/system.mss
TRACE::2024-10-17.11:24:27::SCWMssOS::DEBUG:  swdes dump  C:/Users/jkali/ece385/lab6/lab62/lab62_sdk/mb_usb_hdmi_top/microblaze_0/standalone_microblaze_0/bsp/system.mss|system||

TRACE::2024-10-17.11:24:27::SCWMssOS::Sw design exists and opened at  C:/Users/jkali/ece385/lab6/lab62/lab62_sdk/mb_usb_hdmi_top/microblaze_0/standalone_microblaze_0/bsp/system.mss
TRACE::2024-10-17.11:24:27::SCWPlatform::Trying to open the hw design at C:/Users/jkali/ece385/lab6/lab62/lab62_sdk/mb_usb_hdmi_top/hw/mb_usb_hdmi_top.xsa
TRACE::2024-10-17.11:24:27::SCWPlatform::DSA given C:/Users/jkali/ece385/lab6/lab62/lab62_sdk/mb_usb_hdmi_top/hw/mb_usb_hdmi_top.xsa
TRACE::2024-10-17.11:24:27::SCWPlatform::DSA absoulate path C:/Users/jkali/ece385/lab6/lab62/lab62_sdk/mb_usb_hdmi_top/hw/mb_usb_hdmi_top.xsa
TRACE::2024-10-17.11:24:27::SCWPlatform::DSA directory C:/Users/jkali/ece385/lab6/lab62/lab62_sdk/mb_usb_hdmi_top/hw
TRACE::2024-10-17.11:24:27::SCWPlatform:: Platform Path C:/Users/jkali/ece385/lab6/lab62/lab62_sdk/mb_usb_hdmi_top/hw/mb_usb_hdmi_top.xsa
TRACE::2024-10-17.11:24:27::SCWPlatform:: Unique name xilinx:::0.0
TRACE::2024-10-17.11:24:27::SCWPlatform::Trying to set the existing hwdb with name mb_usb_hdmi_top_0
TRACE::2024-10-17.11:24:27::SCWPlatform::Opened existing hwdb mb_usb_hdmi_top_0
TRACE::2024-10-17.11:24:27::SCWPlatform::Found the Hw Db part of the input DSA
TRACE::2024-10-17.11:24:27::SCWMssOS::Checking the sw design at  C:/Users/jkali/ece385/lab6/lab62/lab62_sdk/mb_usb_hdmi_top/microblaze_0/standalone_microblaze_0/bsp/system.mss
TRACE::2024-10-17.11:24:27::SCWMssOS::DEBUG:  swdes dump  C:/Users/jkali/ece385/lab6/lab62/lab62_sdk/mb_usb_hdmi_top/microblaze_0/standalone_microblaze_0/bsp/system.mss|system||

TRACE::2024-10-17.11:24:27::SCWMssOS::Sw design exists and opened at  C:/Users/jkali/ece385/lab6/lab62/lab62_sdk/mb_usb_hdmi_top/microblaze_0/standalone_microblaze_0/bsp/system.mss
TRACE::2024-10-17.11:24:27::SCWPlatform::Trying to open the hw design at C:/Users/jkali/ece385/lab6/lab62/lab62_sdk/mb_usb_hdmi_top/hw/mb_usb_hdmi_top.xsa
TRACE::2024-10-17.11:24:27::SCWPlatform::DSA given C:/Users/jkali/ece385/lab6/lab62/lab62_sdk/mb_usb_hdmi_top/hw/mb_usb_hdmi_top.xsa
TRACE::2024-10-17.11:24:27::SCWPlatform::DSA absoulate path C:/Users/jkali/ece385/lab6/lab62/lab62_sdk/mb_usb_hdmi_top/hw/mb_usb_hdmi_top.xsa
TRACE::2024-10-17.11:24:27::SCWPlatform::DSA directory C:/Users/jkali/ece385/lab6/lab62/lab62_sdk/mb_usb_hdmi_top/hw
TRACE::2024-10-17.11:24:27::SCWPlatform:: Platform Path C:/Users/jkali/ece385/lab6/lab62/lab62_sdk/mb_usb_hdmi_top/hw/mb_usb_hdmi_top.xsa
TRACE::2024-10-17.11:24:27::SCWPlatform:: Unique name xilinx:::0.0
TRACE::2024-10-17.11:24:27::SCWPlatform::Trying to set the existing hwdb with name mb_usb_hdmi_top_0
TRACE::2024-10-17.11:24:27::SCWPlatform::Opened existing hwdb mb_usb_hdmi_top_0
TRACE::2024-10-17.11:24:27::SCWPlatform::Found the Hw Db part of the input DSA
TRACE::2024-10-17.11:24:27::SCWMssOS::Checking the sw design at  C:/Users/jkali/ece385/lab6/lab62/lab62_sdk/mb_usb_hdmi_top/microblaze_0/standalone_microblaze_0/bsp/system.mss
TRACE::2024-10-17.11:24:27::SCWMssOS::DEBUG:  swdes dump  C:/Users/jkali/ece385/lab6/lab62/lab62_sdk/mb_usb_hdmi_top/microblaze_0/standalone_microblaze_0/bsp/system.mss|system||

TRACE::2024-10-17.11:24:27::SCWMssOS::Sw design exists and opened at  C:/Users/jkali/ece385/lab6/lab62/lab62_sdk/mb_usb_hdmi_top/microblaze_0/standalone_microblaze_0/bsp/system.mss
TRACE::2024-10-17.11:24:27::SCWWriter::formatted JSON is {
	"platformName":	"mb_usb_hdmi_top",
	"sprVersion":	"2.0",
	"mode":	"gui",
	"dsaType":	"Fixed",
	"platformDesc":	"mb_usb_hdmi_top",
	"platHandOff":	"C:/Users/jkali/ece385/lab6/lab62/mb_usb_hdmi_top.xsa",
	"platIntHandOff":	"<platformDir>/hw/mb_usb_hdmi_top.xsa",
	"deviceType":	"FPGA",
	"platIsPrebuiltAutogen":	"false",
	"platIsNoBootBsp":	"false",
	"hasFsblMakeHasChanges":	"false",
	"hasPmufwMakeHasChanges":	"false",
	"platPreBuiltFlag":	false,
	"platformSamplesDir":	"",
	"platActiveSys":	"mb_usb_hdmi_top",
	"systems":	[{
			"systemName":	"mb_usb_hdmi_top",
			"systemDesc":	"mb_usb_hdmi_top",
			"sysIsBootAutoGen":	"true",
			"systemDispName":	"mb_usb_hdmi_top",
			"sysActiveDom":	"standalone_microblaze_0",
			"sysDefaultDom":	"standalone_microblaze_0",
			"domains":	[{
					"domainName":	"standalone_microblaze_0",
					"domainDispName":	"standalone_microblaze_0",
					"domainDesc":	"standalone_microblaze_0",
					"processors":	"microblaze_0",
					"os":	"standalone",
					"sdxOs":	"standalone",
					"debugEnable":	"False",
					"domRuntimes":	["cpp"],
					"swRepo":	"",
					"mssOsVer":	"8.0",
					"mssFile":	"",
					"md5Digest":	"304529987e879521ca977c68d163f362",
					"compatibleApp":	"hello_world",
					"domType":	"mssDomain",
					"arch":	"32-bit",
					"appSettings":	{
						"appCompilerFlags":	"",
						"appLinkerFlags":	""
					},
					"addedLibs":	[],
					"libOptions":	{
						"libsContainingOptions":	[]
					},
					"prebuiltLibs":	{
						"prebuiltIncPath":	[],
						"prebuiltLibPath":	[]
					},
					"isolation":	{
					}
				}]
		}]
}
LOG::2024-10-17.11:24:27::SCWPlatform::Started generating the artifacts platform mb_usb_hdmi_top
TRACE::2024-10-17.11:24:27::SCWPlatform::Sanity checking of platform is completed
LOG::2024-10-17.11:24:27::SCWPlatform::Started generating the artifacts for system configuration mb_usb_hdmi_top
LOG::2024-10-17.11:24:27::SCWSystem::Checking the domain standalone_microblaze_0
LOG::2024-10-17.11:24:27::SCWSystem::Not a boot domain 
LOG::2024-10-17.11:24:27::SCWSystem::Started Processing the domain standalone_microblaze_0
TRACE::2024-10-17.11:24:27::SCWDomain::Generating domain artifcats
TRACE::2024-10-17.11:24:27::SCWMssOS::Generating standalone artifcats
TRACE::2024-10-17.11:24:27::SCWMssOS:: Copying the user libraries. 
TRACE::2024-10-17.11:24:27::SCWPlatform::Trying to open the hw design at C:/Users/jkali/ece385/lab6/lab62/lab62_sdk/mb_usb_hdmi_top/hw/mb_usb_hdmi_top.xsa
TRACE::2024-10-17.11:24:27::SCWPlatform::DSA given C:/Users/jkali/ece385/lab6/lab62/lab62_sdk/mb_usb_hdmi_top/hw/mb_usb_hdmi_top.xsa
TRACE::2024-10-17.11:24:27::SCWPlatform::DSA absoulate path C:/Users/jkali/ece385/lab6/lab62/lab62_sdk/mb_usb_hdmi_top/hw/mb_usb_hdmi_top.xsa
TRACE::2024-10-17.11:24:27::SCWPlatform::DSA directory C:/Users/jkali/ece385/lab6/lab62/lab62_sdk/mb_usb_hdmi_top/hw
TRACE::2024-10-17.11:24:27::SCWPlatform:: Platform Path C:/Users/jkali/ece385/lab6/lab62/lab62_sdk/mb_usb_hdmi_top/hw/mb_usb_hdmi_top.xsa
TRACE::2024-10-17.11:24:27::SCWPlatform:: Unique name xilinx:::0.0
TRACE::2024-10-17.11:24:27::SCWPlatform::Trying to set the existing hwdb with name mb_usb_hdmi_top_0
TRACE::2024-10-17.11:24:27::SCWPlatform::Opened existing hwdb mb_usb_hdmi_top_0
TRACE::2024-10-17.11:24:27::SCWPlatform::Found the Hw Db part of the input DSA
TRACE::2024-10-17.11:24:27::SCWMssOS::Checking the sw design at  C:/Users/jkali/ece385/lab6/lab62/lab62_sdk/mb_usb_hdmi_top/microblaze_0/standalone_microblaze_0/bsp/system.mss
TRACE::2024-10-17.11:24:27::SCWMssOS::DEBUG:  swdes dump  C:/Users/jkali/ece385/lab6/lab62/lab62_sdk/mb_usb_hdmi_top/microblaze_0/standalone_microblaze_0/bsp/system.mss|system||

TRACE::2024-10-17.11:24:27::SCWMssOS::Sw design exists and opened at  C:/Users/jkali/ece385/lab6/lab62/lab62_sdk/mb_usb_hdmi_top/microblaze_0/standalone_microblaze_0/bsp/system.mss
TRACE::2024-10-17.11:24:27::SCWMssOS::Completed writing the mss file at C:/Users/jkali/ece385/lab6/lab62/lab62_sdk/mb_usb_hdmi_top/microblaze_0/standalone_microblaze_0/bsp
TRACE::2024-10-17.11:24:27::SCWMssOS::Mss edits present, copying mssfile into export location C:/Users/jkali/ece385/lab6/lab62/lab62_sdk/mb_usb_hdmi_top/microblaze_0/standalone_microblaze_0/bsp/system.mss
TRACE::2024-10-17.11:24:27::SCWMssOS::bsp generated is upto date with the mss file. Skipping bsp generation.
TRACE::2024-10-17.11:24:27::SCWMssOS::BSP is already built. skipping the bsp build ... 
TRACE::2024-10-17.11:24:27::SCWDomain::Skipping the build for domain :  standalone_microblaze_0
TRACE::2024-10-17.11:24:27::SCWMssOS::skipping the bsp build ... 
TRACE::2024-10-17.11:24:27::SCWMssOS::Copying to export directory.
TRACE::2024-10-17.11:24:27::SCWMssOS:: Checking if to create the Supporting Applications
TRACE::2024-10-17.11:24:27::SCWMssOS:: No Linux domain exists, trying to generate FSBL 
LOG::2024-10-17.11:24:27::SCWSystem::Completed Processing the domain standalone_microblaze_0
LOG::2024-10-17.11:24:27::SCWSystem::Completed Processing the sysconfig mb_usb_hdmi_top
LOG::2024-10-17.11:24:27::SCWPlatform::Completed generating the artifacts for system configuration mb_usb_hdmi_top
TRACE::2024-10-17.11:24:27::SCWPlatform::Started preparing the platform 
TRACE::2024-10-17.11:24:27::SCWSystem::Writing the bif file for system config mb_usb_hdmi_top
TRACE::2024-10-17.11:24:27::SCWSystem::dir created 
TRACE::2024-10-17.11:24:27::SCWSystem::Writing the bif 
TRACE::2024-10-17.11:24:27::SCWPlatform::Started writing the spfm file 
TRACE::2024-10-17.11:24:27::SCWPlatform::Started writing the xpfm file 
TRACE::2024-10-17.11:24:27::SCWPlatform::Completed generating the platform
TRACE::2024-10-17.11:24:27::SCWMssOS::Saving the mss changes C:/Users/jkali/ece385/lab6/lab62/lab62_sdk/mb_usb_hdmi_top/microblaze_0/standalone_microblaze_0/bsp/system.mss
TRACE::2024-10-17.11:24:27::SCWMssOS::Found a swdesign opened with the mssfile.
TRACE::2024-10-17.11:24:27::SCWMssOS::Completed writemss as part of save.
TRACE::2024-10-17.11:24:27::SCWMssOS::Commit changes completed.
TRACE::2024-10-17.11:24:27::SCWPlatform::Trying to open the hw design at C:/Users/jkali/ece385/lab6/lab62/lab62_sdk/mb_usb_hdmi_top/hw/mb_usb_hdmi_top.xsa
TRACE::2024-10-17.11:24:27::SCWPlatform::DSA given C:/Users/jkali/ece385/lab6/lab62/lab62_sdk/mb_usb_hdmi_top/hw/mb_usb_hdmi_top.xsa
TRACE::2024-10-17.11:24:27::SCWPlatform::DSA absoulate path C:/Users/jkali/ece385/lab6/lab62/lab62_sdk/mb_usb_hdmi_top/hw/mb_usb_hdmi_top.xsa
TRACE::2024-10-17.11:24:27::SCWPlatform::DSA directory C:/Users/jkali/ece385/lab6/lab62/lab62_sdk/mb_usb_hdmi_top/hw
TRACE::2024-10-17.11:24:27::SCWPlatform:: Platform Path C:/Users/jkali/ece385/lab6/lab62/lab62_sdk/mb_usb_hdmi_top/hw/mb_usb_hdmi_top.xsa
TRACE::2024-10-17.11:24:27::SCWPlatform:: Unique name xilinx:::0.0
TRACE::2024-10-17.11:24:27::SCWPlatform::Trying to set the existing hwdb with name mb_usb_hdmi_top_0
TRACE::2024-10-17.11:24:27::SCWPlatform::Opened existing hwdb mb_usb_hdmi_top_0
TRACE::2024-10-17.11:24:27::SCWPlatform::Found the Hw Db part of the input DSA
TRACE::2024-10-17.11:24:27::SCWMssOS::Checking the sw design at  C:/Users/jkali/ece385/lab6/lab62/lab62_sdk/mb_usb_hdmi_top/microblaze_0/standalone_microblaze_0/bsp/system.mss
TRACE::2024-10-17.11:24:27::SCWMssOS::DEBUG:  swdes dump  C:/Users/jkali/ece385/lab6/lab62/lab62_sdk/mb_usb_hdmi_top/microblaze_0/standalone_microblaze_0/bsp/system.mss|system||

TRACE::2024-10-17.11:24:27::SCWMssOS::Sw design exists and opened at  C:/Users/jkali/ece385/lab6/lab62/lab62_sdk/mb_usb_hdmi_top/microblaze_0/standalone_microblaze_0/bsp/system.mss
TRACE::2024-10-17.11:24:27::SCWPlatform::Trying to open the hw design at C:/Users/jkali/ece385/lab6/lab62/lab62_sdk/mb_usb_hdmi_top/hw/mb_usb_hdmi_top.xsa
TRACE::2024-10-17.11:24:27::SCWPlatform::DSA given C:/Users/jkali/ece385/lab6/lab62/lab62_sdk/mb_usb_hdmi_top/hw/mb_usb_hdmi_top.xsa
TRACE::2024-10-17.11:24:27::SCWPlatform::DSA absoulate path C:/Users/jkali/ece385/lab6/lab62/lab62_sdk/mb_usb_hdmi_top/hw/mb_usb_hdmi_top.xsa
TRACE::2024-10-17.11:24:27::SCWPlatform::DSA directory C:/Users/jkali/ece385/lab6/lab62/lab62_sdk/mb_usb_hdmi_top/hw
TRACE::2024-10-17.11:24:27::SCWPlatform:: Platform Path C:/Users/jkali/ece385/lab6/lab62/lab62_sdk/mb_usb_hdmi_top/hw/mb_usb_hdmi_top.xsa
TRACE::2024-10-17.11:24:27::SCWPlatform:: Unique name xilinx:::0.0
TRACE::2024-10-17.11:24:27::SCWPlatform::Trying to set the existing hwdb with name mb_usb_hdmi_top_0
TRACE::2024-10-17.11:24:27::SCWPlatform::Opened existing hwdb mb_usb_hdmi_top_0
TRACE::2024-10-17.11:24:27::SCWPlatform::Found the Hw Db part of the input DSA
TRACE::2024-10-17.11:24:27::SCWMssOS::Checking the sw design at  C:/Users/jkali/ece385/lab6/lab62/lab62_sdk/mb_usb_hdmi_top/microblaze_0/standalone_microblaze_0/bsp/system.mss
TRACE::2024-10-17.11:24:27::SCWMssOS::DEBUG:  swdes dump  C:/Users/jkali/ece385/lab6/lab62/lab62_sdk/mb_usb_hdmi_top/microblaze_0/standalone_microblaze_0/bsp/system.mss|system||

TRACE::2024-10-17.11:24:27::SCWMssOS::Sw design exists and opened at  C:/Users/jkali/ece385/lab6/lab62/lab62_sdk/mb_usb_hdmi_top/microblaze_0/standalone_microblaze_0/bsp/system.mss
TRACE::2024-10-17.11:24:27::SCWPlatform::Trying to open the hw design at C:/Users/jkali/ece385/lab6/lab62/lab62_sdk/mb_usb_hdmi_top/hw/mb_usb_hdmi_top.xsa
TRACE::2024-10-17.11:24:27::SCWPlatform::DSA given C:/Users/jkali/ece385/lab6/lab62/lab62_sdk/mb_usb_hdmi_top/hw/mb_usb_hdmi_top.xsa
TRACE::2024-10-17.11:24:27::SCWPlatform::DSA absoulate path C:/Users/jkali/ece385/lab6/lab62/lab62_sdk/mb_usb_hdmi_top/hw/mb_usb_hdmi_top.xsa
TRACE::2024-10-17.11:24:27::SCWPlatform::DSA directory C:/Users/jkali/ece385/lab6/lab62/lab62_sdk/mb_usb_hdmi_top/hw
TRACE::2024-10-17.11:24:27::SCWPlatform:: Platform Path C:/Users/jkali/ece385/lab6/lab62/lab62_sdk/mb_usb_hdmi_top/hw/mb_usb_hdmi_top.xsa
TRACE::2024-10-17.11:24:27::SCWPlatform:: Unique name xilinx:::0.0
TRACE::2024-10-17.11:24:27::SCWPlatform::Trying to set the existing hwdb with name mb_usb_hdmi_top_0
TRACE::2024-10-17.11:24:27::SCWPlatform::Opened existing hwdb mb_usb_hdmi_top_0
TRACE::2024-10-17.11:24:27::SCWPlatform::Found the Hw Db part of the input DSA
TRACE::2024-10-17.11:24:27::SCWMssOS::Checking the sw design at  C:/Users/jkali/ece385/lab6/lab62/lab62_sdk/mb_usb_hdmi_top/microblaze_0/standalone_microblaze_0/bsp/system.mss
TRACE::2024-10-17.11:24:27::SCWMssOS::DEBUG:  swdes dump  C:/Users/jkali/ece385/lab6/lab62/lab62_sdk/mb_usb_hdmi_top/microblaze_0/standalone_microblaze_0/bsp/system.mss|system||

TRACE::2024-10-17.11:24:27::SCWMssOS::Sw design exists and opened at  C:/Users/jkali/ece385/lab6/lab62/lab62_sdk/mb_usb_hdmi_top/microblaze_0/standalone_microblaze_0/bsp/system.mss
TRACE::2024-10-17.11:24:27::SCWWriter::formatted JSON is {
	"platformName":	"mb_usb_hdmi_top",
	"sprVersion":	"2.0",
	"mode":	"gui",
	"dsaType":	"Fixed",
	"platformDesc":	"mb_usb_hdmi_top",
	"platHandOff":	"C:/Users/jkali/ece385/lab6/lab62/mb_usb_hdmi_top.xsa",
	"platIntHandOff":	"<platformDir>/hw/mb_usb_hdmi_top.xsa",
	"deviceType":	"FPGA",
	"platIsPrebuiltAutogen":	"false",
	"platIsNoBootBsp":	"false",
	"hasFsblMakeHasChanges":	"false",
	"hasPmufwMakeHasChanges":	"false",
	"platPreBuiltFlag":	false,
	"platformSamplesDir":	"",
	"platActiveSys":	"mb_usb_hdmi_top",
	"systems":	[{
			"systemName":	"mb_usb_hdmi_top",
			"systemDesc":	"mb_usb_hdmi_top",
			"sysIsBootAutoGen":	"true",
			"systemDispName":	"mb_usb_hdmi_top",
			"sysActiveDom":	"standalone_microblaze_0",
			"sysDefaultDom":	"standalone_microblaze_0",
			"domains":	[{
					"domainName":	"standalone_microblaze_0",
					"domainDispName":	"standalone_microblaze_0",
					"domainDesc":	"standalone_microblaze_0",
					"processors":	"microblaze_0",
					"os":	"standalone",
					"sdxOs":	"standalone",
					"debugEnable":	"False",
					"domRuntimes":	["cpp"],
					"swRepo":	"",
					"mssOsVer":	"8.0",
					"mssFile":	"",
					"md5Digest":	"304529987e879521ca977c68d163f362",
					"compatibleApp":	"hello_world",
					"domType":	"mssDomain",
					"arch":	"32-bit",
					"appSettings":	{
						"appCompilerFlags":	"",
						"appLinkerFlags":	""
					},
					"addedLibs":	[],
					"libOptions":	{
						"libsContainingOptions":	[]
					},
					"prebuiltLibs":	{
						"prebuiltIncPath":	[],
						"prebuiltLibPath":	[]
					},
					"isolation":	{
					}
				}]
		}]
}
KEYINFO::2024-10-17.11:24:27::SCWPlatform::updated the xpfm file.
TRACE::2024-10-17.11:24:27::SCWPlatform::Trying to open the hw design at C:/Users/jkali/ece385/lab6/lab62/lab62_sdk/mb_usb_hdmi_top/hw/mb_usb_hdmi_top.xsa
TRACE::2024-10-17.11:24:27::SCWPlatform::DSA given C:/Users/jkali/ece385/lab6/lab62/lab62_sdk/mb_usb_hdmi_top/hw/mb_usb_hdmi_top.xsa
TRACE::2024-10-17.11:24:27::SCWPlatform::DSA absoulate path C:/Users/jkali/ece385/lab6/lab62/lab62_sdk/mb_usb_hdmi_top/hw/mb_usb_hdmi_top.xsa
TRACE::2024-10-17.11:24:27::SCWPlatform::DSA directory C:/Users/jkali/ece385/lab6/lab62/lab62_sdk/mb_usb_hdmi_top/hw
TRACE::2024-10-17.11:24:27::SCWPlatform:: Platform Path C:/Users/jkali/ece385/lab6/lab62/lab62_sdk/mb_usb_hdmi_top/hw/mb_usb_hdmi_top.xsa
TRACE::2024-10-17.11:24:27::SCWPlatform:: Unique name xilinx:::0.0
TRACE::2024-10-17.11:24:27::SCWPlatform::Trying to set the existing hwdb with name mb_usb_hdmi_top_0
TRACE::2024-10-17.11:24:27::SCWPlatform::Opened existing hwdb mb_usb_hdmi_top_0
TRACE::2024-10-17.11:24:27::SCWPlatform::Found the Hw Db part of the input DSA
TRACE::2024-10-17.11:24:27::SCWMssOS::Checking the sw design at  C:/Users/jkali/ece385/lab6/lab62/lab62_sdk/mb_usb_hdmi_top/microblaze_0/standalone_microblaze_0/bsp/system.mss
TRACE::2024-10-17.11:24:27::SCWMssOS::DEBUG:  swdes dump  C:/Users/jkali/ece385/lab6/lab62/lab62_sdk/mb_usb_hdmi_top/microblaze_0/standalone_microblaze_0/bsp/system.mss|system||

TRACE::2024-10-17.11:24:27::SCWMssOS::Sw design exists and opened at  C:/Users/jkali/ece385/lab6/lab62/lab62_sdk/mb_usb_hdmi_top/microblaze_0/standalone_microblaze_0/bsp/system.mss
TRACE::2024-10-17.11:24:27::SCWMssOS::Saving the mss changes C:/Users/jkali/ece385/lab6/lab62/lab62_sdk/mb_usb_hdmi_top/microblaze_0/standalone_microblaze_0/bsp/system.mss
TRACE::2024-10-17.11:24:27::SCWMssOS::Found a swdesign opened with the mssfile.
TRACE::2024-10-17.11:24:27::SCWMssOS::Completed writemss as part of save.
TRACE::2024-10-17.11:24:27::SCWMssOS::Commit changes completed.
TRACE::2024-10-17.11:24:27::SCWPlatform::Trying to open the hw design at C:/Users/jkali/ece385/lab6/lab62/lab62_sdk/mb_usb_hdmi_top/hw/mb_usb_hdmi_top.xsa
TRACE::2024-10-17.11:24:27::SCWPlatform::DSA given C:/Users/jkali/ece385/lab6/lab62/lab62_sdk/mb_usb_hdmi_top/hw/mb_usb_hdmi_top.xsa
TRACE::2024-10-17.11:24:27::SCWPlatform::DSA absoulate path C:/Users/jkali/ece385/lab6/lab62/lab62_sdk/mb_usb_hdmi_top/hw/mb_usb_hdmi_top.xsa
TRACE::2024-10-17.11:24:27::SCWPlatform::DSA directory C:/Users/jkali/ece385/lab6/lab62/lab62_sdk/mb_usb_hdmi_top/hw
TRACE::2024-10-17.11:24:27::SCWPlatform:: Platform Path C:/Users/jkali/ece385/lab6/lab62/lab62_sdk/mb_usb_hdmi_top/hw/mb_usb_hdmi_top.xsa
TRACE::2024-10-17.11:24:27::SCWPlatform:: Unique name xilinx:::0.0
TRACE::2024-10-17.11:24:27::SCWPlatform::Trying to set the existing hwdb with name mb_usb_hdmi_top_0
TRACE::2024-10-17.11:24:27::SCWPlatform::Opened existing hwdb mb_usb_hdmi_top_0
TRACE::2024-10-17.11:24:27::SCWPlatform::Found the Hw Db part of the input DSA
TRACE::2024-10-17.11:24:27::SCWMssOS::Checking the sw design at  C:/Users/jkali/ece385/lab6/lab62/lab62_sdk/mb_usb_hdmi_top/microblaze_0/standalone_microblaze_0/bsp/system.mss
TRACE::2024-10-17.11:24:27::SCWMssOS::DEBUG:  swdes dump  C:/Users/jkali/ece385/lab6/lab62/lab62_sdk/mb_usb_hdmi_top/microblaze_0/standalone_microblaze_0/bsp/system.mss|system||

TRACE::2024-10-17.11:24:27::SCWMssOS::Sw design exists and opened at  C:/Users/jkali/ece385/lab6/lab62/lab62_sdk/mb_usb_hdmi_top/microblaze_0/standalone_microblaze_0/bsp/system.mss
TRACE::2024-10-17.11:24:27::SCWPlatform::Trying to open the hw design at C:/Users/jkali/ece385/lab6/lab62/lab62_sdk/mb_usb_hdmi_top/hw/mb_usb_hdmi_top.xsa
TRACE::2024-10-17.11:24:27::SCWPlatform::DSA given C:/Users/jkali/ece385/lab6/lab62/lab62_sdk/mb_usb_hdmi_top/hw/mb_usb_hdmi_top.xsa
TRACE::2024-10-17.11:24:27::SCWPlatform::DSA absoulate path C:/Users/jkali/ece385/lab6/lab62/lab62_sdk/mb_usb_hdmi_top/hw/mb_usb_hdmi_top.xsa
TRACE::2024-10-17.11:24:27::SCWPlatform::DSA directory C:/Users/jkali/ece385/lab6/lab62/lab62_sdk/mb_usb_hdmi_top/hw
TRACE::2024-10-17.11:24:27::SCWPlatform:: Platform Path C:/Users/jkali/ece385/lab6/lab62/lab62_sdk/mb_usb_hdmi_top/hw/mb_usb_hdmi_top.xsa
TRACE::2024-10-17.11:24:27::SCWPlatform:: Unique name xilinx:::0.0
TRACE::2024-10-17.11:24:27::SCWPlatform::Trying to set the existing hwdb with name mb_usb_hdmi_top_0
TRACE::2024-10-17.11:24:27::SCWPlatform::Opened existing hwdb mb_usb_hdmi_top_0
TRACE::2024-10-17.11:24:27::SCWPlatform::Found the Hw Db part of the input DSA
TRACE::2024-10-17.11:24:27::SCWMssOS::Checking the sw design at  C:/Users/jkali/ece385/lab6/lab62/lab62_sdk/mb_usb_hdmi_top/microblaze_0/standalone_microblaze_0/bsp/system.mss
TRACE::2024-10-17.11:24:27::SCWMssOS::DEBUG:  swdes dump  C:/Users/jkali/ece385/lab6/lab62/lab62_sdk/mb_usb_hdmi_top/microblaze_0/standalone_microblaze_0/bsp/system.mss|system||

TRACE::2024-10-17.11:24:27::SCWMssOS::Sw design exists and opened at  C:/Users/jkali/ece385/lab6/lab62/lab62_sdk/mb_usb_hdmi_top/microblaze_0/standalone_microblaze_0/bsp/system.mss
TRACE::2024-10-17.11:24:27::SCWPlatform::Trying to open the hw design at C:/Users/jkali/ece385/lab6/lab62/lab62_sdk/mb_usb_hdmi_top/hw/mb_usb_hdmi_top.xsa
TRACE::2024-10-17.11:24:27::SCWPlatform::DSA given C:/Users/jkali/ece385/lab6/lab62/lab62_sdk/mb_usb_hdmi_top/hw/mb_usb_hdmi_top.xsa
TRACE::2024-10-17.11:24:27::SCWPlatform::DSA absoulate path C:/Users/jkali/ece385/lab6/lab62/lab62_sdk/mb_usb_hdmi_top/hw/mb_usb_hdmi_top.xsa
TRACE::2024-10-17.11:24:27::SCWPlatform::DSA directory C:/Users/jkali/ece385/lab6/lab62/lab62_sdk/mb_usb_hdmi_top/hw
TRACE::2024-10-17.11:24:27::SCWPlatform:: Platform Path C:/Users/jkali/ece385/lab6/lab62/lab62_sdk/mb_usb_hdmi_top/hw/mb_usb_hdmi_top.xsa
TRACE::2024-10-17.11:24:27::SCWPlatform:: Unique name xilinx:::0.0
TRACE::2024-10-17.11:24:27::SCWPlatform::Trying to set the existing hwdb with name mb_usb_hdmi_top_0
TRACE::2024-10-17.11:24:27::SCWPlatform::Opened existing hwdb mb_usb_hdmi_top_0
TRACE::2024-10-17.11:24:27::SCWPlatform::Found the Hw Db part of the input DSA
TRACE::2024-10-17.11:24:27::SCWMssOS::Checking the sw design at  C:/Users/jkali/ece385/lab6/lab62/lab62_sdk/mb_usb_hdmi_top/microblaze_0/standalone_microblaze_0/bsp/system.mss
TRACE::2024-10-17.11:24:27::SCWMssOS::DEBUG:  swdes dump  C:/Users/jkali/ece385/lab6/lab62/lab62_sdk/mb_usb_hdmi_top/microblaze_0/standalone_microblaze_0/bsp/system.mss|system||

TRACE::2024-10-17.11:24:27::SCWMssOS::Sw design exists and opened at  C:/Users/jkali/ece385/lab6/lab62/lab62_sdk/mb_usb_hdmi_top/microblaze_0/standalone_microblaze_0/bsp/system.mss
TRACE::2024-10-17.11:24:27::SCWWriter::formatted JSON is {
	"platformName":	"mb_usb_hdmi_top",
	"sprVersion":	"2.0",
	"mode":	"gui",
	"dsaType":	"Fixed",
	"platformDesc":	"mb_usb_hdmi_top",
	"platHandOff":	"C:/Users/jkali/ece385/lab6/lab62/mb_usb_hdmi_top.xsa",
	"platIntHandOff":	"<platformDir>/hw/mb_usb_hdmi_top.xsa",
	"deviceType":	"FPGA",
	"platIsPrebuiltAutogen":	"false",
	"platIsNoBootBsp":	"false",
	"hasFsblMakeHasChanges":	"false",
	"hasPmufwMakeHasChanges":	"false",
	"platPreBuiltFlag":	false,
	"platformSamplesDir":	"",
	"platActiveSys":	"mb_usb_hdmi_top",
	"systems":	[{
			"systemName":	"mb_usb_hdmi_top",
			"systemDesc":	"mb_usb_hdmi_top",
			"sysIsBootAutoGen":	"true",
			"systemDispName":	"mb_usb_hdmi_top",
			"sysActiveDom":	"standalone_microblaze_0",
			"sysDefaultDom":	"standalone_microblaze_0",
			"domains":	[{
					"domainName":	"standalone_microblaze_0",
					"domainDispName":	"standalone_microblaze_0",
					"domainDesc":	"standalone_microblaze_0",
					"processors":	"microblaze_0",
					"os":	"standalone",
					"sdxOs":	"standalone",
					"debugEnable":	"False",
					"domRuntimes":	["cpp"],
					"swRepo":	"",
					"mssOsVer":	"8.0",
					"mssFile":	"",
					"md5Digest":	"304529987e879521ca977c68d163f362",
					"compatibleApp":	"hello_world",
					"domType":	"mssDomain",
					"arch":	"32-bit",
					"appSettings":	{
						"appCompilerFlags":	"",
						"appLinkerFlags":	""
					},
					"addedLibs":	[],
					"libOptions":	{
						"libsContainingOptions":	[]
					},
					"prebuiltLibs":	{
						"prebuiltIncPath":	[],
						"prebuiltLibPath":	[]
					},
					"isolation":	{
					}
				}]
		}]
}
TRACE::2024-10-17.11:24:27::SCWPlatform::Trying to open the hw design at C:/Users/jkali/ece385/lab6/lab62/lab62_sdk/mb_usb_hdmi_top/hw/mb_usb_hdmi_top.xsa
TRACE::2024-10-17.11:24:27::SCWPlatform::DSA given C:/Users/jkali/ece385/lab6/lab62/lab62_sdk/mb_usb_hdmi_top/hw/mb_usb_hdmi_top.xsa
TRACE::2024-10-17.11:24:27::SCWPlatform::DSA absoulate path C:/Users/jkali/ece385/lab6/lab62/lab62_sdk/mb_usb_hdmi_top/hw/mb_usb_hdmi_top.xsa
TRACE::2024-10-17.11:24:27::SCWPlatform::DSA directory C:/Users/jkali/ece385/lab6/lab62/lab62_sdk/mb_usb_hdmi_top/hw
TRACE::2024-10-17.11:24:27::SCWPlatform:: Platform Path C:/Users/jkali/ece385/lab6/lab62/lab62_sdk/mb_usb_hdmi_top/hw/mb_usb_hdmi_top.xsa
TRACE::2024-10-17.11:24:27::SCWPlatform:: Unique name xilinx:::0.0
TRACE::2024-10-17.11:24:27::SCWPlatform::Trying to set the existing hwdb with name mb_usb_hdmi_top_0
TRACE::2024-10-17.11:24:27::SCWPlatform::Opened existing hwdb mb_usb_hdmi_top_0
TRACE::2024-10-17.11:24:27::SCWPlatform::Found the Hw Db part of the input DSA
TRACE::2024-10-17.11:24:27::SCWMssOS::Checking the sw design at  C:/Users/jkali/ece385/lab6/lab62/lab62_sdk/mb_usb_hdmi_top/microblaze_0/standalone_microblaze_0/bsp/system.mss
TRACE::2024-10-17.11:24:27::SCWMssOS::DEBUG:  swdes dump  C:/Users/jkali/ece385/lab6/lab62/lab62_sdk/mb_usb_hdmi_top/microblaze_0/standalone_microblaze_0/bsp/system.mss|system||

TRACE::2024-10-17.11:24:27::SCWMssOS::Sw design exists and opened at  C:/Users/jkali/ece385/lab6/lab62/lab62_sdk/mb_usb_hdmi_top/microblaze_0/standalone_microblaze_0/bsp/system.mss
TRACE::2024-10-17.11:24:27::SCWPlatform::Trying to open the hw design at C:/Users/jkali/ece385/lab6/lab62/lab62_sdk/mb_usb_hdmi_top/hw/mb_usb_hdmi_top.xsa
TRACE::2024-10-17.11:24:27::SCWPlatform::DSA given C:/Users/jkali/ece385/lab6/lab62/lab62_sdk/mb_usb_hdmi_top/hw/mb_usb_hdmi_top.xsa
TRACE::2024-10-17.11:24:27::SCWPlatform::DSA absoulate path C:/Users/jkali/ece385/lab6/lab62/lab62_sdk/mb_usb_hdmi_top/hw/mb_usb_hdmi_top.xsa
TRACE::2024-10-17.11:24:27::SCWPlatform::DSA directory C:/Users/jkali/ece385/lab6/lab62/lab62_sdk/mb_usb_hdmi_top/hw
TRACE::2024-10-17.11:24:27::SCWPlatform:: Platform Path C:/Users/jkali/ece385/lab6/lab62/lab62_sdk/mb_usb_hdmi_top/hw/mb_usb_hdmi_top.xsa
TRACE::2024-10-17.11:24:27::SCWPlatform:: Unique name xilinx:::0.0
TRACE::2024-10-17.11:24:27::SCWPlatform::Trying to set the existing hwdb with name mb_usb_hdmi_top_0
TRACE::2024-10-17.11:24:27::SCWPlatform::Opened existing hwdb mb_usb_hdmi_top_0
TRACE::2024-10-17.11:24:27::SCWPlatform::Found the Hw Db part of the input DSA
TRACE::2024-10-17.11:24:27::SCWMssOS::Checking the sw design at  C:/Users/jkali/ece385/lab6/lab62/lab62_sdk/mb_usb_hdmi_top/microblaze_0/standalone_microblaze_0/bsp/system.mss
TRACE::2024-10-17.11:24:27::SCWMssOS::DEBUG:  swdes dump  C:/Users/jkali/ece385/lab6/lab62/lab62_sdk/mb_usb_hdmi_top/microblaze_0/standalone_microblaze_0/bsp/system.mss|system||

TRACE::2024-10-17.11:24:27::SCWMssOS::Sw design exists and opened at  C:/Users/jkali/ece385/lab6/lab62/lab62_sdk/mb_usb_hdmi_top/microblaze_0/standalone_microblaze_0/bsp/system.mss
TRACE::2024-10-17.11:24:27::SCWMssOS::Saving the mss changes C:/Users/jkali/ece385/lab6/lab62/lab62_sdk/mb_usb_hdmi_top/microblaze_0/standalone_microblaze_0/bsp/system.mss
TRACE::2024-10-17.11:24:27::SCWMssOS::Found a swdesign opened with the mssfile.
TRACE::2024-10-17.11:24:27::SCWMssOS::Completed writemss as part of save.
TRACE::2024-10-17.11:24:27::SCWMssOS::Commit changes completed.
TRACE::2024-10-17.11:24:27::SCWPlatform::Trying to open the hw design at C:/Users/jkali/ece385/lab6/lab62/lab62_sdk/mb_usb_hdmi_top/hw/mb_usb_hdmi_top.xsa
TRACE::2024-10-17.11:24:27::SCWPlatform::DSA given C:/Users/jkali/ece385/lab6/lab62/lab62_sdk/mb_usb_hdmi_top/hw/mb_usb_hdmi_top.xsa
TRACE::2024-10-17.11:24:27::SCWPlatform::DSA absoulate path C:/Users/jkali/ece385/lab6/lab62/lab62_sdk/mb_usb_hdmi_top/hw/mb_usb_hdmi_top.xsa
TRACE::2024-10-17.11:24:27::SCWPlatform::DSA directory C:/Users/jkali/ece385/lab6/lab62/lab62_sdk/mb_usb_hdmi_top/hw
TRACE::2024-10-17.11:24:27::SCWPlatform:: Platform Path C:/Users/jkali/ece385/lab6/lab62/lab62_sdk/mb_usb_hdmi_top/hw/mb_usb_hdmi_top.xsa
TRACE::2024-10-17.11:24:27::SCWPlatform:: Unique name xilinx:::0.0
TRACE::2024-10-17.11:24:27::SCWPlatform::Trying to set the existing hwdb with name mb_usb_hdmi_top_0
TRACE::2024-10-17.11:24:27::SCWPlatform::Opened existing hwdb mb_usb_hdmi_top_0
TRACE::2024-10-17.11:24:27::SCWPlatform::Found the Hw Db part of the input DSA
TRACE::2024-10-17.11:24:27::SCWMssOS::Checking the sw design at  C:/Users/jkali/ece385/lab6/lab62/lab62_sdk/mb_usb_hdmi_top/microblaze_0/standalone_microblaze_0/bsp/system.mss
TRACE::2024-10-17.11:24:27::SCWMssOS::DEBUG:  swdes dump  C:/Users/jkali/ece385/lab6/lab62/lab62_sdk/mb_usb_hdmi_top/microblaze_0/standalone_microblaze_0/bsp/system.mss|system||

TRACE::2024-10-17.11:24:27::SCWMssOS::Sw design exists and opened at  C:/Users/jkali/ece385/lab6/lab62/lab62_sdk/mb_usb_hdmi_top/microblaze_0/standalone_microblaze_0/bsp/system.mss
TRACE::2024-10-17.11:24:27::SCWPlatform::Trying to open the hw design at C:/Users/jkali/ece385/lab6/lab62/lab62_sdk/mb_usb_hdmi_top/hw/mb_usb_hdmi_top.xsa
TRACE::2024-10-17.11:24:27::SCWPlatform::DSA given C:/Users/jkali/ece385/lab6/lab62/lab62_sdk/mb_usb_hdmi_top/hw/mb_usb_hdmi_top.xsa
TRACE::2024-10-17.11:24:27::SCWPlatform::DSA absoulate path C:/Users/jkali/ece385/lab6/lab62/lab62_sdk/mb_usb_hdmi_top/hw/mb_usb_hdmi_top.xsa
TRACE::2024-10-17.11:24:27::SCWPlatform::DSA directory C:/Users/jkali/ece385/lab6/lab62/lab62_sdk/mb_usb_hdmi_top/hw
TRACE::2024-10-17.11:24:27::SCWPlatform:: Platform Path C:/Users/jkali/ece385/lab6/lab62/lab62_sdk/mb_usb_hdmi_top/hw/mb_usb_hdmi_top.xsa
TRACE::2024-10-17.11:24:27::SCWPlatform:: Unique name xilinx:::0.0
TRACE::2024-10-17.11:24:27::SCWPlatform::Trying to set the existing hwdb with name mb_usb_hdmi_top_0
TRACE::2024-10-17.11:24:27::SCWPlatform::Opened existing hwdb mb_usb_hdmi_top_0
TRACE::2024-10-17.11:24:27::SCWPlatform::Found the Hw Db part of the input DSA
TRACE::2024-10-17.11:24:27::SCWMssOS::Checking the sw design at  C:/Users/jkali/ece385/lab6/lab62/lab62_sdk/mb_usb_hdmi_top/microblaze_0/standalone_microblaze_0/bsp/system.mss
TRACE::2024-10-17.11:24:27::SCWMssOS::DEBUG:  swdes dump  C:/Users/jkali/ece385/lab6/lab62/lab62_sdk/mb_usb_hdmi_top/microblaze_0/standalone_microblaze_0/bsp/system.mss|system||

TRACE::2024-10-17.11:24:27::SCWMssOS::Sw design exists and opened at  C:/Users/jkali/ece385/lab6/lab62/lab62_sdk/mb_usb_hdmi_top/microblaze_0/standalone_microblaze_0/bsp/system.mss
TRACE::2024-10-17.11:24:27::SCWPlatform::Trying to open the hw design at C:/Users/jkali/ece385/lab6/lab62/lab62_sdk/mb_usb_hdmi_top/hw/mb_usb_hdmi_top.xsa
TRACE::2024-10-17.11:24:27::SCWPlatform::DSA given C:/Users/jkali/ece385/lab6/lab62/lab62_sdk/mb_usb_hdmi_top/hw/mb_usb_hdmi_top.xsa
TRACE::2024-10-17.11:24:27::SCWPlatform::DSA absoulate path C:/Users/jkali/ece385/lab6/lab62/lab62_sdk/mb_usb_hdmi_top/hw/mb_usb_hdmi_top.xsa
TRACE::2024-10-17.11:24:27::SCWPlatform::DSA directory C:/Users/jkali/ece385/lab6/lab62/lab62_sdk/mb_usb_hdmi_top/hw
TRACE::2024-10-17.11:24:27::SCWPlatform:: Platform Path C:/Users/jkali/ece385/lab6/lab62/lab62_sdk/mb_usb_hdmi_top/hw/mb_usb_hdmi_top.xsa
TRACE::2024-10-17.11:24:27::SCWPlatform:: Unique name xilinx:::0.0
TRACE::2024-10-17.11:24:27::SCWPlatform::Trying to set the existing hwdb with name mb_usb_hdmi_top_0
TRACE::2024-10-17.11:24:27::SCWPlatform::Opened existing hwdb mb_usb_hdmi_top_0
TRACE::2024-10-17.11:24:27::SCWPlatform::Found the Hw Db part of the input DSA
TRACE::2024-10-17.11:24:27::SCWMssOS::Checking the sw design at  C:/Users/jkali/ece385/lab6/lab62/lab62_sdk/mb_usb_hdmi_top/microblaze_0/standalone_microblaze_0/bsp/system.mss
TRACE::2024-10-17.11:24:27::SCWMssOS::DEBUG:  swdes dump  C:/Users/jkali/ece385/lab6/lab62/lab62_sdk/mb_usb_hdmi_top/microblaze_0/standalone_microblaze_0/bsp/system.mss|system||

TRACE::2024-10-17.11:24:27::SCWMssOS::Sw design exists and opened at  C:/Users/jkali/ece385/lab6/lab62/lab62_sdk/mb_usb_hdmi_top/microblaze_0/standalone_microblaze_0/bsp/system.mss
TRACE::2024-10-17.11:24:27::SCWWriter::formatted JSON is {
	"platformName":	"mb_usb_hdmi_top",
	"sprVersion":	"2.0",
	"mode":	"gui",
	"dsaType":	"Fixed",
	"platformDesc":	"mb_usb_hdmi_top",
	"platHandOff":	"C:/Users/jkali/ece385/lab6/lab62/mb_usb_hdmi_top.xsa",
	"platIntHandOff":	"<platformDir>/hw/mb_usb_hdmi_top.xsa",
	"deviceType":	"FPGA",
	"platIsPrebuiltAutogen":	"false",
	"platIsNoBootBsp":	"false",
	"hasFsblMakeHasChanges":	"false",
	"hasPmufwMakeHasChanges":	"false",
	"platPreBuiltFlag":	false,
	"platformSamplesDir":	"",
	"platActiveSys":	"mb_usb_hdmi_top",
	"systems":	[{
			"systemName":	"mb_usb_hdmi_top",
			"systemDesc":	"mb_usb_hdmi_top",
			"sysIsBootAutoGen":	"true",
			"systemDispName":	"mb_usb_hdmi_top",
			"sysActiveDom":	"standalone_microblaze_0",
			"sysDefaultDom":	"standalone_microblaze_0",
			"domains":	[{
					"domainName":	"standalone_microblaze_0",
					"domainDispName":	"standalone_microblaze_0",
					"domainDesc":	"standalone_microblaze_0",
					"processors":	"microblaze_0",
					"os":	"standalone",
					"sdxOs":	"standalone",
					"debugEnable":	"False",
					"domRuntimes":	["cpp"],
					"swRepo":	"",
					"mssOsVer":	"8.0",
					"mssFile":	"",
					"md5Digest":	"304529987e879521ca977c68d163f362",
					"compatibleApp":	"hello_world",
					"domType":	"mssDomain",
					"arch":	"32-bit",
					"appSettings":	{
						"appCompilerFlags":	"",
						"appLinkerFlags":	""
					},
					"addedLibs":	[],
					"libOptions":	{
						"libsContainingOptions":	[]
					},
					"prebuiltLibs":	{
						"prebuiltIncPath":	[],
						"prebuiltLibPath":	[]
					},
					"isolation":	{
					}
				}]
		}]
}
LOG::2024-10-17.11:24:27::SCWPlatform::Started generating the artifacts platform mb_usb_hdmi_top
TRACE::2024-10-17.11:24:27::SCWPlatform::Sanity checking of platform is completed
LOG::2024-10-17.11:24:27::SCWPlatform::Started generating the artifacts for system configuration mb_usb_hdmi_top
LOG::2024-10-17.11:24:27::SCWSystem::Started Processing the domain standalone_microblaze_0
TRACE::2024-10-17.11:24:27::SCWDomain::Generating domain artifcats
TRACE::2024-10-17.11:24:27::SCWMssOS::Generating standalone artifcats
TRACE::2024-10-17.11:24:27::SCWMssOS:: Copying the user libraries. 
TRACE::2024-10-17.11:24:27::SCWPlatform::Trying to open the hw design at C:/Users/jkali/ece385/lab6/lab62/lab62_sdk/mb_usb_hdmi_top/hw/mb_usb_hdmi_top.xsa
TRACE::2024-10-17.11:24:27::SCWPlatform::DSA given C:/Users/jkali/ece385/lab6/lab62/lab62_sdk/mb_usb_hdmi_top/hw/mb_usb_hdmi_top.xsa
TRACE::2024-10-17.11:24:27::SCWPlatform::DSA absoulate path C:/Users/jkali/ece385/lab6/lab62/lab62_sdk/mb_usb_hdmi_top/hw/mb_usb_hdmi_top.xsa
TRACE::2024-10-17.11:24:27::SCWPlatform::DSA directory C:/Users/jkali/ece385/lab6/lab62/lab62_sdk/mb_usb_hdmi_top/hw
TRACE::2024-10-17.11:24:27::SCWPlatform:: Platform Path C:/Users/jkali/ece385/lab6/lab62/lab62_sdk/mb_usb_hdmi_top/hw/mb_usb_hdmi_top.xsa
TRACE::2024-10-17.11:24:27::SCWPlatform:: Unique name xilinx:::0.0
TRACE::2024-10-17.11:24:27::SCWPlatform::Trying to set the existing hwdb with name mb_usb_hdmi_top_0
TRACE::2024-10-17.11:24:27::SCWPlatform::Opened existing hwdb mb_usb_hdmi_top_0
TRACE::2024-10-17.11:24:27::SCWPlatform::Found the Hw Db part of the input DSA
TRACE::2024-10-17.11:24:27::SCWMssOS::Checking the sw design at  C:/Users/jkali/ece385/lab6/lab62/lab62_sdk/mb_usb_hdmi_top/microblaze_0/standalone_microblaze_0/bsp/system.mss
TRACE::2024-10-17.11:24:27::SCWMssOS::DEBUG:  swdes dump  C:/Users/jkali/ece385/lab6/lab62/lab62_sdk/mb_usb_hdmi_top/microblaze_0/standalone_microblaze_0/bsp/system.mss|system||

TRACE::2024-10-17.11:24:27::SCWMssOS::Sw design exists and opened at  C:/Users/jkali/ece385/lab6/lab62/lab62_sdk/mb_usb_hdmi_top/microblaze_0/standalone_microblaze_0/bsp/system.mss
TRACE::2024-10-17.11:24:27::SCWMssOS::Completed writing the mss file at C:/Users/jkali/ece385/lab6/lab62/lab62_sdk/mb_usb_hdmi_top/microblaze_0/standalone_microblaze_0/bsp
TRACE::2024-10-17.11:24:27::SCWMssOS::Mss edits present, copying mssfile into export location C:/Users/jkali/ece385/lab6/lab62/lab62_sdk/mb_usb_hdmi_top/microblaze_0/standalone_microblaze_0/bsp/system.mss
TRACE::2024-10-17.11:24:27::SCWMssOS::bsp generated is upto date with the mss file. Skipping bsp generation.
TRACE::2024-10-17.11:24:27::SCWMssOS::BSP is already built. skipping the bsp build ... 
TRACE::2024-10-17.11:24:27::SCWDomain::Building the domain as part of full build :  standalone_microblaze_0
TRACE::2024-10-17.11:24:27::SCWMssOS::skipping the bsp build ... 
TRACE::2024-10-17.11:24:27::SCWMssOS::Copying to export directory.
TRACE::2024-10-17.11:24:27::SCWMssOS:: Checking if to create the Supporting Applications
TRACE::2024-10-17.11:24:27::SCWMssOS:: No Linux domain exists, trying to generate FSBL 
LOG::2024-10-17.11:24:27::SCWSystem::Completed Processing the domain standalone_microblaze_0
LOG::2024-10-17.11:24:27::SCWSystem::Completed Processing the sysconfig mb_usb_hdmi_top
LOG::2024-10-17.11:24:27::SCWPlatform::Completed generating the artifacts for system configuration mb_usb_hdmi_top
TRACE::2024-10-17.11:24:27::SCWPlatform::Started preparing the platform 
TRACE::2024-10-17.11:24:27::SCWSystem::Writing the bif file for system config mb_usb_hdmi_top
TRACE::2024-10-17.11:24:27::SCWSystem::dir created 
TRACE::2024-10-17.11:24:27::SCWSystem::Writing the bif 
TRACE::2024-10-17.11:24:27::SCWPlatform::Started writing the spfm file 
TRACE::2024-10-17.11:24:27::SCWPlatform::Started writing the xpfm file 
TRACE::2024-10-17.11:24:27::SCWPlatform::Completed generating the platform
TRACE::2024-10-17.11:24:27::SCWMssOS::Saving the mss changes C:/Users/jkali/ece385/lab6/lab62/lab62_sdk/mb_usb_hdmi_top/microblaze_0/standalone_microblaze_0/bsp/system.mss
TRACE::2024-10-17.11:24:27::SCWMssOS::Found a swdesign opened with the mssfile.
TRACE::2024-10-17.11:24:27::SCWMssOS::Completed writemss as part of save.
TRACE::2024-10-17.11:24:27::SCWMssOS::Commit changes completed.
TRACE::2024-10-17.11:24:27::SCWPlatform::Trying to open the hw design at C:/Users/jkali/ece385/lab6/lab62/lab62_sdk/mb_usb_hdmi_top/hw/mb_usb_hdmi_top.xsa
TRACE::2024-10-17.11:24:27::SCWPlatform::DSA given C:/Users/jkali/ece385/lab6/lab62/lab62_sdk/mb_usb_hdmi_top/hw/mb_usb_hdmi_top.xsa
TRACE::2024-10-17.11:24:27::SCWPlatform::DSA absoulate path C:/Users/jkali/ece385/lab6/lab62/lab62_sdk/mb_usb_hdmi_top/hw/mb_usb_hdmi_top.xsa
TRACE::2024-10-17.11:24:27::SCWPlatform::DSA directory C:/Users/jkali/ece385/lab6/lab62/lab62_sdk/mb_usb_hdmi_top/hw
TRACE::2024-10-17.11:24:27::SCWPlatform:: Platform Path C:/Users/jkali/ece385/lab6/lab62/lab62_sdk/mb_usb_hdmi_top/hw/mb_usb_hdmi_top.xsa
TRACE::2024-10-17.11:24:27::SCWPlatform:: Unique name xilinx:::0.0
TRACE::2024-10-17.11:24:27::SCWPlatform::Trying to set the existing hwdb with name mb_usb_hdmi_top_0
TRACE::2024-10-17.11:24:27::SCWPlatform::Opened existing hwdb mb_usb_hdmi_top_0
TRACE::2024-10-17.11:24:27::SCWPlatform::Found the Hw Db part of the input DSA
TRACE::2024-10-17.11:24:27::SCWMssOS::Checking the sw design at  C:/Users/jkali/ece385/lab6/lab62/lab62_sdk/mb_usb_hdmi_top/microblaze_0/standalone_microblaze_0/bsp/system.mss
TRACE::2024-10-17.11:24:27::SCWMssOS::DEBUG:  swdes dump  C:/Users/jkali/ece385/lab6/lab62/lab62_sdk/mb_usb_hdmi_top/microblaze_0/standalone_microblaze_0/bsp/system.mss|system||

TRACE::2024-10-17.11:24:27::SCWMssOS::Sw design exists and opened at  C:/Users/jkali/ece385/lab6/lab62/lab62_sdk/mb_usb_hdmi_top/microblaze_0/standalone_microblaze_0/bsp/system.mss
TRACE::2024-10-17.11:24:27::SCWPlatform::Trying to open the hw design at C:/Users/jkali/ece385/lab6/lab62/lab62_sdk/mb_usb_hdmi_top/hw/mb_usb_hdmi_top.xsa
TRACE::2024-10-17.11:24:27::SCWPlatform::DSA given C:/Users/jkali/ece385/lab6/lab62/lab62_sdk/mb_usb_hdmi_top/hw/mb_usb_hdmi_top.xsa
TRACE::2024-10-17.11:24:27::SCWPlatform::DSA absoulate path C:/Users/jkali/ece385/lab6/lab62/lab62_sdk/mb_usb_hdmi_top/hw/mb_usb_hdmi_top.xsa
TRACE::2024-10-17.11:24:27::SCWPlatform::DSA directory C:/Users/jkali/ece385/lab6/lab62/lab62_sdk/mb_usb_hdmi_top/hw
TRACE::2024-10-17.11:24:27::SCWPlatform:: Platform Path C:/Users/jkali/ece385/lab6/lab62/lab62_sdk/mb_usb_hdmi_top/hw/mb_usb_hdmi_top.xsa
TRACE::2024-10-17.11:24:27::SCWPlatform:: Unique name xilinx:::0.0
TRACE::2024-10-17.11:24:27::SCWPlatform::Trying to set the existing hwdb with name mb_usb_hdmi_top_0
TRACE::2024-10-17.11:24:27::SCWPlatform::Opened existing hwdb mb_usb_hdmi_top_0
TRACE::2024-10-17.11:24:27::SCWPlatform::Found the Hw Db part of the input DSA
TRACE::2024-10-17.11:24:27::SCWMssOS::Checking the sw design at  C:/Users/jkali/ece385/lab6/lab62/lab62_sdk/mb_usb_hdmi_top/microblaze_0/standalone_microblaze_0/bsp/system.mss
TRACE::2024-10-17.11:24:27::SCWMssOS::DEBUG:  swdes dump  C:/Users/jkali/ece385/lab6/lab62/lab62_sdk/mb_usb_hdmi_top/microblaze_0/standalone_microblaze_0/bsp/system.mss|system||

TRACE::2024-10-17.11:24:27::SCWMssOS::Sw design exists and opened at  C:/Users/jkali/ece385/lab6/lab62/lab62_sdk/mb_usb_hdmi_top/microblaze_0/standalone_microblaze_0/bsp/system.mss
TRACE::2024-10-17.11:24:27::SCWPlatform::Trying to open the hw design at C:/Users/jkali/ece385/lab6/lab62/lab62_sdk/mb_usb_hdmi_top/hw/mb_usb_hdmi_top.xsa
TRACE::2024-10-17.11:24:27::SCWPlatform::DSA given C:/Users/jkali/ece385/lab6/lab62/lab62_sdk/mb_usb_hdmi_top/hw/mb_usb_hdmi_top.xsa
TRACE::2024-10-17.11:24:27::SCWPlatform::DSA absoulate path C:/Users/jkali/ece385/lab6/lab62/lab62_sdk/mb_usb_hdmi_top/hw/mb_usb_hdmi_top.xsa
TRACE::2024-10-17.11:24:27::SCWPlatform::DSA directory C:/Users/jkali/ece385/lab6/lab62/lab62_sdk/mb_usb_hdmi_top/hw
TRACE::2024-10-17.11:24:27::SCWPlatform:: Platform Path C:/Users/jkali/ece385/lab6/lab62/lab62_sdk/mb_usb_hdmi_top/hw/mb_usb_hdmi_top.xsa
TRACE::2024-10-17.11:24:27::SCWPlatform:: Unique name xilinx:::0.0
TRACE::2024-10-17.11:24:27::SCWPlatform::Trying to set the existing hwdb with name mb_usb_hdmi_top_0
TRACE::2024-10-17.11:24:27::SCWPlatform::Opened existing hwdb mb_usb_hdmi_top_0
TRACE::2024-10-17.11:24:27::SCWPlatform::Found the Hw Db part of the input DSA
TRACE::2024-10-17.11:24:27::SCWMssOS::Checking the sw design at  C:/Users/jkali/ece385/lab6/lab62/lab62_sdk/mb_usb_hdmi_top/microblaze_0/standalone_microblaze_0/bsp/system.mss
TRACE::2024-10-17.11:24:27::SCWMssOS::DEBUG:  swdes dump  C:/Users/jkali/ece385/lab6/lab62/lab62_sdk/mb_usb_hdmi_top/microblaze_0/standalone_microblaze_0/bsp/system.mss|system||

TRACE::2024-10-17.11:24:27::SCWMssOS::Sw design exists and opened at  C:/Users/jkali/ece385/lab6/lab62/lab62_sdk/mb_usb_hdmi_top/microblaze_0/standalone_microblaze_0/bsp/system.mss
TRACE::2024-10-17.11:24:27::SCWWriter::formatted JSON is {
	"platformName":	"mb_usb_hdmi_top",
	"sprVersion":	"2.0",
	"mode":	"gui",
	"dsaType":	"Fixed",
	"platformDesc":	"mb_usb_hdmi_top",
	"platHandOff":	"C:/Users/jkali/ece385/lab6/lab62/mb_usb_hdmi_top.xsa",
	"platIntHandOff":	"<platformDir>/hw/mb_usb_hdmi_top.xsa",
	"deviceType":	"FPGA",
	"platIsPrebuiltAutogen":	"false",
	"platIsNoBootBsp":	"false",
	"hasFsblMakeHasChanges":	"false",
	"hasPmufwMakeHasChanges":	"false",
	"platPreBuiltFlag":	false,
	"platformSamplesDir":	"",
	"platActiveSys":	"mb_usb_hdmi_top",
	"systems":	[{
			"systemName":	"mb_usb_hdmi_top",
			"systemDesc":	"mb_usb_hdmi_top",
			"sysIsBootAutoGen":	"true",
			"systemDispName":	"mb_usb_hdmi_top",
			"sysActiveDom":	"standalone_microblaze_0",
			"sysDefaultDom":	"standalone_microblaze_0",
			"domains":	[{
					"domainName":	"standalone_microblaze_0",
					"domainDispName":	"standalone_microblaze_0",
					"domainDesc":	"standalone_microblaze_0",
					"processors":	"microblaze_0",
					"os":	"standalone",
					"sdxOs":	"standalone",
					"debugEnable":	"False",
					"domRuntimes":	["cpp"],
					"swRepo":	"",
					"mssOsVer":	"8.0",
					"mssFile":	"",
					"md5Digest":	"304529987e879521ca977c68d163f362",
					"compatibleApp":	"hello_world",
					"domType":	"mssDomain",
					"arch":	"32-bit",
					"appSettings":	{
						"appCompilerFlags":	"",
						"appLinkerFlags":	""
					},
					"addedLibs":	[],
					"libOptions":	{
						"libsContainingOptions":	[]
					},
					"prebuiltLibs":	{
						"prebuiltIncPath":	[],
						"prebuiltLibPath":	[]
					},
					"isolation":	{
					}
				}]
		}]
}
KEYINFO::2024-10-17.11:24:27::SCWPlatform::updated the xpfm file.
TRACE::2024-10-19.23:26:18::SCWPlatform::Trying to open the hw design at C:/Users/jkali/ece385/lab6/lab62/lab62_sdk/mb_usb_hdmi_top/hw/mb_usb_hdmi_top.xsa
TRACE::2024-10-19.23:26:18::SCWPlatform::DSA given C:/Users/jkali/ece385/lab6/lab62/lab62_sdk/mb_usb_hdmi_top/hw/mb_usb_hdmi_top.xsa
TRACE::2024-10-19.23:26:18::SCWPlatform::DSA absoulate path C:/Users/jkali/ece385/lab6/lab62/lab62_sdk/mb_usb_hdmi_top/hw/mb_usb_hdmi_top.xsa
TRACE::2024-10-19.23:26:19::SCWPlatform::DSA directory C:/Users/jkali/ece385/lab6/lab62/lab62_sdk/mb_usb_hdmi_top/hw
TRACE::2024-10-19.23:26:19::SCWPlatform:: Platform Path C:/Users/jkali/ece385/lab6/lab62/lab62_sdk/mb_usb_hdmi_top/hw/mb_usb_hdmi_top.xsa
TRACE::2024-10-19.23:26:19::SCWPlatform:: Unique name xilinx:::0.0
TRACE::2024-10-19.23:26:19::SCWPlatform::Do not have an existing db opened. 
TRACE::2024-10-19.23:26:19::SCWPlatform::Opened new HwDB with name mb_usb_hdmi_top
TRACE::2024-10-19.23:26:19::SCWReader::Active system found as  mb_usb_hdmi_top
TRACE::2024-10-19.23:26:19::SCWReader::Handling sysconfig mb_usb_hdmi_top
TRACE::2024-10-19.23:26:19::SCWDomain::checking for install qemu data   : 
TRACE::2024-10-19.23:26:19::SCWPlatform::Trying to open the hw design at C:/Users/jkali/ece385/lab6/lab62/lab62_sdk/mb_usb_hdmi_top/hw/mb_usb_hdmi_top.xsa
TRACE::2024-10-19.23:26:19::SCWPlatform::DSA given C:/Users/jkali/ece385/lab6/lab62/lab62_sdk/mb_usb_hdmi_top/hw/mb_usb_hdmi_top.xsa
TRACE::2024-10-19.23:26:19::SCWPlatform::DSA absoulate path C:/Users/jkali/ece385/lab6/lab62/lab62_sdk/mb_usb_hdmi_top/hw/mb_usb_hdmi_top.xsa
TRACE::2024-10-19.23:26:19::SCWPlatform::DSA directory C:/Users/jkali/ece385/lab6/lab62/lab62_sdk/mb_usb_hdmi_top/hw
TRACE::2024-10-19.23:26:19::SCWPlatform:: Platform Path C:/Users/jkali/ece385/lab6/lab62/lab62_sdk/mb_usb_hdmi_top/hw/mb_usb_hdmi_top.xsa
TRACE::2024-10-19.23:26:19::SCWPlatform:: Unique name xilinx:::0.0
TRACE::2024-10-19.23:26:19::SCWPlatform::Trying to set the existing hwdb with name mb_usb_hdmi_top
TRACE::2024-10-19.23:26:19::SCWPlatform::Opened existing hwdb mb_usb_hdmi_top
TRACE::2024-10-19.23:26:19::SCWPlatform::Found the Hw Db part of the input DSA
TRACE::2024-10-19.23:26:19::SCWPlatform::Trying to open the hw design at C:/Users/jkali/ece385/lab6/lab62/lab62_sdk/mb_usb_hdmi_top/hw/mb_usb_hdmi_top.xsa
TRACE::2024-10-19.23:26:19::SCWPlatform::DSA given C:/Users/jkali/ece385/lab6/lab62/lab62_sdk/mb_usb_hdmi_top/hw/mb_usb_hdmi_top.xsa
TRACE::2024-10-19.23:26:19::SCWPlatform::DSA absoulate path C:/Users/jkali/ece385/lab6/lab62/lab62_sdk/mb_usb_hdmi_top/hw/mb_usb_hdmi_top.xsa
TRACE::2024-10-19.23:26:19::SCWPlatform::DSA directory C:/Users/jkali/ece385/lab6/lab62/lab62_sdk/mb_usb_hdmi_top/hw
TRACE::2024-10-19.23:26:19::SCWPlatform:: Platform Path C:/Users/jkali/ece385/lab6/lab62/lab62_sdk/mb_usb_hdmi_top/hw/mb_usb_hdmi_top.xsa
TRACE::2024-10-19.23:26:19::SCWPlatform:: Unique name xilinx:::0.0
TRACE::2024-10-19.23:26:19::SCWPlatform::Trying to set the existing hwdb with name mb_usb_hdmi_top
TRACE::2024-10-19.23:26:19::SCWPlatform::Opened existing hwdb mb_usb_hdmi_top
TRACE::2024-10-19.23:26:19::SCWPlatform::Found the Hw Db part of the input DSA
TRACE::2024-10-19.23:26:19::SCWPlatform::Trying to open the hw design at C:/Users/jkali/ece385/lab6/lab62/lab62_sdk/mb_usb_hdmi_top/hw/mb_usb_hdmi_top.xsa
TRACE::2024-10-19.23:26:19::SCWPlatform::DSA given C:/Users/jkali/ece385/lab6/lab62/lab62_sdk/mb_usb_hdmi_top/hw/mb_usb_hdmi_top.xsa
TRACE::2024-10-19.23:26:19::SCWPlatform::DSA absoulate path C:/Users/jkali/ece385/lab6/lab62/lab62_sdk/mb_usb_hdmi_top/hw/mb_usb_hdmi_top.xsa
TRACE::2024-10-19.23:26:19::SCWPlatform::DSA directory C:/Users/jkali/ece385/lab6/lab62/lab62_sdk/mb_usb_hdmi_top/hw
TRACE::2024-10-19.23:26:19::SCWPlatform:: Platform Path C:/Users/jkali/ece385/lab6/lab62/lab62_sdk/mb_usb_hdmi_top/hw/mb_usb_hdmi_top.xsa
TRACE::2024-10-19.23:26:19::SCWPlatform:: Unique name xilinx:::0.0
TRACE::2024-10-19.23:26:19::SCWPlatform::Trying to set the existing hwdb with name mb_usb_hdmi_top
TRACE::2024-10-19.23:26:19::SCWPlatform::Opened existing hwdb mb_usb_hdmi_top
TRACE::2024-10-19.23:26:19::SCWPlatform::Found the Hw Db part of the input DSA
TRACE::2024-10-19.23:26:19::SCWPlatform::Trying to open the hw design at C:/Users/jkali/ece385/lab6/lab62/lab62_sdk/mb_usb_hdmi_top/hw/mb_usb_hdmi_top.xsa
TRACE::2024-10-19.23:26:19::SCWPlatform::DSA given C:/Users/jkali/ece385/lab6/lab62/lab62_sdk/mb_usb_hdmi_top/hw/mb_usb_hdmi_top.xsa
TRACE::2024-10-19.23:26:19::SCWPlatform::DSA absoulate path C:/Users/jkali/ece385/lab6/lab62/lab62_sdk/mb_usb_hdmi_top/hw/mb_usb_hdmi_top.xsa
TRACE::2024-10-19.23:26:19::SCWPlatform::DSA directory C:/Users/jkali/ece385/lab6/lab62/lab62_sdk/mb_usb_hdmi_top/hw
TRACE::2024-10-19.23:26:19::SCWPlatform:: Platform Path C:/Users/jkali/ece385/lab6/lab62/lab62_sdk/mb_usb_hdmi_top/hw/mb_usb_hdmi_top.xsa
TRACE::2024-10-19.23:26:19::SCWPlatform:: Unique name xilinx:::0.0
TRACE::2024-10-19.23:26:19::SCWPlatform::Trying to set the existing hwdb with name mb_usb_hdmi_top
TRACE::2024-10-19.23:26:19::SCWPlatform::Opened existing hwdb mb_usb_hdmi_top
TRACE::2024-10-19.23:26:19::SCWPlatform::Found the Hw Db part of the input DSA
TRACE::2024-10-19.23:26:19::SCWMssOS::Checking the sw design at  C:/Users/jkali/ece385/lab6/lab62/lab62_sdk/mb_usb_hdmi_top/microblaze_0/standalone_microblaze_0/bsp/system.mss
TRACE::2024-10-19.23:26:19::SCWMssOS::DEBUG:  swdes dump  
TRACE::2024-10-19.23:26:19::SCWMssOS::No sw design opened at  C:/Users/jkali/ece385/lab6/lab62/lab62_sdk/mb_usb_hdmi_top/microblaze_0/standalone_microblaze_0/bsp/system.mss
TRACE::2024-10-19.23:26:19::SCWMssOS::mss exists loading the mss file  C:/Users/jkali/ece385/lab6/lab62/lab62_sdk/mb_usb_hdmi_top/microblaze_0/standalone_microblaze_0/bsp/system.mss
TRACE::2024-10-19.23:26:19::SCWMssOS::Opened the sw design from mss  C:/Users/jkali/ece385/lab6/lab62/lab62_sdk/mb_usb_hdmi_top/microblaze_0/standalone_microblaze_0/bsp/system.mss
TRACE::2024-10-19.23:26:19::SCWMssOS::Adding the swdes entry C:/Users/jkali/ece385/lab6/lab62/lab62_sdk/mb_usb_hdmi_top/microblaze_0/standalone_microblaze_0/bsp/system.mss with des name system
TRACE::2024-10-19.23:26:19::SCWMssOS::updating the scw layer about changes
TRACE::2024-10-19.23:26:19::SCWMssOS::Opened the sw design.  C:/Users/jkali/ece385/lab6/lab62/lab62_sdk/mb_usb_hdmi_top/microblaze_0/standalone_microblaze_0/bsp/system.mss
TRACE::2024-10-19.23:26:19::SCWMssOS::Saving the mss changes C:/Users/jkali/ece385/lab6/lab62/lab62_sdk/mb_usb_hdmi_top/microblaze_0/standalone_microblaze_0/bsp/system.mss
TRACE::2024-10-19.23:26:19::SCWMssOS::Found a swdesign opened with the mssfile.
TRACE::2024-10-19.23:26:19::SCWMssOS::Completed writemss as part of save.
TRACE::2024-10-19.23:26:19::SCWMssOS::Commit changes completed.
TRACE::2024-10-19.23:26:19::SCWReader::Adding prebuilt librarypaths as   
TRACE::2024-10-19.23:26:19::SCWReader::Adding prebuilt incpaths  as   
TRACE::2024-10-19.23:26:19::SCWPlatform::Trying to open the hw design at C:/Users/jkali/ece385/lab6/lab62/lab62_sdk/mb_usb_hdmi_top/hw/mb_usb_hdmi_top.xsa
TRACE::2024-10-19.23:26:19::SCWPlatform::DSA given C:/Users/jkali/ece385/lab6/lab62/lab62_sdk/mb_usb_hdmi_top/hw/mb_usb_hdmi_top.xsa
TRACE::2024-10-19.23:26:19::SCWPlatform::DSA absoulate path C:/Users/jkali/ece385/lab6/lab62/lab62_sdk/mb_usb_hdmi_top/hw/mb_usb_hdmi_top.xsa
TRACE::2024-10-19.23:26:19::SCWPlatform::DSA directory C:/Users/jkali/ece385/lab6/lab62/lab62_sdk/mb_usb_hdmi_top/hw
TRACE::2024-10-19.23:26:19::SCWPlatform:: Platform Path C:/Users/jkali/ece385/lab6/lab62/lab62_sdk/mb_usb_hdmi_top/hw/mb_usb_hdmi_top.xsa
TRACE::2024-10-19.23:26:19::SCWPlatform:: Unique name xilinx:::0.0
TRACE::2024-10-19.23:26:19::SCWPlatform::Trying to set the existing hwdb with name mb_usb_hdmi_top
TRACE::2024-10-19.23:26:19::SCWPlatform::Opened existing hwdb mb_usb_hdmi_top
TRACE::2024-10-19.23:26:19::SCWPlatform::Found the Hw Db part of the input DSA
TRACE::2024-10-19.23:26:19::SCWMssOS::Checking the sw design at  C:/Users/jkali/ece385/lab6/lab62/lab62_sdk/mb_usb_hdmi_top/microblaze_0/standalone_microblaze_0/bsp/system.mss
TRACE::2024-10-19.23:26:19::SCWMssOS::DEBUG:  swdes dump  C:/Users/jkali/ece385/lab6/lab62/lab62_sdk/mb_usb_hdmi_top/microblaze_0/standalone_microblaze_0/bsp/system.mss|system||

TRACE::2024-10-19.23:26:19::SCWMssOS::Sw design exists and opened at  C:/Users/jkali/ece385/lab6/lab62/lab62_sdk/mb_usb_hdmi_top/microblaze_0/standalone_microblaze_0/bsp/system.mss
TRACE::2024-10-19.23:26:19::SCWReader::No isolation master present  
TRACE::2024-10-19.23:26:25::SCWPlatform::DSA given C:/Users/jkali/ece385/lab6/lab62/lab62_sdk/mb_usb_hdmi_top/tempdsa/mb_usb_hdmi_top.xsa
TRACE::2024-10-19.23:26:25::SCWPlatform::DSA absoulate path C:/Users/jkali/ece385/lab6/lab62/lab62_sdk/mb_usb_hdmi_top/tempdsa/mb_usb_hdmi_top.xsa
TRACE::2024-10-19.23:26:25::SCWPlatform:: Platform location is C:/Users/jkali/ece385/lab6/lab62/lab62_sdk/mb_usb_hdmi_top/tempdsa
TRACE::2024-10-19.23:26:25::SCWPlatform:: Platform Path C:/Users/jkali/ece385/lab6/lab62/lab62_sdk/mb_usb_hdmi_top/tempdsa/mb_usb_hdmi_top.xsa
TRACE::2024-10-19.23:26:25::SCWPlatform:: Unique name xilinx:::0.0
TRACE::2024-10-19.23:26:26::SCWPlatform::Found the Hw Db part of the input DSA
TRACE::2024-10-19.23:26:26::SCWMssOS::Doing hw sync for the mss in domain: standalone_microblaze_0
TRACE::2024-10-19.23:26:26::SCWPlatform::Trying to open the hw design at C:/Users/jkali/ece385/lab6/lab62/lab62_sdk/mb_usb_hdmi_top/hw/mb_usb_hdmi_top.xsa
TRACE::2024-10-19.23:26:26::SCWPlatform::DSA given C:/Users/jkali/ece385/lab6/lab62/lab62_sdk/mb_usb_hdmi_top/hw/mb_usb_hdmi_top.xsa
TRACE::2024-10-19.23:26:26::SCWPlatform::DSA absoulate path C:/Users/jkali/ece385/lab6/lab62/lab62_sdk/mb_usb_hdmi_top/hw/mb_usb_hdmi_top.xsa
TRACE::2024-10-19.23:26:26::SCWPlatform::DSA directory C:/Users/jkali/ece385/lab6/lab62/lab62_sdk/mb_usb_hdmi_top/hw
TRACE::2024-10-19.23:26:26::SCWPlatform:: Platform Path C:/Users/jkali/ece385/lab6/lab62/lab62_sdk/mb_usb_hdmi_top/hw/mb_usb_hdmi_top.xsa
TRACE::2024-10-19.23:26:26::SCWPlatform:: Unique name xilinx:::0.0
TRACE::2024-10-19.23:26:26::SCWPlatform::Trying to set the existing hwdb with name mb_usb_hdmi_top
TRACE::2024-10-19.23:26:26::SCWPlatform::Opened existing hwdb mb_usb_hdmi_top
TRACE::2024-10-19.23:26:26::SCWPlatform::Found the Hw Db part of the input DSA
TRACE::2024-10-19.23:26:26::SCWPlatform::Trying to open the hw design at C:/Users/jkali/ece385/lab6/lab62/lab62_sdk/mb_usb_hdmi_top/hw/mb_usb_hdmi_top.xsa
TRACE::2024-10-19.23:26:26::SCWPlatform::DSA given C:/Users/jkali/ece385/lab6/lab62/lab62_sdk/mb_usb_hdmi_top/hw/mb_usb_hdmi_top.xsa
TRACE::2024-10-19.23:26:26::SCWPlatform::DSA absoulate path C:/Users/jkali/ece385/lab6/lab62/lab62_sdk/mb_usb_hdmi_top/hw/mb_usb_hdmi_top.xsa
TRACE::2024-10-19.23:26:26::SCWPlatform::DSA directory C:/Users/jkali/ece385/lab6/lab62/lab62_sdk/mb_usb_hdmi_top/hw
TRACE::2024-10-19.23:26:26::SCWPlatform:: Platform Path C:/Users/jkali/ece385/lab6/lab62/lab62_sdk/mb_usb_hdmi_top/hw/mb_usb_hdmi_top.xsa
TRACE::2024-10-19.23:26:26::SCWPlatform:: Unique name xilinx:::0.0
TRACE::2024-10-19.23:26:26::SCWPlatform::Trying to set the existing hwdb with name mb_usb_hdmi_top
TRACE::2024-10-19.23:26:26::SCWPlatform::Opened existing hwdb mb_usb_hdmi_top
TRACE::2024-10-19.23:26:26::SCWPlatform::Found the Hw Db part of the input DSA
TRACE::2024-10-19.23:26:26::SCWMssOS::Checking the sw design at  C:/Users/jkali/ece385/lab6/lab62/lab62_sdk/mb_usb_hdmi_top/microblaze_0/standalone_microblaze_0/bsp/system.mss
TRACE::2024-10-19.23:26:26::SCWMssOS::DEBUG:  swdes dump  C:/Users/jkali/ece385/lab6/lab62/lab62_sdk/mb_usb_hdmi_top/microblaze_0/standalone_microblaze_0/bsp/system.mss|system||

TRACE::2024-10-19.23:26:26::SCWMssOS::Sw design exists and opened at  C:/Users/jkali/ece385/lab6/lab62/lab62_sdk/mb_usb_hdmi_top/microblaze_0/standalone_microblaze_0/bsp/system.mss
TRACE::2024-10-19.23:26:26::SCWPlatform::Trying to open the hw design at C:/Users/jkali/ece385/lab6/lab62/lab62_sdk/mb_usb_hdmi_top/tempdsa/mb_usb_hdmi_top.xsa
TRACE::2024-10-19.23:26:26::SCWPlatform::DSA given C:/Users/jkali/ece385/lab6/lab62/lab62_sdk/mb_usb_hdmi_top/tempdsa/mb_usb_hdmi_top.xsa
TRACE::2024-10-19.23:26:26::SCWPlatform::DSA absoulate path C:/Users/jkali/ece385/lab6/lab62/lab62_sdk/mb_usb_hdmi_top/tempdsa/mb_usb_hdmi_top.xsa
TRACE::2024-10-19.23:26:26::SCWPlatform::DSA directory C:/Users/jkali/ece385/lab6/lab62/lab62_sdk/mb_usb_hdmi_top/tempdsa
TRACE::2024-10-19.23:26:26::SCWPlatform:: Platform Path C:/Users/jkali/ece385/lab6/lab62/lab62_sdk/mb_usb_hdmi_top/tempdsa/mb_usb_hdmi_top.xsa
TRACE::2024-10-19.23:26:26::SCWPlatform:: Unique name xilinx:::0.0
TRACE::2024-10-19.23:26:26::SCWPlatform::update - Opened existing hwdb mb_usb_hdmi_top_0
TRACE::2024-10-19.23:26:26::SCWPlatform::Found the Hw Db part of the input DSA
TRACE::2024-10-19.23:26:26::SCWMssOS::Saving the mss changes C:/Users/jkali/ece385/lab6/lab62/lab62_sdk/mb_usb_hdmi_top/microblaze_0/standalone_microblaze_0/bsp/system.mss
TRACE::2024-10-19.23:26:26::SCWMssOS::Found a swdesign opened with the mssfile.
TRACE::2024-10-19.23:26:26::SCWMssOS::Completed writemss as part of save.
TRACE::2024-10-19.23:26:26::SCWMssOS::Commit changes completed.
TRACE::2024-10-19.23:26:26::SCWMssOS::Completed hw sync for the mss in domain: standalone_microblaze_0
TRACE::2024-10-19.23:26:26::SCWMssOS::Removing the swdes entry for  C:/Users/jkali/ece385/lab6/lab62/lab62_sdk/mb_usb_hdmi_top/microblaze_0/standalone_microblaze_0/bsp/system.mss
TRACE::2024-10-19.23:26:26::SCWPlatform::Trying to open the hw design at C:/Users/jkali/ece385/lab6/lab62/lab62_sdk/mb_usb_hdmi_top/hw/mb_usb_hdmi_top.xsa
TRACE::2024-10-19.23:26:26::SCWPlatform::DSA given C:/Users/jkali/ece385/lab6/lab62/lab62_sdk/mb_usb_hdmi_top/hw/mb_usb_hdmi_top.xsa
TRACE::2024-10-19.23:26:26::SCWPlatform::DSA absoulate path C:/Users/jkali/ece385/lab6/lab62/lab62_sdk/mb_usb_hdmi_top/hw/mb_usb_hdmi_top.xsa
TRACE::2024-10-19.23:26:26::SCWPlatform::DSA directory C:/Users/jkali/ece385/lab6/lab62/lab62_sdk/mb_usb_hdmi_top/hw
TRACE::2024-10-19.23:26:26::SCWPlatform:: Platform Path C:/Users/jkali/ece385/lab6/lab62/lab62_sdk/mb_usb_hdmi_top/hw/mb_usb_hdmi_top.xsa
TRACE::2024-10-19.23:26:26::SCWPlatform:: Unique name xilinx:::0.0
TRACE::2024-10-19.23:26:26::SCWPlatform::Do not have an existing db opened. 
TRACE::2024-10-19.23:26:26::SCWPlatform::Opened new HwDB with name mb_usb_hdmi_top_1
TRACE::2024-10-19.23:26:26::SCWMssOS::Saving the mss changes C:/Users/jkali/ece385/lab6/lab62/lab62_sdk/mb_usb_hdmi_top/microblaze_0/standalone_microblaze_0/bsp/system.mss
TRACE::2024-10-19.23:26:26::SCWMssOS::Adding the swdes entry, mss present, able to open swdb C:/Users/jkali/ece385/lab6/lab62/lab62_sdk/mb_usb_hdmi_top/microblaze_0/standalone_microblaze_0/bsp/system.mss with des name system
TRACE::2024-10-19.23:26:26::SCWMssOS::Writing the mss file completed C:/Users/jkali/ece385/lab6/lab62/lab62_sdk/mb_usb_hdmi_top/microblaze_0/standalone_microblaze_0/bsp/system.mss
TRACE::2024-10-19.23:26:26::SCWMssOS::Commit changes completed.
TRACE::2024-10-19.23:26:26::SCWPlatform::Trying to open the hw design at C:/Users/jkali/ece385/lab6/lab62/lab62_sdk/mb_usb_hdmi_top/hw/mb_usb_hdmi_top.xsa
TRACE::2024-10-19.23:26:26::SCWPlatform::DSA given C:/Users/jkali/ece385/lab6/lab62/lab62_sdk/mb_usb_hdmi_top/hw/mb_usb_hdmi_top.xsa
TRACE::2024-10-19.23:26:26::SCWPlatform::DSA absoulate path C:/Users/jkali/ece385/lab6/lab62/lab62_sdk/mb_usb_hdmi_top/hw/mb_usb_hdmi_top.xsa
TRACE::2024-10-19.23:26:26::SCWPlatform::DSA directory C:/Users/jkali/ece385/lab6/lab62/lab62_sdk/mb_usb_hdmi_top/hw
TRACE::2024-10-19.23:26:26::SCWPlatform:: Platform Path C:/Users/jkali/ece385/lab6/lab62/lab62_sdk/mb_usb_hdmi_top/hw/mb_usb_hdmi_top.xsa
TRACE::2024-10-19.23:26:26::SCWPlatform:: Unique name xilinx:::0.0
TRACE::2024-10-19.23:26:26::SCWPlatform::Trying to set the existing hwdb with name mb_usb_hdmi_top_1
TRACE::2024-10-19.23:26:26::SCWPlatform::Opened existing hwdb mb_usb_hdmi_top_1
TRACE::2024-10-19.23:26:26::SCWPlatform::Found the Hw Db part of the input DSA
TRACE::2024-10-19.23:26:26::SCWMssOS::Checking the sw design at  C:/Users/jkali/ece385/lab6/lab62/lab62_sdk/mb_usb_hdmi_top/microblaze_0/standalone_microblaze_0/bsp/system.mss
TRACE::2024-10-19.23:26:26::SCWMssOS::DEBUG:  swdes dump  C:/Users/jkali/ece385/lab6/lab62/lab62_sdk/mb_usb_hdmi_top/microblaze_0/standalone_microblaze_0/bsp/system.mss|system||

TRACE::2024-10-19.23:26:26::SCWMssOS::Sw design exists and opened at  C:/Users/jkali/ece385/lab6/lab62/lab62_sdk/mb_usb_hdmi_top/microblaze_0/standalone_microblaze_0/bsp/system.mss
TRACE::2024-10-19.23:26:26::SCWWriter::formatted JSON is {
	"platformName":	"mb_usb_hdmi_top",
	"sprVersion":	"2.0",
	"mode":	"gui",
	"dsaType":	"Fixed",
	"platformDesc":	"mb_usb_hdmi_top",
	"platHandOff":	"C:/Users/jkali/ece385/lab6/lab62/mb_usb_hdmi_top.xsa",
	"platIntHandOff":	"<platformDir>/hw/mb_usb_hdmi_top.xsa",
	"deviceType":	"FPGA",
	"platIsPrebuiltAutogen":	"false",
	"platIsNoBootBsp":	"false",
	"hasFsblMakeHasChanges":	"false",
	"hasPmufwMakeHasChanges":	"false",
	"platPreBuiltFlag":	false,
	"platformSamplesDir":	"",
	"platActiveSys":	"mb_usb_hdmi_top",
	"systems":	[{
			"systemName":	"mb_usb_hdmi_top",
			"systemDesc":	"mb_usb_hdmi_top",
			"sysIsBootAutoGen":	"true",
			"systemDispName":	"mb_usb_hdmi_top",
			"sysActiveDom":	"standalone_microblaze_0",
			"sysDefaultDom":	"standalone_microblaze_0",
			"domains":	[{
					"domainName":	"standalone_microblaze_0",
					"domainDispName":	"standalone_microblaze_0",
					"domainDesc":	"standalone_microblaze_0",
					"processors":	"microblaze_0",
					"os":	"standalone",
					"sdxOs":	"standalone",
					"debugEnable":	"False",
					"domRuntimes":	["cpp"],
					"swRepo":	"",
					"mssOsVer":	"8.0",
					"mssFile":	"",
					"md5Digest":	"304529987e879521ca977c68d163f3621",
					"compatibleApp":	"",
					"domType":	"mssDomain",
					"arch":	"32-bit",
					"appSettings":	{
						"appCompilerFlags":	"",
						"appLinkerFlags":	""
					},
					"addedLibs":	[],
					"libOptions":	{
						"libsContainingOptions":	[]
					},
					"prebuiltLibs":	{
						"prebuiltIncPath":	[],
						"prebuiltLibPath":	[]
					},
					"isolation":	{
					}
				}]
		}]
}
LOG::2024-10-20.00:49:53::SCWPlatform::Started generating the artifacts platform mb_usb_hdmi_top
TRACE::2024-10-20.00:49:53::SCWPlatform::Sanity checking of platform is completed
LOG::2024-10-20.00:49:53::SCWPlatform::Started generating the artifacts for system configuration mb_usb_hdmi_top
LOG::2024-10-20.00:49:53::SCWSystem::Checking the domain standalone_microblaze_0
LOG::2024-10-20.00:49:53::SCWSystem::Not a boot domain 
LOG::2024-10-20.00:49:53::SCWSystem::Started Processing the domain standalone_microblaze_0
TRACE::2024-10-20.00:49:53::SCWDomain::Generating domain artifcats
TRACE::2024-10-20.00:49:53::SCWMssOS::Generating standalone artifcats
TRACE::2024-10-20.00:49:53::SCWMssOS:: Copying the user libraries. 
TRACE::2024-10-20.00:49:53::SCWPlatform::Trying to open the hw design at C:/Users/jkali/ece385/lab6/lab62/lab62_sdk/mb_usb_hdmi_top/hw/mb_usb_hdmi_top.xsa
TRACE::2024-10-20.00:49:53::SCWPlatform::DSA given C:/Users/jkali/ece385/lab6/lab62/lab62_sdk/mb_usb_hdmi_top/hw/mb_usb_hdmi_top.xsa
TRACE::2024-10-20.00:49:53::SCWPlatform::DSA absoulate path C:/Users/jkali/ece385/lab6/lab62/lab62_sdk/mb_usb_hdmi_top/hw/mb_usb_hdmi_top.xsa
TRACE::2024-10-20.00:49:53::SCWPlatform::DSA directory C:/Users/jkali/ece385/lab6/lab62/lab62_sdk/mb_usb_hdmi_top/hw
TRACE::2024-10-20.00:49:53::SCWPlatform:: Platform Path C:/Users/jkali/ece385/lab6/lab62/lab62_sdk/mb_usb_hdmi_top/hw/mb_usb_hdmi_top.xsa
TRACE::2024-10-20.00:49:53::SCWPlatform:: Unique name xilinx:::0.0
TRACE::2024-10-20.00:49:53::SCWPlatform::Trying to set the existing hwdb with name mb_usb_hdmi_top_1
TRACE::2024-10-20.00:49:53::SCWPlatform::Opened existing hwdb mb_usb_hdmi_top_1
TRACE::2024-10-20.00:49:53::SCWPlatform::Found the Hw Db part of the input DSA
TRACE::2024-10-20.00:49:53::SCWMssOS::Checking the sw design at  C:/Users/jkali/ece385/lab6/lab62/lab62_sdk/mb_usb_hdmi_top/microblaze_0/standalone_microblaze_0/bsp/system.mss
TRACE::2024-10-20.00:49:53::SCWMssOS::DEBUG:  swdes dump  C:/Users/jkali/ece385/lab6/lab62/lab62_sdk/mb_usb_hdmi_top/microblaze_0/standalone_microblaze_0/bsp/system.mss|system||

TRACE::2024-10-20.00:49:53::SCWMssOS::Sw design exists and opened at  C:/Users/jkali/ece385/lab6/lab62/lab62_sdk/mb_usb_hdmi_top/microblaze_0/standalone_microblaze_0/bsp/system.mss
TRACE::2024-10-20.00:49:53::SCWMssOS::Completed writing the mss file at C:/Users/jkali/ece385/lab6/lab62/lab62_sdk/mb_usb_hdmi_top/microblaze_0/standalone_microblaze_0/bsp
TRACE::2024-10-20.00:49:53::SCWMssOS::Mss edits present, copying mssfile into export location C:/Users/jkali/ece385/lab6/lab62/lab62_sdk/mb_usb_hdmi_top/microblaze_0/standalone_microblaze_0/bsp/system.mss
TRACE::2024-10-20.00:49:53::SCWMssOS::bsp generated is stale removing and regenerating. 
TRACE::2024-10-20.00:49:55::SCWMssOS::doing bsp build ... 
TRACE::2024-10-20.00:49:55::SCWMssOS::System Command Ran  C: & cd  C:/Users/jkali/ece385/lab6/lab62/lab62_sdk/mb_usb_hdmi_top/microblaze_0/standalone_microblaze_0/bsp & make 
TRACE::2024-10-20.00:49:56::SCWMssOS::make --no-print-directory seq_libs

TRACE::2024-10-20.00:49:56::SCWMssOS::'Finished building libraries sequentially.'

TRACE::2024-10-20.00:49:56::SCWMssOS::make -j 18 --no-print-directory par_libs

TRACE::2024-10-20.00:49:56::SCWMssOS::"Running Make include in microblaze_0/libsrc/bram_v4_8/src"

TRACE::2024-10-20.00:49:56::SCWMssOS::make -C microblaze_0/libsrc/bram_v4_8/src -s include  "SHELL=CMD" "COMPILER=mb-gcc" "ASSEMBLER=mb-as" "ARCHIVER=mb-ar" "COMPILE
TRACE::2024-10-20.00:49:56::SCWMssOS::R_FLAGS=  -O2 -c -mcpu=v11.0 -mlittle-endian -mno-xl-reorder -mno-xl-soft-mul -mxl-barrel-shift -mxl-pattern-compare" "EXTRA_CO
TRACE::2024-10-20.00:49:56::SCWMssOS::MPILER_FLAGS=-g -ffunction-sections -fdata-sections -Wall -Wextra -fno-tree-loop-distribute-patterns"

TRACE::2024-10-20.00:49:56::SCWMssOS::"Running Make include in microblaze_0/libsrc/cpu_v2_16/src"

TRACE::2024-10-20.00:49:56::SCWMssOS::make -C microblaze_0/libsrc/cpu_v2_16/src -s include  "SHELL=CMD" "COMPILER=mb-gcc" "ASSEMBLER=mb-as" "ARCHIVER=mb-ar" "COMPILE
TRACE::2024-10-20.00:49:56::SCWMssOS::R_FLAGS=  -O2 -c -mcpu=v11.0 -mlittle-endian -mno-xl-reorder -mno-xl-soft-mul -mxl-barrel-shift -mxl-pattern-compare" "EXTRA_CO
TRACE::2024-10-20.00:49:56::SCWMssOS::MPILER_FLAGS=-g -ffunction-sections -fdata-sections -Wall -Wextra -fno-tree-loop-distribute-patterns"

TRACE::2024-10-20.00:49:56::SCWMssOS::"Running Make include in microblaze_0/libsrc/gpio_v4_9/src"

TRACE::2024-10-20.00:49:56::SCWMssOS::make -C microblaze_0/libsrc/gpio_v4_9/src -s include  "SHELL=CMD" "COMPILER=mb-gcc" "ASSEMBLER=mb-as" "ARCHIVER=mb-ar" "COMPILE
TRACE::2024-10-20.00:49:56::SCWMssOS::R_FLAGS=  -O2 -c -mcpu=v11.0 -mlittle-endian -mno-xl-reorder -mno-xl-soft-mul -mxl-barrel-shift -mxl-pattern-compare" "EXTRA_CO
TRACE::2024-10-20.00:49:56::SCWMssOS::MPILER_FLAGS=-g -ffunction-sections -fdata-sections -Wall -Wextra -fno-tree-loop-distribute-patterns"

TRACE::2024-10-20.00:49:56::SCWMssOS::"Running Make include in microblaze_0/libsrc/intc_v3_15/src"

TRACE::2024-10-20.00:49:56::SCWMssOS::make -C microblaze_0/libsrc/intc_v3_15/src -s include  "SHELL=CMD" "COMPILER=mb-gcc" "ASSEMBLER=mb-as" "ARCHIVER=mb-ar" "COMPIL
TRACE::2024-10-20.00:49:56::SCWMssOS::ER_FLAGS=  -O2 -c -mcpu=v11.0 -mlittle-endian -mno-xl-reorder -mno-xl-soft-mul -mxl-barrel-shift -mxl-pattern-compare" "EXTRA_C
TRACE::2024-10-20.00:49:56::SCWMssOS::OMPILER_FLAGS=-g -ffunction-sections -fdata-sections -Wall -Wextra -fno-tree-loop-distribute-patterns"

TRACE::2024-10-20.00:49:56::SCWMssOS::"Running Make include in microblaze_0/libsrc/spi_v4_9/src"

TRACE::2024-10-20.00:49:56::SCWMssOS::make -C microblaze_0/libsrc/spi_v4_9/src -s include  "SHELL=CMD" "COMPILER=mb-gcc" "ASSEMBLER=mb-as" "ARCHIVER=mb-ar" "COMPILER
TRACE::2024-10-20.00:49:56::SCWMssOS::_FLAGS=  -O2 -c -mcpu=v11.0 -mlittle-endian -mno-xl-reorder -mno-xl-soft-mul -mxl-barrel-shift -mxl-pattern-compare" "EXTRA_COM
TRACE::2024-10-20.00:49:56::SCWMssOS::PILER_FLAGS=-g -ffunction-sections -fdata-sections -Wall -Wextra -fno-tree-loop-distribute-patterns"

TRACE::2024-10-20.00:49:56::SCWMssOS::"Running Make include in microblaze_0/libsrc/standalone_v8_0/src"

TRACE::2024-10-20.00:49:56::SCWMssOS::make -C microblaze_0/libsrc/standalone_v8_0/src -s include  "SHELL=CMD" "COMPILER=mb-gcc" "ASSEMBLER=mb-as" "ARCHIVER=mb-ar" "C
TRACE::2024-10-20.00:49:56::SCWMssOS::OMPILER_FLAGS=  -O2 -c -mcpu=v11.0 -mlittle-endian -mno-xl-reorder -mno-xl-soft-mul -mxl-barrel-shift -mxl-pattern-compare" "EX
TRACE::2024-10-20.00:49:56::SCWMssOS::TRA_COMPILER_FLAGS=-g -ffunction-sections -fdata-sections -Wall -Wextra -fno-tree-loop-distribute-patterns"

TRACE::2024-10-20.00:49:56::SCWMssOS::"Running Make include in microblaze_0/libsrc/tmrctr_v4_9/src"

TRACE::2024-10-20.00:49:56::SCWMssOS::make -C microblaze_0/libsrc/tmrctr_v4_9/src -s include  "SHELL=CMD" "COMPILER=mb-gcc" "ASSEMBLER=mb-as" "ARCHIVER=mb-ar" "COMPI
TRACE::2024-10-20.00:49:56::SCWMssOS::LER_FLAGS=  -O2 -c -mcpu=v11.0 -mlittle-endian -mno-xl-reorder -mno-xl-soft-mul -mxl-barrel-shift -mxl-pattern-compare" "EXTRA_
TRACE::2024-10-20.00:49:56::SCWMssOS::COMPILER_FLAGS=-g -ffunction-sections -fdata-sections -Wall -Wextra -fno-tree-loop-distribute-patterns"

TRACE::2024-10-20.00:49:56::SCWMssOS::"Running Make include in microblaze_0/libsrc/uartlite_v3_7/src"

TRACE::2024-10-20.00:49:56::SCWMssOS::make -C microblaze_0/libsrc/uartlite_v3_7/src -s include  "SHELL=CMD" "COMPILER=mb-gcc" "ASSEMBLER=mb-as" "ARCHIVER=mb-ar" "COM
TRACE::2024-10-20.00:49:56::SCWMssOS::PILER_FLAGS=  -O2 -c -mcpu=v11.0 -mlittle-endian -mno-xl-reorder -mno-xl-soft-mul -mxl-barrel-shift -mxl-pattern-compare" "EXTR
TRACE::2024-10-20.00:49:56::SCWMssOS::A_COMPILER_FLAGS=-g -ffunction-sections -fdata-sections -Wall -Wextra -fno-tree-loop-distribute-patterns"

TRACE::2024-10-20.00:49:56::SCWMssOS::"Running Make libs in microblaze_0/libsrc/bram_v4_8/src"

TRACE::2024-10-20.00:49:56::SCWMssOS::make -C microblaze_0/libsrc/bram_v4_8/src -s libs  "SHELL=CMD" "COMPILER=mb-gcc" "ASSEMBLER=mb-as" "ARCHIVER=mb-ar" "COMPILER_F
TRACE::2024-10-20.00:49:56::SCWMssOS::LAGS=  -O2 -c -mcpu=v11.0 -mlittle-endian -mno-xl-reorder -mno-xl-soft-mul -mxl-barrel-shift -mxl-pattern-compare" "EXTRA_COMPI
TRACE::2024-10-20.00:49:56::SCWMssOS::LER_FLAGS=-g -ffunction-sections -fdata-sections -Wall -Wextra -fno-tree-loop-distribute-patterns"

TRACE::2024-10-20.00:49:56::SCWMssOS::"Running Make libs in microblaze_0/libsrc/cpu_v2_16/src"

TRACE::2024-10-20.00:49:56::SCWMssOS::make -C microblaze_0/libsrc/cpu_v2_16/src -s libs  "SHELL=CMD" "COMPILER=mb-gcc" "ASSEMBLER=mb-as" "ARCHIVER=mb-ar" "COMPILER_F
TRACE::2024-10-20.00:49:56::SCWMssOS::LAGS=  -O2 -c -mcpu=v11.0 -mlittle-endian -mno-xl-reorder -mno-xl-soft-mul -mxl-barrel-shift -mxl-pattern-compare" "EXTRA_COMPI
TRACE::2024-10-20.00:49:56::SCWMssOS::LER_FLAGS=-g -ffunction-sections -fdata-sections -Wall -Wextra -fno-tree-loop-distribute-patterns"

TRACE::2024-10-20.00:49:56::SCWMssOS::"Running Make libs in microblaze_0/libsrc/gpio_v4_9/src"

TRACE::2024-10-20.00:49:56::SCWMssOS::make -C microblaze_0/libsrc/gpio_v4_9/src -s libs  "SHELL=CMD" "COMPILER=mb-gcc" "ASSEMBLER=mb-as" "ARCHIVER=mb-ar" "COMPILER_F
TRACE::2024-10-20.00:49:56::SCWMssOS::LAGS=  -O2 -c -mcpu=v11.0 -mlittle-endian -mno-xl-reorder -mno-xl-soft-mul -mxl-barrel-shift -mxl-pattern-compare" "EXTRA_COMPI
TRACE::2024-10-20.00:49:56::SCWMssOS::LER_FLAGS=-g -ffunction-sections -fdata-sections -Wall -Wextra -fno-tree-loop-distribute-patterns"

TRACE::2024-10-20.00:49:56::SCWMssOS::"Running Make libs in microblaze_0/libsrc/intc_v3_15/src"

TRACE::2024-10-20.00:49:56::SCWMssOS::make -C microblaze_0/libsrc/intc_v3_15/src -s libs  "SHELL=CMD" "COMPILER=mb-gcc" "ASSEMBLER=mb-as" "ARCHIVER=mb-ar" "COMPILER_
TRACE::2024-10-20.00:49:56::SCWMssOS::FLAGS=  -O2 -c -mcpu=v11.0 -mlittle-endian -mno-xl-reorder -mno-xl-soft-mul -mxl-barrel-shift -mxl-pattern-compare" "EXTRA_COMP
TRACE::2024-10-20.00:49:56::SCWMssOS::ILER_FLAGS=-g -ffunction-sections -fdata-sections -Wall -Wextra -fno-tree-loop-distribute-patterns"

TRACE::2024-10-20.00:49:56::SCWMssOS::"Running Make libs in microblaze_0/libsrc/spi_v4_9/src"

TRACE::2024-10-20.00:49:56::SCWMssOS::make -C microblaze_0/libsrc/spi_v4_9/src -s libs  "SHELL=CMD" "COMPILER=mb-gcc" "ASSEMBLER=mb-as" "ARCHIVER=mb-ar" "COMPILER_FL
TRACE::2024-10-20.00:49:56::SCWMssOS::AGS=  -O2 -c -mcpu=v11.0 -mlittle-endian -mno-xl-reorder -mno-xl-soft-mul -mxl-barrel-shift -mxl-pattern-compare" "EXTRA_COMPIL
TRACE::2024-10-20.00:49:56::SCWMssOS::ER_FLAGS=-g -ffunction-sections -fdata-sections -Wall -Wextra -fno-tree-loop-distribute-patterns"

TRACE::2024-10-20.00:49:56::SCWMssOS::"Running Make libs in microblaze_0/libsrc/standalone_v8_0/src"

TRACE::2024-10-20.00:49:56::SCWMssOS::make -C microblaze_0/libsrc/standalone_v8_0/src -s libs  "SHELL=CMD" "COMPILER=mb-gcc" "ASSEMBLER=mb-as" "ARCHIVER=mb-ar" "COMP
TRACE::2024-10-20.00:49:56::SCWMssOS::ILER_FLAGS=  -O2 -c -mcpu=v11.0 -mlittle-endian -mno-xl-reorder -mno-xl-soft-mul -mxl-barrel-shift -mxl-pattern-compare" "EXTRA
TRACE::2024-10-20.00:49:56::SCWMssOS::_COMPILER_FLAGS=-g -ffunction-sections -fdata-sections -Wall -Wextra -fno-tree-loop-distribute-patterns"

TRACE::2024-10-20.00:49:57::SCWMssOS::"Running Make libs in microblaze_0/libsrc/tmrctr_v4_9/src"

TRACE::2024-10-20.00:49:57::SCWMssOS::make -C microblaze_0/libsrc/tmrctr_v4_9/src -s libs  "SHELL=CMD" "COMPILER=mb-gcc" "ASSEMBLER=mb-as" "ARCHIVER=mb-ar" "COMPILER
TRACE::2024-10-20.00:49:57::SCWMssOS::_FLAGS=  -O2 -c -mcpu=v11.0 -mlittle-endian -mno-xl-reorder -mno-xl-soft-mul -mxl-barrel-shift -mxl-pattern-compare" "EXTRA_COM
TRACE::2024-10-20.00:49:57::SCWMssOS::PILER_FLAGS=-g -ffunction-sections -fdata-sections -Wall -Wextra -fno-tree-loop-distribute-patterns"

TRACE::2024-10-20.00:49:57::SCWMssOS::"Running Make libs in microblaze_0/libsrc/uartlite_v3_7/src"

TRACE::2024-10-20.00:49:57::SCWMssOS::make -C microblaze_0/libsrc/uartlite_v3_7/src -s libs  "SHELL=CMD" "COMPILER=mb-gcc" "ASSEMBLER=mb-as" "ARCHIVER=mb-ar" "COMPIL
TRACE::2024-10-20.00:49:57::SCWMssOS::ER_FLAGS=  -O2 -c -mcpu=v11.0 -mlittle-endian -mno-xl-reorder -mno-xl-soft-mul -mxl-barrel-shift -mxl-pattern-compare" "EXTRA_C
TRACE::2024-10-20.00:49:57::SCWMssOS::OMPILER_FLAGS=-g -ffunction-sections -fdata-sections -Wall -Wextra -fno-tree-loop-distribute-patterns"

TRACE::2024-10-20.00:49:58::SCWMssOS::"DEBUG NON_LTO_OBJECTS is ../../../lib/microblaze_interrupt_handler.o"

TRACE::2024-10-20.00:49:58::SCWMssOS::'Finished building libraries parallelly.'

TRACE::2024-10-20.00:49:58::SCWMssOS::make --no-print-directory archive

TRACE::2024-10-20.00:49:58::SCWMssOS::mb-ar -r  microblaze_0/lib/libxil.a microblaze_0/lib/_exit.o microblaze_0/lib/errno.o microblaze_0/lib/fcntl.o microblaze_0/lib
TRACE::2024-10-20.00:49:58::SCWMssOS::/hw_exception_handler.o microblaze_0/lib/inbyte.o microblaze_0/lib/microblaze_disable_dcache.o microblaze_0/lib/microblaze_disa
TRACE::2024-10-20.00:49:58::SCWMssOS::ble_exceptions.o microblaze_0/lib/microblaze_disable_icache.o microblaze_0/lib/microblaze_disable_interrupts.o microblaze_0/lib
TRACE::2024-10-20.00:49:58::SCWMssOS::/microblaze_enable_dcache.o microblaze_0/lib/microblaze_enable_exceptions.o microblaze_0/lib/microblaze_enable_icache.o microbl
TRACE::2024-10-20.00:49:58::SCWMssOS::aze_0/lib/microblaze_enable_interrupts.o microblaze_0/lib/microblaze_exception_handler.o microblaze_0/lib/microblaze_flush_cach
TRACE::2024-10-20.00:49:58::SCWMssOS::e_ext.o microblaze_0/lib/microblaze_flush_cache_ext_range.o microblaze_0/lib/microblaze_flush_dcache.o microblaze_0/lib/microbl
TRACE::2024-10-20.00:49:58::SCWMssOS::aze_flush_dcache_range.o microblaze_0/lib/microblaze_init_dcache_range.o microblaze_0/lib/microblaze_init_icache_range.o microb
TRACE::2024-10-20.00:49:58::SCWMssOS::laze_0/lib/microblaze_interrupt_handler.o microblaze_0/lib/microblaze_interrupts_g.o microblaze_0/lib/microblaze_invalidate_cac
TRACE::2024-10-20.00:49:58::SCWMssOS::he_ext.o microblaze_0/lib/microblaze_invalidate_cache_ext_range.o microblaze_0/lib/microblaze_invalidate_dcache.o microblaze_0/
TRACE::2024-10-20.00:49:58::SCWMssOS::lib/microblaze_invalidate_dcache_range.o microblaze_0/lib/microblaze_invalidate_icache.o microblaze_0/lib/microblaze_invalidate
TRACE::2024-10-20.00:49:58::SCWMssOS::_icache_range.o microblaze_0/lib/microblaze_scrub.o microblaze_0/lib/microblaze_selftest.o microblaze_0/lib/microblaze_sleep.o 
TRACE::2024-10-20.00:49:58::SCWMssOS::microblaze_0/lib/microblaze_update_dcache.o microblaze_0/lib/microblaze_update_icache.o microblaze_0/lib/outbyte.o microblaze_0
TRACE::2024-10-20.00:49:58::SCWMssOS::/lib/print.o microblaze_0/lib/pvr.o microblaze_0/lib/xbram.o microblaze_0/lib/xbram_g.o microblaze_0/lib/xbram_intr.o microblaz
TRACE::2024-10-20.00:49:58::SCWMssOS::e_0/lib/xbram_selftest.o microblaze_0/lib/xbram_sinit.o microblaze_0/lib/xgpio.o microblaze_0/lib/xgpio_extra.o microblaze_0/li
TRACE::2024-10-20.00:49:58::SCWMssOS::b/xgpio_g.o microblaze_0/lib/xgpio_intr.o microblaze_0/lib/xgpio_selftest.o microblaze_0/lib/xgpio_sinit.o microblaze_0/lib/xil
TRACE::2024-10-20.00:49:58::SCWMssOS::_assert.o microblaze_0/lib/xil_cache.o microblaze_0/lib/xil_clocking.o microblaze_0/lib/xil_exception.o microblaze_0/lib/xil_me
TRACE::2024-10-20.00:49:58::SCWMssOS::m.o microblaze_0/lib/xil_misc_psreset_api.o microblaze_0/lib/xil_printf.o microblaze_0/lib/xil_sleepcommon.o microblaze_0/lib/x
TRACE::2024-10-20.00:49:58::SCWMssOS::il_testcache.o microblaze_0/lib/xil_testio.o microblaze_0/lib/xil_testmem.o microblaze_0/lib/xil_util.o microblaze_0/lib/xintc.
TRACE::2024-10-20.00:49:58::SCWMssOS::o microblaze_0/lib/xintc_g.o microblaze_0/lib/xintc_intr.o microblaze_0/lib/xintc_l.o microblaze_0/lib/xintc_options.o microbla
TRACE::2024-10-20.00:49:58::SCWMssOS::ze_0/lib/xintc_selftest.o microblaze_0/lib/xinterrupt_wrap.o microblaze_0/lib/xio.o microblaze_0/lib/xplatform_info.o microblaz
TRACE::2024-10-20.00:49:58::SCWMssOS::e_0/lib/xspi.o microblaze_0/lib/xspi_g.o microblaze_0/lib/xspi_options.o microblaze_0/lib/xspi_selftest.o microblaze_0/lib/xspi
TRACE::2024-10-20.00:49:58::SCWMssOS::_sinit.o microblaze_0/lib/xspi_stats.o microblaze_0/lib/xtmrctr.o microblaze_0/lib/xtmrctr_g.o microblaze_0/lib/xtmrctr_intr.o 
TRACE::2024-10-20.00:49:58::SCWMssOS::microblaze_0/lib/xtmrctr_l.o microblaze_0/lib/xtmrctr_options.o microblaze_0/lib/xtmrctr_selftest.o microblaze_0/lib/xtmrctr_si
TRACE::2024-10-20.00:49:58::SCWMssOS::nit.o microblaze_0/lib/xtmrctr_stats.o microblaze_0/lib/xuartlite.o microblaze_0/lib/xuartlite_g.o microblaze_0/lib/xuartlite_i
TRACE::2024-10-20.00:49:58::SCWMssOS::ntr.o microblaze_0/lib/xuartlite_l.o microblaze_0/lib/xuartlite_selftest.o microblaze_0/lib/xuartlite_sinit.o microblaze_0/lib/
TRACE::2024-10-20.00:49:58::SCWMssOS::xuartlite_stats.o

TRACE::2024-10-20.00:49:58::SCWMssOS::'Finished building libraries'

TRACE::2024-10-20.00:49:58::SCWMssOS:: Checking if to create the Supporting Applications
TRACE::2024-10-20.00:49:58::SCWMssOS:: No Linux domain exists, trying to generate FSBL 
LOG::2024-10-20.00:49:58::SCWSystem::Completed Processing the domain standalone_microblaze_0
LOG::2024-10-20.00:49:58::SCWSystem::Completed Processing the sysconfig mb_usb_hdmi_top
LOG::2024-10-20.00:49:58::SCWPlatform::Completed generating the artifacts for system configuration mb_usb_hdmi_top
TRACE::2024-10-20.00:49:58::SCWPlatform::Started preparing the platform 
TRACE::2024-10-20.00:49:58::SCWSystem::Writing the bif file for system config mb_usb_hdmi_top
TRACE::2024-10-20.00:49:58::SCWSystem::dir created 
TRACE::2024-10-20.00:49:58::SCWSystem::Writing the bif 
TRACE::2024-10-20.00:49:58::SCWPlatform::Started writing the spfm file 
TRACE::2024-10-20.00:49:58::SCWPlatform::Started writing the xpfm file 
TRACE::2024-10-20.00:49:58::SCWPlatform::Completed generating the platform
TRACE::2024-10-20.00:49:58::SCWMssOS::Saving the mss changes C:/Users/jkali/ece385/lab6/lab62/lab62_sdk/mb_usb_hdmi_top/microblaze_0/standalone_microblaze_0/bsp/system.mss
TRACE::2024-10-20.00:49:58::SCWMssOS::Adding the swdes entry, mss present, able to open swdb C:/Users/jkali/ece385/lab6/lab62/lab62_sdk/mb_usb_hdmi_top/microblaze_0/standalone_microblaze_0/bsp/system.mss with des name system
TRACE::2024-10-20.00:49:58::SCWMssOS::Writing the mss file completed C:/Users/jkali/ece385/lab6/lab62/lab62_sdk/mb_usb_hdmi_top/microblaze_0/standalone_microblaze_0/bsp/system.mss
TRACE::2024-10-20.00:49:58::SCWMssOS::Commit changes completed.
TRACE::2024-10-20.00:49:58::SCWPlatform::Trying to open the hw design at C:/Users/jkali/ece385/lab6/lab62/lab62_sdk/mb_usb_hdmi_top/hw/mb_usb_hdmi_top.xsa
TRACE::2024-10-20.00:49:58::SCWPlatform::DSA given C:/Users/jkali/ece385/lab6/lab62/lab62_sdk/mb_usb_hdmi_top/hw/mb_usb_hdmi_top.xsa
TRACE::2024-10-20.00:49:58::SCWPlatform::DSA absoulate path C:/Users/jkali/ece385/lab6/lab62/lab62_sdk/mb_usb_hdmi_top/hw/mb_usb_hdmi_top.xsa
TRACE::2024-10-20.00:49:58::SCWPlatform::DSA directory C:/Users/jkali/ece385/lab6/lab62/lab62_sdk/mb_usb_hdmi_top/hw
TRACE::2024-10-20.00:49:58::SCWPlatform:: Platform Path C:/Users/jkali/ece385/lab6/lab62/lab62_sdk/mb_usb_hdmi_top/hw/mb_usb_hdmi_top.xsa
TRACE::2024-10-20.00:49:58::SCWPlatform:: Unique name xilinx:::0.0
TRACE::2024-10-20.00:49:58::SCWPlatform::Trying to set the existing hwdb with name mb_usb_hdmi_top_1
TRACE::2024-10-20.00:49:58::SCWPlatform::Opened existing hwdb mb_usb_hdmi_top_1
TRACE::2024-10-20.00:49:58::SCWPlatform::Found the Hw Db part of the input DSA
TRACE::2024-10-20.00:49:58::SCWMssOS::Checking the sw design at  C:/Users/jkali/ece385/lab6/lab62/lab62_sdk/mb_usb_hdmi_top/microblaze_0/standalone_microblaze_0/bsp/system.mss
TRACE::2024-10-20.00:49:58::SCWMssOS::DEBUG:  swdes dump  C:/Users/jkali/ece385/lab6/lab62/lab62_sdk/mb_usb_hdmi_top/microblaze_0/standalone_microblaze_0/bsp/system.mss|system||

TRACE::2024-10-20.00:49:58::SCWMssOS::Sw design exists and opened at  C:/Users/jkali/ece385/lab6/lab62/lab62_sdk/mb_usb_hdmi_top/microblaze_0/standalone_microblaze_0/bsp/system.mss
TRACE::2024-10-20.00:49:58::SCWWriter::formatted JSON is {
	"platformName":	"mb_usb_hdmi_top",
	"sprVersion":	"2.0",
	"mode":	"gui",
	"dsaType":	"Fixed",
	"platformDesc":	"mb_usb_hdmi_top",
	"platHandOff":	"C:/Users/jkali/ece385/lab6/lab62/mb_usb_hdmi_top.xsa",
	"platIntHandOff":	"<platformDir>/hw/mb_usb_hdmi_top.xsa",
	"deviceType":	"FPGA",
	"platIsPrebuiltAutogen":	"false",
	"platIsNoBootBsp":	"false",
	"hasFsblMakeHasChanges":	"false",
	"hasPmufwMakeHasChanges":	"false",
	"platPreBuiltFlag":	false,
	"platformSamplesDir":	"",
	"platActiveSys":	"mb_usb_hdmi_top",
	"systems":	[{
			"systemName":	"mb_usb_hdmi_top",
			"systemDesc":	"mb_usb_hdmi_top",
			"sysIsBootAutoGen":	"true",
			"systemDispName":	"mb_usb_hdmi_top",
			"sysActiveDom":	"standalone_microblaze_0",
			"sysDefaultDom":	"standalone_microblaze_0",
			"domains":	[{
					"domainName":	"standalone_microblaze_0",
					"domainDispName":	"standalone_microblaze_0",
					"domainDesc":	"standalone_microblaze_0",
					"processors":	"microblaze_0",
					"os":	"standalone",
					"sdxOs":	"standalone",
					"debugEnable":	"False",
					"domRuntimes":	["cpp"],
					"swRepo":	"",
					"mssOsVer":	"8.0",
					"mssFile":	"",
					"md5Digest":	"304529987e879521ca977c68d163f362",
					"compatibleApp":	"",
					"domType":	"mssDomain",
					"arch":	"32-bit",
					"appSettings":	{
						"appCompilerFlags":	"",
						"appLinkerFlags":	""
					},
					"addedLibs":	[],
					"libOptions":	{
						"libsContainingOptions":	[]
					},
					"prebuiltLibs":	{
						"prebuiltIncPath":	[],
						"prebuiltLibPath":	[]
					},
					"isolation":	{
					}
				}]
		}]
}
KEYINFO::2024-10-20.00:49:58::SCWPlatform::updated the xpfm file.
TRACE::2024-10-20.00:49:58::SCWPlatform::Trying to open the hw design at C:/Users/jkali/ece385/lab6/lab62/lab62_sdk/mb_usb_hdmi_top/hw/mb_usb_hdmi_top.xsa
TRACE::2024-10-20.00:49:58::SCWPlatform::DSA given C:/Users/jkali/ece385/lab6/lab62/lab62_sdk/mb_usb_hdmi_top/hw/mb_usb_hdmi_top.xsa
TRACE::2024-10-20.00:49:58::SCWPlatform::DSA absoulate path C:/Users/jkali/ece385/lab6/lab62/lab62_sdk/mb_usb_hdmi_top/hw/mb_usb_hdmi_top.xsa
TRACE::2024-10-20.00:49:58::SCWPlatform::DSA directory C:/Users/jkali/ece385/lab6/lab62/lab62_sdk/mb_usb_hdmi_top/hw
TRACE::2024-10-20.00:49:58::SCWPlatform:: Platform Path C:/Users/jkali/ece385/lab6/lab62/lab62_sdk/mb_usb_hdmi_top/hw/mb_usb_hdmi_top.xsa
TRACE::2024-10-20.00:49:58::SCWPlatform:: Unique name xilinx:::0.0
TRACE::2024-10-20.00:49:58::SCWPlatform::Trying to set the existing hwdb with name mb_usb_hdmi_top_1
TRACE::2024-10-20.00:49:58::SCWPlatform::Opened existing hwdb mb_usb_hdmi_top_1
TRACE::2024-10-20.00:49:58::SCWPlatform::Found the Hw Db part of the input DSA
TRACE::2024-10-20.00:49:58::SCWMssOS::Checking the sw design at  C:/Users/jkali/ece385/lab6/lab62/lab62_sdk/mb_usb_hdmi_top/microblaze_0/standalone_microblaze_0/bsp/system.mss
TRACE::2024-10-20.00:49:58::SCWMssOS::DEBUG:  swdes dump  C:/Users/jkali/ece385/lab6/lab62/lab62_sdk/mb_usb_hdmi_top/microblaze_0/standalone_microblaze_0/bsp/system.mss|system||

TRACE::2024-10-20.00:49:58::SCWMssOS::Sw design exists and opened at  C:/Users/jkali/ece385/lab6/lab62/lab62_sdk/mb_usb_hdmi_top/microblaze_0/standalone_microblaze_0/bsp/system.mss
TRACE::2024-10-20.14:12:51::SCWPlatform::Trying to open the hw design at C:/Users/jkali/ece385/lab6/lab62/lab62_sdk/mb_usb_hdmi_top/hw/mb_usb_hdmi_top.xsa
TRACE::2024-10-20.14:12:51::SCWPlatform::DSA given C:/Users/jkali/ece385/lab6/lab62/lab62_sdk/mb_usb_hdmi_top/hw/mb_usb_hdmi_top.xsa
TRACE::2024-10-20.14:12:51::SCWPlatform::DSA absoulate path C:/Users/jkali/ece385/lab6/lab62/lab62_sdk/mb_usb_hdmi_top/hw/mb_usb_hdmi_top.xsa
TRACE::2024-10-20.14:12:51::SCWPlatform::DSA directory C:/Users/jkali/ece385/lab6/lab62/lab62_sdk/mb_usb_hdmi_top/hw
TRACE::2024-10-20.14:12:51::SCWPlatform:: Platform Path C:/Users/jkali/ece385/lab6/lab62/lab62_sdk/mb_usb_hdmi_top/hw/mb_usb_hdmi_top.xsa
TRACE::2024-10-20.14:12:51::SCWPlatform:: Unique name xilinx:::0.0
TRACE::2024-10-20.14:12:51::SCWPlatform::Do not have an existing db opened. 
TRACE::2024-10-20.14:12:51::SCWPlatform::Opened new HwDB with name mb_usb_hdmi_top_1
TRACE::2024-10-20.14:12:51::SCWReader::Active system found as  mb_usb_hdmi_top
TRACE::2024-10-20.14:12:51::SCWReader::Handling sysconfig mb_usb_hdmi_top
TRACE::2024-10-20.14:12:51::SCWDomain::checking for install qemu data   : 
TRACE::2024-10-20.14:12:51::SCWPlatform::Trying to open the hw design at C:/Users/jkali/ece385/lab6/lab62/lab62_sdk/mb_usb_hdmi_top/hw/mb_usb_hdmi_top.xsa
TRACE::2024-10-20.14:12:51::SCWPlatform::DSA given C:/Users/jkali/ece385/lab6/lab62/lab62_sdk/mb_usb_hdmi_top/hw/mb_usb_hdmi_top.xsa
TRACE::2024-10-20.14:12:51::SCWPlatform::DSA absoulate path C:/Users/jkali/ece385/lab6/lab62/lab62_sdk/mb_usb_hdmi_top/hw/mb_usb_hdmi_top.xsa
TRACE::2024-10-20.14:12:51::SCWPlatform::DSA directory C:/Users/jkali/ece385/lab6/lab62/lab62_sdk/mb_usb_hdmi_top/hw
TRACE::2024-10-20.14:12:51::SCWPlatform:: Platform Path C:/Users/jkali/ece385/lab6/lab62/lab62_sdk/mb_usb_hdmi_top/hw/mb_usb_hdmi_top.xsa
TRACE::2024-10-20.14:12:51::SCWPlatform:: Unique name xilinx:::0.0
TRACE::2024-10-20.14:12:51::SCWPlatform::Trying to set the existing hwdb with name mb_usb_hdmi_top_1
TRACE::2024-10-20.14:12:51::SCWPlatform::Opened existing hwdb mb_usb_hdmi_top_1
TRACE::2024-10-20.14:12:51::SCWPlatform::Found the Hw Db part of the input DSA
TRACE::2024-10-20.14:12:51::SCWPlatform::Trying to open the hw design at C:/Users/jkali/ece385/lab6/lab62/lab62_sdk/mb_usb_hdmi_top/hw/mb_usb_hdmi_top.xsa
TRACE::2024-10-20.14:12:51::SCWPlatform::DSA given C:/Users/jkali/ece385/lab6/lab62/lab62_sdk/mb_usb_hdmi_top/hw/mb_usb_hdmi_top.xsa
TRACE::2024-10-20.14:12:51::SCWPlatform::DSA absoulate path C:/Users/jkali/ece385/lab6/lab62/lab62_sdk/mb_usb_hdmi_top/hw/mb_usb_hdmi_top.xsa
TRACE::2024-10-20.14:12:51::SCWPlatform::DSA directory C:/Users/jkali/ece385/lab6/lab62/lab62_sdk/mb_usb_hdmi_top/hw
TRACE::2024-10-20.14:12:51::SCWPlatform:: Platform Path C:/Users/jkali/ece385/lab6/lab62/lab62_sdk/mb_usb_hdmi_top/hw/mb_usb_hdmi_top.xsa
TRACE::2024-10-20.14:12:51::SCWPlatform:: Unique name xilinx:::0.0
TRACE::2024-10-20.14:12:51::SCWPlatform::Trying to set the existing hwdb with name mb_usb_hdmi_top_1
TRACE::2024-10-20.14:12:51::SCWPlatform::Opened existing hwdb mb_usb_hdmi_top_1
TRACE::2024-10-20.14:12:51::SCWPlatform::Found the Hw Db part of the input DSA
TRACE::2024-10-20.14:12:51::SCWPlatform::Trying to open the hw design at C:/Users/jkali/ece385/lab6/lab62/lab62_sdk/mb_usb_hdmi_top/hw/mb_usb_hdmi_top.xsa
TRACE::2024-10-20.14:12:51::SCWPlatform::DSA given C:/Users/jkali/ece385/lab6/lab62/lab62_sdk/mb_usb_hdmi_top/hw/mb_usb_hdmi_top.xsa
TRACE::2024-10-20.14:12:51::SCWPlatform::DSA absoulate path C:/Users/jkali/ece385/lab6/lab62/lab62_sdk/mb_usb_hdmi_top/hw/mb_usb_hdmi_top.xsa
TRACE::2024-10-20.14:12:51::SCWPlatform::DSA directory C:/Users/jkali/ece385/lab6/lab62/lab62_sdk/mb_usb_hdmi_top/hw
TRACE::2024-10-20.14:12:51::SCWPlatform:: Platform Path C:/Users/jkali/ece385/lab6/lab62/lab62_sdk/mb_usb_hdmi_top/hw/mb_usb_hdmi_top.xsa
TRACE::2024-10-20.14:12:51::SCWPlatform:: Unique name xilinx:::0.0
TRACE::2024-10-20.14:12:51::SCWPlatform::Trying to set the existing hwdb with name mb_usb_hdmi_top_1
TRACE::2024-10-20.14:12:51::SCWPlatform::Opened existing hwdb mb_usb_hdmi_top_1
TRACE::2024-10-20.14:12:51::SCWPlatform::Found the Hw Db part of the input DSA
TRACE::2024-10-20.14:12:51::SCWPlatform::Trying to open the hw design at C:/Users/jkali/ece385/lab6/lab62/lab62_sdk/mb_usb_hdmi_top/hw/mb_usb_hdmi_top.xsa
TRACE::2024-10-20.14:12:51::SCWPlatform::DSA given C:/Users/jkali/ece385/lab6/lab62/lab62_sdk/mb_usb_hdmi_top/hw/mb_usb_hdmi_top.xsa
TRACE::2024-10-20.14:12:51::SCWPlatform::DSA absoulate path C:/Users/jkali/ece385/lab6/lab62/lab62_sdk/mb_usb_hdmi_top/hw/mb_usb_hdmi_top.xsa
TRACE::2024-10-20.14:12:51::SCWPlatform::DSA directory C:/Users/jkali/ece385/lab6/lab62/lab62_sdk/mb_usb_hdmi_top/hw
TRACE::2024-10-20.14:12:51::SCWPlatform:: Platform Path C:/Users/jkali/ece385/lab6/lab62/lab62_sdk/mb_usb_hdmi_top/hw/mb_usb_hdmi_top.xsa
TRACE::2024-10-20.14:12:51::SCWPlatform:: Unique name xilinx:::0.0
TRACE::2024-10-20.14:12:51::SCWPlatform::Trying to set the existing hwdb with name mb_usb_hdmi_top_1
TRACE::2024-10-20.14:12:51::SCWPlatform::Opened existing hwdb mb_usb_hdmi_top_1
TRACE::2024-10-20.14:12:51::SCWPlatform::Found the Hw Db part of the input DSA
TRACE::2024-10-20.14:12:51::SCWMssOS::Checking the sw design at  C:/Users/jkali/ece385/lab6/lab62/lab62_sdk/mb_usb_hdmi_top/microblaze_0/standalone_microblaze_0/bsp/system.mss
TRACE::2024-10-20.14:12:51::SCWMssOS::DEBUG:  swdes dump  
TRACE::2024-10-20.14:12:51::SCWMssOS::No sw design opened at  C:/Users/jkali/ece385/lab6/lab62/lab62_sdk/mb_usb_hdmi_top/microblaze_0/standalone_microblaze_0/bsp/system.mss
TRACE::2024-10-20.14:12:51::SCWMssOS::mss exists loading the mss file  C:/Users/jkali/ece385/lab6/lab62/lab62_sdk/mb_usb_hdmi_top/microblaze_0/standalone_microblaze_0/bsp/system.mss
TRACE::2024-10-20.14:12:51::SCWMssOS::Opened the sw design from mss  C:/Users/jkali/ece385/lab6/lab62/lab62_sdk/mb_usb_hdmi_top/microblaze_0/standalone_microblaze_0/bsp/system.mss
TRACE::2024-10-20.14:12:51::SCWMssOS::Adding the swdes entry C:/Users/jkali/ece385/lab6/lab62/lab62_sdk/mb_usb_hdmi_top/microblaze_0/standalone_microblaze_0/bsp/system.mss with des name system
TRACE::2024-10-20.14:12:51::SCWMssOS::updating the scw layer about changes
TRACE::2024-10-20.14:12:51::SCWMssOS::Opened the sw design.  C:/Users/jkali/ece385/lab6/lab62/lab62_sdk/mb_usb_hdmi_top/microblaze_0/standalone_microblaze_0/bsp/system.mss
TRACE::2024-10-20.14:12:51::SCWMssOS::Saving the mss changes C:/Users/jkali/ece385/lab6/lab62/lab62_sdk/mb_usb_hdmi_top/microblaze_0/standalone_microblaze_0/bsp/system.mss
TRACE::2024-10-20.14:12:51::SCWMssOS::Found a swdesign opened with the mssfile.
TRACE::2024-10-20.14:12:51::SCWMssOS::Completed writemss as part of save.
TRACE::2024-10-20.14:12:51::SCWMssOS::Commit changes completed.
TRACE::2024-10-20.14:12:51::SCWReader::Adding prebuilt librarypaths as   
TRACE::2024-10-20.14:12:51::SCWReader::Adding prebuilt incpaths  as   
TRACE::2024-10-20.14:12:51::SCWPlatform::Trying to open the hw design at C:/Users/jkali/ece385/lab6/lab62/lab62_sdk/mb_usb_hdmi_top/hw/mb_usb_hdmi_top.xsa
TRACE::2024-10-20.14:12:51::SCWPlatform::DSA given C:/Users/jkali/ece385/lab6/lab62/lab62_sdk/mb_usb_hdmi_top/hw/mb_usb_hdmi_top.xsa
TRACE::2024-10-20.14:12:51::SCWPlatform::DSA absoulate path C:/Users/jkali/ece385/lab6/lab62/lab62_sdk/mb_usb_hdmi_top/hw/mb_usb_hdmi_top.xsa
TRACE::2024-10-20.14:12:51::SCWPlatform::DSA directory C:/Users/jkali/ece385/lab6/lab62/lab62_sdk/mb_usb_hdmi_top/hw
TRACE::2024-10-20.14:12:51::SCWPlatform:: Platform Path C:/Users/jkali/ece385/lab6/lab62/lab62_sdk/mb_usb_hdmi_top/hw/mb_usb_hdmi_top.xsa
TRACE::2024-10-20.14:12:51::SCWPlatform:: Unique name xilinx:::0.0
TRACE::2024-10-20.14:12:51::SCWPlatform::Trying to set the existing hwdb with name mb_usb_hdmi_top_1
TRACE::2024-10-20.14:12:51::SCWPlatform::Opened existing hwdb mb_usb_hdmi_top_1
TRACE::2024-10-20.14:12:51::SCWPlatform::Found the Hw Db part of the input DSA
TRACE::2024-10-20.14:12:51::SCWMssOS::Checking the sw design at  C:/Users/jkali/ece385/lab6/lab62/lab62_sdk/mb_usb_hdmi_top/microblaze_0/standalone_microblaze_0/bsp/system.mss
TRACE::2024-10-20.14:12:51::SCWMssOS::DEBUG:  swdes dump  C:/Users/jkali/ece385/lab6/lab62/lab62_sdk/mb_usb_hdmi_top/microblaze_0/standalone_microblaze_0/bsp/system.mss|system||

TRACE::2024-10-20.14:12:51::SCWMssOS::Sw design exists and opened at  C:/Users/jkali/ece385/lab6/lab62/lab62_sdk/mb_usb_hdmi_top/microblaze_0/standalone_microblaze_0/bsp/system.mss
TRACE::2024-10-20.14:12:51::SCWReader::No isolation master present  
TRACE::2024-10-20.14:12:54::SCWPlatform::DSA given C:/Users/jkali/ece385/lab6/lab62/lab62_sdk/mb_usb_hdmi_top/tempdsa/mb_usb_hdmi_top.xsa
TRACE::2024-10-20.14:12:54::SCWPlatform::DSA absoulate path C:/Users/jkali/ece385/lab6/lab62/lab62_sdk/mb_usb_hdmi_top/tempdsa/mb_usb_hdmi_top.xsa
TRACE::2024-10-20.14:12:54::SCWPlatform:: Platform location is C:/Users/jkali/ece385/lab6/lab62/lab62_sdk/mb_usb_hdmi_top/tempdsa
TRACE::2024-10-20.14:12:54::SCWPlatform:: Platform Path C:/Users/jkali/ece385/lab6/lab62/lab62_sdk/mb_usb_hdmi_top/tempdsa/mb_usb_hdmi_top.xsa
TRACE::2024-10-20.14:12:54::SCWPlatform:: Unique name xilinx:::0.0
TRACE::2024-10-20.14:12:54::SCWPlatform::Found the Hw Db part of the input DSA
TRACE::2024-10-20.14:12:54::SCWMssOS::Doing hw sync for the mss in domain: standalone_microblaze_0
TRACE::2024-10-20.14:12:54::SCWPlatform::Trying to open the hw design at C:/Users/jkali/ece385/lab6/lab62/lab62_sdk/mb_usb_hdmi_top/hw/mb_usb_hdmi_top.xsa
TRACE::2024-10-20.14:12:54::SCWPlatform::DSA given C:/Users/jkali/ece385/lab6/lab62/lab62_sdk/mb_usb_hdmi_top/hw/mb_usb_hdmi_top.xsa
TRACE::2024-10-20.14:12:54::SCWPlatform::DSA absoulate path C:/Users/jkali/ece385/lab6/lab62/lab62_sdk/mb_usb_hdmi_top/hw/mb_usb_hdmi_top.xsa
TRACE::2024-10-20.14:12:54::SCWPlatform::DSA directory C:/Users/jkali/ece385/lab6/lab62/lab62_sdk/mb_usb_hdmi_top/hw
TRACE::2024-10-20.14:12:54::SCWPlatform:: Platform Path C:/Users/jkali/ece385/lab6/lab62/lab62_sdk/mb_usb_hdmi_top/hw/mb_usb_hdmi_top.xsa
TRACE::2024-10-20.14:12:54::SCWPlatform:: Unique name xilinx:::0.0
TRACE::2024-10-20.14:12:54::SCWPlatform::Trying to set the existing hwdb with name mb_usb_hdmi_top_1
TRACE::2024-10-20.14:12:54::SCWPlatform::Opened existing hwdb mb_usb_hdmi_top_1
TRACE::2024-10-20.14:12:54::SCWPlatform::Found the Hw Db part of the input DSA
TRACE::2024-10-20.14:12:54::SCWPlatform::Trying to open the hw design at C:/Users/jkali/ece385/lab6/lab62/lab62_sdk/mb_usb_hdmi_top/hw/mb_usb_hdmi_top.xsa
TRACE::2024-10-20.14:12:54::SCWPlatform::DSA given C:/Users/jkali/ece385/lab6/lab62/lab62_sdk/mb_usb_hdmi_top/hw/mb_usb_hdmi_top.xsa
TRACE::2024-10-20.14:12:54::SCWPlatform::DSA absoulate path C:/Users/jkali/ece385/lab6/lab62/lab62_sdk/mb_usb_hdmi_top/hw/mb_usb_hdmi_top.xsa
TRACE::2024-10-20.14:12:54::SCWPlatform::DSA directory C:/Users/jkali/ece385/lab6/lab62/lab62_sdk/mb_usb_hdmi_top/hw
TRACE::2024-10-20.14:12:54::SCWPlatform:: Platform Path C:/Users/jkali/ece385/lab6/lab62/lab62_sdk/mb_usb_hdmi_top/hw/mb_usb_hdmi_top.xsa
TRACE::2024-10-20.14:12:54::SCWPlatform:: Unique name xilinx:::0.0
TRACE::2024-10-20.14:12:54::SCWPlatform::Trying to set the existing hwdb with name mb_usb_hdmi_top_1
TRACE::2024-10-20.14:12:54::SCWPlatform::Opened existing hwdb mb_usb_hdmi_top_1
TRACE::2024-10-20.14:12:54::SCWPlatform::Found the Hw Db part of the input DSA
TRACE::2024-10-20.14:12:54::SCWMssOS::Checking the sw design at  C:/Users/jkali/ece385/lab6/lab62/lab62_sdk/mb_usb_hdmi_top/microblaze_0/standalone_microblaze_0/bsp/system.mss
TRACE::2024-10-20.14:12:54::SCWMssOS::DEBUG:  swdes dump  C:/Users/jkali/ece385/lab6/lab62/lab62_sdk/mb_usb_hdmi_top/microblaze_0/standalone_microblaze_0/bsp/system.mss|system||

TRACE::2024-10-20.14:12:54::SCWMssOS::Sw design exists and opened at  C:/Users/jkali/ece385/lab6/lab62/lab62_sdk/mb_usb_hdmi_top/microblaze_0/standalone_microblaze_0/bsp/system.mss
TRACE::2024-10-20.14:12:54::SCWPlatform::Trying to open the hw design at C:/Users/jkali/ece385/lab6/lab62/lab62_sdk/mb_usb_hdmi_top/tempdsa/mb_usb_hdmi_top.xsa
TRACE::2024-10-20.14:12:54::SCWPlatform::DSA given C:/Users/jkali/ece385/lab6/lab62/lab62_sdk/mb_usb_hdmi_top/tempdsa/mb_usb_hdmi_top.xsa
TRACE::2024-10-20.14:12:54::SCWPlatform::DSA absoulate path C:/Users/jkali/ece385/lab6/lab62/lab62_sdk/mb_usb_hdmi_top/tempdsa/mb_usb_hdmi_top.xsa
TRACE::2024-10-20.14:12:54::SCWPlatform::DSA directory C:/Users/jkali/ece385/lab6/lab62/lab62_sdk/mb_usb_hdmi_top/tempdsa
TRACE::2024-10-20.14:12:54::SCWPlatform:: Platform Path C:/Users/jkali/ece385/lab6/lab62/lab62_sdk/mb_usb_hdmi_top/tempdsa/mb_usb_hdmi_top.xsa
TRACE::2024-10-20.14:12:54::SCWPlatform:: Unique name xilinx:::0.0
TRACE::2024-10-20.14:12:54::SCWPlatform::update - Opened existing hwdb mb_usb_hdmi_top_2
TRACE::2024-10-20.14:12:54::SCWPlatform::Found the Hw Db part of the input DSA
TRACE::2024-10-20.14:12:54::SCWMssOS::Saving the mss changes C:/Users/jkali/ece385/lab6/lab62/lab62_sdk/mb_usb_hdmi_top/microblaze_0/standalone_microblaze_0/bsp/system.mss
TRACE::2024-10-20.14:12:54::SCWMssOS::Found a swdesign opened with the mssfile.
TRACE::2024-10-20.14:12:54::SCWMssOS::Completed writemss as part of save.
TRACE::2024-10-20.14:12:54::SCWMssOS::Commit changes completed.
TRACE::2024-10-20.14:12:54::SCWMssOS::Completed hw sync for the mss in domain: standalone_microblaze_0
TRACE::2024-10-20.14:12:54::SCWMssOS::Removing the swdes entry for  C:/Users/jkali/ece385/lab6/lab62/lab62_sdk/mb_usb_hdmi_top/microblaze_0/standalone_microblaze_0/bsp/system.mss
TRACE::2024-10-20.14:12:54::SCWPlatform::Trying to open the hw design at C:/Users/jkali/ece385/lab6/lab62/lab62_sdk/mb_usb_hdmi_top/hw/mb_usb_hdmi_top.xsa
TRACE::2024-10-20.14:12:54::SCWPlatform::DSA given C:/Users/jkali/ece385/lab6/lab62/lab62_sdk/mb_usb_hdmi_top/hw/mb_usb_hdmi_top.xsa
TRACE::2024-10-20.14:12:54::SCWPlatform::DSA absoulate path C:/Users/jkali/ece385/lab6/lab62/lab62_sdk/mb_usb_hdmi_top/hw/mb_usb_hdmi_top.xsa
TRACE::2024-10-20.14:12:54::SCWPlatform::DSA directory C:/Users/jkali/ece385/lab6/lab62/lab62_sdk/mb_usb_hdmi_top/hw
TRACE::2024-10-20.14:12:54::SCWPlatform:: Platform Path C:/Users/jkali/ece385/lab6/lab62/lab62_sdk/mb_usb_hdmi_top/hw/mb_usb_hdmi_top.xsa
TRACE::2024-10-20.14:12:54::SCWPlatform:: Unique name xilinx:::0.0
TRACE::2024-10-20.14:12:54::SCWPlatform::Do not have an existing db opened. 
TRACE::2024-10-20.14:12:54::SCWPlatform::Opened new HwDB with name mb_usb_hdmi_top_3
TRACE::2024-10-20.14:12:54::SCWMssOS::Saving the mss changes C:/Users/jkali/ece385/lab6/lab62/lab62_sdk/mb_usb_hdmi_top/microblaze_0/standalone_microblaze_0/bsp/system.mss
TRACE::2024-10-20.14:12:54::SCWMssOS::Adding the swdes entry, mss present, able to open swdb C:/Users/jkali/ece385/lab6/lab62/lab62_sdk/mb_usb_hdmi_top/microblaze_0/standalone_microblaze_0/bsp/system.mss with des name system
TRACE::2024-10-20.14:12:54::SCWMssOS::Writing the mss file completed C:/Users/jkali/ece385/lab6/lab62/lab62_sdk/mb_usb_hdmi_top/microblaze_0/standalone_microblaze_0/bsp/system.mss
TRACE::2024-10-20.14:12:54::SCWMssOS::Commit changes completed.
TRACE::2024-10-20.14:12:54::SCWPlatform::Trying to open the hw design at C:/Users/jkali/ece385/lab6/lab62/lab62_sdk/mb_usb_hdmi_top/hw/mb_usb_hdmi_top.xsa
TRACE::2024-10-20.14:12:54::SCWPlatform::DSA given C:/Users/jkali/ece385/lab6/lab62/lab62_sdk/mb_usb_hdmi_top/hw/mb_usb_hdmi_top.xsa
TRACE::2024-10-20.14:12:54::SCWPlatform::DSA absoulate path C:/Users/jkali/ece385/lab6/lab62/lab62_sdk/mb_usb_hdmi_top/hw/mb_usb_hdmi_top.xsa
TRACE::2024-10-20.14:12:54::SCWPlatform::DSA directory C:/Users/jkali/ece385/lab6/lab62/lab62_sdk/mb_usb_hdmi_top/hw
TRACE::2024-10-20.14:12:54::SCWPlatform:: Platform Path C:/Users/jkali/ece385/lab6/lab62/lab62_sdk/mb_usb_hdmi_top/hw/mb_usb_hdmi_top.xsa
TRACE::2024-10-20.14:12:54::SCWPlatform:: Unique name xilinx:::0.0
TRACE::2024-10-20.14:12:54::SCWPlatform::Trying to set the existing hwdb with name mb_usb_hdmi_top_3
TRACE::2024-10-20.14:12:54::SCWPlatform::Opened existing hwdb mb_usb_hdmi_top_3
TRACE::2024-10-20.14:12:54::SCWPlatform::Found the Hw Db part of the input DSA
TRACE::2024-10-20.14:12:54::SCWMssOS::Checking the sw design at  C:/Users/jkali/ece385/lab6/lab62/lab62_sdk/mb_usb_hdmi_top/microblaze_0/standalone_microblaze_0/bsp/system.mss
TRACE::2024-10-20.14:12:54::SCWMssOS::DEBUG:  swdes dump  C:/Users/jkali/ece385/lab6/lab62/lab62_sdk/mb_usb_hdmi_top/microblaze_0/standalone_microblaze_0/bsp/system.mss|system||

TRACE::2024-10-20.14:12:54::SCWMssOS::Sw design exists and opened at  C:/Users/jkali/ece385/lab6/lab62/lab62_sdk/mb_usb_hdmi_top/microblaze_0/standalone_microblaze_0/bsp/system.mss
TRACE::2024-10-20.14:12:54::SCWWriter::formatted JSON is {
	"platformName":	"mb_usb_hdmi_top",
	"sprVersion":	"2.0",
	"mode":	"gui",
	"dsaType":	"Fixed",
	"platformDesc":	"mb_usb_hdmi_top",
	"platHandOff":	"C:/Users/jkali/ece385/lab6/lab62/mb_usb_hdmi_top.xsa",
	"platIntHandOff":	"<platformDir>/hw/mb_usb_hdmi_top.xsa",
	"deviceType":	"FPGA",
	"platIsPrebuiltAutogen":	"false",
	"platIsNoBootBsp":	"false",
	"hasFsblMakeHasChanges":	"false",
	"hasPmufwMakeHasChanges":	"false",
	"platPreBuiltFlag":	false,
	"platformSamplesDir":	"",
	"platActiveSys":	"mb_usb_hdmi_top",
	"systems":	[{
			"systemName":	"mb_usb_hdmi_top",
			"systemDesc":	"mb_usb_hdmi_top",
			"sysIsBootAutoGen":	"true",
			"systemDispName":	"mb_usb_hdmi_top",
			"sysActiveDom":	"standalone_microblaze_0",
			"sysDefaultDom":	"standalone_microblaze_0",
			"domains":	[{
					"domainName":	"standalone_microblaze_0",
					"domainDispName":	"standalone_microblaze_0",
					"domainDesc":	"standalone_microblaze_0",
					"processors":	"microblaze_0",
					"os":	"standalone",
					"sdxOs":	"standalone",
					"debugEnable":	"False",
					"domRuntimes":	["cpp"],
					"swRepo":	"",
					"mssOsVer":	"8.0",
					"mssFile":	"",
					"md5Digest":	"304529987e879521ca977c68d163f3621",
					"compatibleApp":	"",
					"domType":	"mssDomain",
					"arch":	"32-bit",
					"appSettings":	{
						"appCompilerFlags":	"",
						"appLinkerFlags":	""
					},
					"addedLibs":	[],
					"libOptions":	{
						"libsContainingOptions":	[]
					},
					"prebuiltLibs":	{
						"prebuiltIncPath":	[],
						"prebuiltLibPath":	[]
					},
					"isolation":	{
					}
				}]
		}]
}
TRACE::2024-10-20.14:44:15::SCWPlatform::Trying to open the hw design at C:/Users/jkali/ece385/lab6/lab62/lab62_sdk/mb_usb_hdmi_top/hw/mb_usb_hdmi_top.xsa
TRACE::2024-10-20.14:44:15::SCWPlatform::DSA given C:/Users/jkali/ece385/lab6/lab62/lab62_sdk/mb_usb_hdmi_top/hw/mb_usb_hdmi_top.xsa
TRACE::2024-10-20.14:44:15::SCWPlatform::DSA absoulate path C:/Users/jkali/ece385/lab6/lab62/lab62_sdk/mb_usb_hdmi_top/hw/mb_usb_hdmi_top.xsa
TRACE::2024-10-20.14:44:15::SCWPlatform::DSA directory C:/Users/jkali/ece385/lab6/lab62/lab62_sdk/mb_usb_hdmi_top/hw
TRACE::2024-10-20.14:44:15::SCWPlatform:: Platform Path C:/Users/jkali/ece385/lab6/lab62/lab62_sdk/mb_usb_hdmi_top/hw/mb_usb_hdmi_top.xsa
TRACE::2024-10-20.14:44:15::SCWPlatform:: Unique name xilinx:::0.0
TRACE::2024-10-20.14:44:15::SCWPlatform::Do not have an existing db opened. 
TRACE::2024-10-20.14:44:15::SCWPlatform::Opened new HwDB with name mb_usb_hdmi_top_0
TRACE::2024-10-20.14:44:15::SCWReader::Active system found as  mb_usb_hdmi_top
TRACE::2024-10-20.14:44:15::SCWReader::Handling sysconfig mb_usb_hdmi_top
TRACE::2024-10-20.14:44:15::SCWDomain::checking for install qemu data   : 
TRACE::2024-10-20.14:44:15::SCWPlatform::Trying to open the hw design at C:/Users/jkali/ece385/lab6/lab62/lab62_sdk/mb_usb_hdmi_top/hw/mb_usb_hdmi_top.xsa
TRACE::2024-10-20.14:44:15::SCWPlatform::DSA given C:/Users/jkali/ece385/lab6/lab62/lab62_sdk/mb_usb_hdmi_top/hw/mb_usb_hdmi_top.xsa
TRACE::2024-10-20.14:44:15::SCWPlatform::DSA absoulate path C:/Users/jkali/ece385/lab6/lab62/lab62_sdk/mb_usb_hdmi_top/hw/mb_usb_hdmi_top.xsa
TRACE::2024-10-20.14:44:15::SCWPlatform::DSA directory C:/Users/jkali/ece385/lab6/lab62/lab62_sdk/mb_usb_hdmi_top/hw
TRACE::2024-10-20.14:44:15::SCWPlatform:: Platform Path C:/Users/jkali/ece385/lab6/lab62/lab62_sdk/mb_usb_hdmi_top/hw/mb_usb_hdmi_top.xsa
TRACE::2024-10-20.14:44:15::SCWPlatform:: Unique name xilinx:::0.0
TRACE::2024-10-20.14:44:15::SCWPlatform::Trying to set the existing hwdb with name mb_usb_hdmi_top_0
TRACE::2024-10-20.14:44:15::SCWPlatform::Opened existing hwdb mb_usb_hdmi_top_0
TRACE::2024-10-20.14:44:15::SCWPlatform::Found the Hw Db part of the input DSA
TRACE::2024-10-20.14:44:15::SCWPlatform::Trying to open the hw design at C:/Users/jkali/ece385/lab6/lab62/lab62_sdk/mb_usb_hdmi_top/hw/mb_usb_hdmi_top.xsa
TRACE::2024-10-20.14:44:15::SCWPlatform::DSA given C:/Users/jkali/ece385/lab6/lab62/lab62_sdk/mb_usb_hdmi_top/hw/mb_usb_hdmi_top.xsa
TRACE::2024-10-20.14:44:15::SCWPlatform::DSA absoulate path C:/Users/jkali/ece385/lab6/lab62/lab62_sdk/mb_usb_hdmi_top/hw/mb_usb_hdmi_top.xsa
TRACE::2024-10-20.14:44:15::SCWPlatform::DSA directory C:/Users/jkali/ece385/lab6/lab62/lab62_sdk/mb_usb_hdmi_top/hw
TRACE::2024-10-20.14:44:15::SCWPlatform:: Platform Path C:/Users/jkali/ece385/lab6/lab62/lab62_sdk/mb_usb_hdmi_top/hw/mb_usb_hdmi_top.xsa
TRACE::2024-10-20.14:44:15::SCWPlatform:: Unique name xilinx:::0.0
TRACE::2024-10-20.14:44:15::SCWPlatform::Trying to set the existing hwdb with name mb_usb_hdmi_top_0
TRACE::2024-10-20.14:44:15::SCWPlatform::Opened existing hwdb mb_usb_hdmi_top_0
TRACE::2024-10-20.14:44:15::SCWPlatform::Found the Hw Db part of the input DSA
TRACE::2024-10-20.14:44:15::SCWPlatform::Trying to open the hw design at C:/Users/jkali/ece385/lab6/lab62/lab62_sdk/mb_usb_hdmi_top/hw/mb_usb_hdmi_top.xsa
TRACE::2024-10-20.14:44:15::SCWPlatform::DSA given C:/Users/jkali/ece385/lab6/lab62/lab62_sdk/mb_usb_hdmi_top/hw/mb_usb_hdmi_top.xsa
TRACE::2024-10-20.14:44:15::SCWPlatform::DSA absoulate path C:/Users/jkali/ece385/lab6/lab62/lab62_sdk/mb_usb_hdmi_top/hw/mb_usb_hdmi_top.xsa
TRACE::2024-10-20.14:44:15::SCWPlatform::DSA directory C:/Users/jkali/ece385/lab6/lab62/lab62_sdk/mb_usb_hdmi_top/hw
TRACE::2024-10-20.14:44:15::SCWPlatform:: Platform Path C:/Users/jkali/ece385/lab6/lab62/lab62_sdk/mb_usb_hdmi_top/hw/mb_usb_hdmi_top.xsa
TRACE::2024-10-20.14:44:15::SCWPlatform:: Unique name xilinx:::0.0
TRACE::2024-10-20.14:44:15::SCWPlatform::Trying to set the existing hwdb with name mb_usb_hdmi_top_0
TRACE::2024-10-20.14:44:15::SCWPlatform::Opened existing hwdb mb_usb_hdmi_top_0
TRACE::2024-10-20.14:44:15::SCWPlatform::Found the Hw Db part of the input DSA
TRACE::2024-10-20.14:44:15::SCWPlatform::Trying to open the hw design at C:/Users/jkali/ece385/lab6/lab62/lab62_sdk/mb_usb_hdmi_top/hw/mb_usb_hdmi_top.xsa
TRACE::2024-10-20.14:44:15::SCWPlatform::DSA given C:/Users/jkali/ece385/lab6/lab62/lab62_sdk/mb_usb_hdmi_top/hw/mb_usb_hdmi_top.xsa
TRACE::2024-10-20.14:44:15::SCWPlatform::DSA absoulate path C:/Users/jkali/ece385/lab6/lab62/lab62_sdk/mb_usb_hdmi_top/hw/mb_usb_hdmi_top.xsa
TRACE::2024-10-20.14:44:15::SCWPlatform::DSA directory C:/Users/jkali/ece385/lab6/lab62/lab62_sdk/mb_usb_hdmi_top/hw
TRACE::2024-10-20.14:44:15::SCWPlatform:: Platform Path C:/Users/jkali/ece385/lab6/lab62/lab62_sdk/mb_usb_hdmi_top/hw/mb_usb_hdmi_top.xsa
TRACE::2024-10-20.14:44:15::SCWPlatform:: Unique name xilinx:::0.0
TRACE::2024-10-20.14:44:15::SCWPlatform::Trying to set the existing hwdb with name mb_usb_hdmi_top_0
TRACE::2024-10-20.14:44:15::SCWPlatform::Opened existing hwdb mb_usb_hdmi_top_0
TRACE::2024-10-20.14:44:15::SCWPlatform::Found the Hw Db part of the input DSA
TRACE::2024-10-20.14:44:15::SCWMssOS::Checking the sw design at  C:/Users/jkali/ece385/lab6/lab62/lab62_sdk/mb_usb_hdmi_top/microblaze_0/standalone_microblaze_0/bsp/system.mss
TRACE::2024-10-20.14:44:15::SCWMssOS::DEBUG:  swdes dump  
TRACE::2024-10-20.14:44:15::SCWMssOS::No sw design opened at  C:/Users/jkali/ece385/lab6/lab62/lab62_sdk/mb_usb_hdmi_top/microblaze_0/standalone_microblaze_0/bsp/system.mss
TRACE::2024-10-20.14:44:15::SCWMssOS::mss exists loading the mss file  C:/Users/jkali/ece385/lab6/lab62/lab62_sdk/mb_usb_hdmi_top/microblaze_0/standalone_microblaze_0/bsp/system.mss
TRACE::2024-10-20.14:44:15::SCWMssOS::Opened the sw design from mss  C:/Users/jkali/ece385/lab6/lab62/lab62_sdk/mb_usb_hdmi_top/microblaze_0/standalone_microblaze_0/bsp/system.mss
TRACE::2024-10-20.14:44:15::SCWMssOS::Adding the swdes entry C:/Users/jkali/ece385/lab6/lab62/lab62_sdk/mb_usb_hdmi_top/microblaze_0/standalone_microblaze_0/bsp/system.mss with des name system
TRACE::2024-10-20.14:44:15::SCWMssOS::updating the scw layer about changes
TRACE::2024-10-20.14:44:15::SCWMssOS::Opened the sw design.  C:/Users/jkali/ece385/lab6/lab62/lab62_sdk/mb_usb_hdmi_top/microblaze_0/standalone_microblaze_0/bsp/system.mss
TRACE::2024-10-20.14:44:15::SCWMssOS::Saving the mss changes C:/Users/jkali/ece385/lab6/lab62/lab62_sdk/mb_usb_hdmi_top/microblaze_0/standalone_microblaze_0/bsp/system.mss
TRACE::2024-10-20.14:44:15::SCWMssOS::Found a swdesign opened with the mssfile.
TRACE::2024-10-20.14:44:15::SCWMssOS::Completed writemss as part of save.
TRACE::2024-10-20.14:44:15::SCWMssOS::Commit changes completed.
TRACE::2024-10-20.14:44:15::SCWReader::Adding prebuilt librarypaths as   
TRACE::2024-10-20.14:44:15::SCWReader::Adding prebuilt incpaths  as   
TRACE::2024-10-20.14:44:15::SCWPlatform::Trying to open the hw design at C:/Users/jkali/ece385/lab6/lab62/lab62_sdk/mb_usb_hdmi_top/hw/mb_usb_hdmi_top.xsa
TRACE::2024-10-20.14:44:15::SCWPlatform::DSA given C:/Users/jkali/ece385/lab6/lab62/lab62_sdk/mb_usb_hdmi_top/hw/mb_usb_hdmi_top.xsa
TRACE::2024-10-20.14:44:15::SCWPlatform::DSA absoulate path C:/Users/jkali/ece385/lab6/lab62/lab62_sdk/mb_usb_hdmi_top/hw/mb_usb_hdmi_top.xsa
TRACE::2024-10-20.14:44:15::SCWPlatform::DSA directory C:/Users/jkali/ece385/lab6/lab62/lab62_sdk/mb_usb_hdmi_top/hw
TRACE::2024-10-20.14:44:15::SCWPlatform:: Platform Path C:/Users/jkali/ece385/lab6/lab62/lab62_sdk/mb_usb_hdmi_top/hw/mb_usb_hdmi_top.xsa
TRACE::2024-10-20.14:44:15::SCWPlatform:: Unique name xilinx:::0.0
TRACE::2024-10-20.14:44:15::SCWPlatform::Trying to set the existing hwdb with name mb_usb_hdmi_top_0
TRACE::2024-10-20.14:44:15::SCWPlatform::Opened existing hwdb mb_usb_hdmi_top_0
TRACE::2024-10-20.14:44:15::SCWPlatform::Found the Hw Db part of the input DSA
TRACE::2024-10-20.14:44:15::SCWMssOS::Checking the sw design at  C:/Users/jkali/ece385/lab6/lab62/lab62_sdk/mb_usb_hdmi_top/microblaze_0/standalone_microblaze_0/bsp/system.mss
TRACE::2024-10-20.14:44:15::SCWMssOS::DEBUG:  swdes dump  C:/Users/jkali/ece385/lab6/lab62/lab62_sdk/mb_usb_hdmi_top/microblaze_0/standalone_microblaze_0/bsp/system.mss|system||

TRACE::2024-10-20.14:44:15::SCWMssOS::Sw design exists and opened at  C:/Users/jkali/ece385/lab6/lab62/lab62_sdk/mb_usb_hdmi_top/microblaze_0/standalone_microblaze_0/bsp/system.mss
TRACE::2024-10-20.14:44:15::SCWReader::No isolation master present  
TRACE::2024-10-20.14:44:18::SCWPlatform::DSA given C:/Users/jkali/ece385/lab6/lab62/lab62_sdk/mb_usb_hdmi_top/tempdsa/mb_usb_hdmi_top.xsa
TRACE::2024-10-20.14:44:18::SCWPlatform::DSA absoulate path C:/Users/jkali/ece385/lab6/lab62/lab62_sdk/mb_usb_hdmi_top/tempdsa/mb_usb_hdmi_top.xsa
TRACE::2024-10-20.14:44:18::SCWPlatform:: Platform location is C:/Users/jkali/ece385/lab6/lab62/lab62_sdk/mb_usb_hdmi_top/tempdsa
TRACE::2024-10-20.14:44:18::SCWPlatform:: Platform Path C:/Users/jkali/ece385/lab6/lab62/lab62_sdk/mb_usb_hdmi_top/tempdsa/mb_usb_hdmi_top.xsa
TRACE::2024-10-20.14:44:18::SCWPlatform:: Unique name xilinx:::0.0
TRACE::2024-10-20.14:44:18::SCWPlatform::Found the Hw Db part of the input DSA
TRACE::2024-10-20.14:44:18::SCWMssOS::Doing hw sync for the mss in domain: standalone_microblaze_0
TRACE::2024-10-20.14:44:18::SCWPlatform::Trying to open the hw design at C:/Users/jkali/ece385/lab6/lab62/lab62_sdk/mb_usb_hdmi_top/hw/mb_usb_hdmi_top.xsa
TRACE::2024-10-20.14:44:18::SCWPlatform::DSA given C:/Users/jkali/ece385/lab6/lab62/lab62_sdk/mb_usb_hdmi_top/hw/mb_usb_hdmi_top.xsa
TRACE::2024-10-20.14:44:18::SCWPlatform::DSA absoulate path C:/Users/jkali/ece385/lab6/lab62/lab62_sdk/mb_usb_hdmi_top/hw/mb_usb_hdmi_top.xsa
TRACE::2024-10-20.14:44:18::SCWPlatform::DSA directory C:/Users/jkali/ece385/lab6/lab62/lab62_sdk/mb_usb_hdmi_top/hw
TRACE::2024-10-20.14:44:18::SCWPlatform:: Platform Path C:/Users/jkali/ece385/lab6/lab62/lab62_sdk/mb_usb_hdmi_top/hw/mb_usb_hdmi_top.xsa
TRACE::2024-10-20.14:44:18::SCWPlatform:: Unique name xilinx:::0.0
TRACE::2024-10-20.14:44:18::SCWPlatform::Trying to set the existing hwdb with name mb_usb_hdmi_top_0
TRACE::2024-10-20.14:44:18::SCWPlatform::Opened existing hwdb mb_usb_hdmi_top_0
TRACE::2024-10-20.14:44:18::SCWPlatform::Found the Hw Db part of the input DSA
TRACE::2024-10-20.14:44:18::SCWPlatform::Trying to open the hw design at C:/Users/jkali/ece385/lab6/lab62/lab62_sdk/mb_usb_hdmi_top/hw/mb_usb_hdmi_top.xsa
TRACE::2024-10-20.14:44:18::SCWPlatform::DSA given C:/Users/jkali/ece385/lab6/lab62/lab62_sdk/mb_usb_hdmi_top/hw/mb_usb_hdmi_top.xsa
TRACE::2024-10-20.14:44:18::SCWPlatform::DSA absoulate path C:/Users/jkali/ece385/lab6/lab62/lab62_sdk/mb_usb_hdmi_top/hw/mb_usb_hdmi_top.xsa
TRACE::2024-10-20.14:44:18::SCWPlatform::DSA directory C:/Users/jkali/ece385/lab6/lab62/lab62_sdk/mb_usb_hdmi_top/hw
TRACE::2024-10-20.14:44:18::SCWPlatform:: Platform Path C:/Users/jkali/ece385/lab6/lab62/lab62_sdk/mb_usb_hdmi_top/hw/mb_usb_hdmi_top.xsa
TRACE::2024-10-20.14:44:18::SCWPlatform:: Unique name xilinx:::0.0
TRACE::2024-10-20.14:44:18::SCWPlatform::Trying to set the existing hwdb with name mb_usb_hdmi_top_0
TRACE::2024-10-20.14:44:18::SCWPlatform::Opened existing hwdb mb_usb_hdmi_top_0
TRACE::2024-10-20.14:44:18::SCWPlatform::Found the Hw Db part of the input DSA
TRACE::2024-10-20.14:44:18::SCWMssOS::Checking the sw design at  C:/Users/jkali/ece385/lab6/lab62/lab62_sdk/mb_usb_hdmi_top/microblaze_0/standalone_microblaze_0/bsp/system.mss
TRACE::2024-10-20.14:44:18::SCWMssOS::DEBUG:  swdes dump  C:/Users/jkali/ece385/lab6/lab62/lab62_sdk/mb_usb_hdmi_top/microblaze_0/standalone_microblaze_0/bsp/system.mss|system||

TRACE::2024-10-20.14:44:18::SCWMssOS::Sw design exists and opened at  C:/Users/jkali/ece385/lab6/lab62/lab62_sdk/mb_usb_hdmi_top/microblaze_0/standalone_microblaze_0/bsp/system.mss
TRACE::2024-10-20.14:44:18::SCWPlatform::Trying to open the hw design at C:/Users/jkali/ece385/lab6/lab62/lab62_sdk/mb_usb_hdmi_top/tempdsa/mb_usb_hdmi_top.xsa
TRACE::2024-10-20.14:44:18::SCWPlatform::DSA given C:/Users/jkali/ece385/lab6/lab62/lab62_sdk/mb_usb_hdmi_top/tempdsa/mb_usb_hdmi_top.xsa
TRACE::2024-10-20.14:44:18::SCWPlatform::DSA absoulate path C:/Users/jkali/ece385/lab6/lab62/lab62_sdk/mb_usb_hdmi_top/tempdsa/mb_usb_hdmi_top.xsa
TRACE::2024-10-20.14:44:18::SCWPlatform::DSA directory C:/Users/jkali/ece385/lab6/lab62/lab62_sdk/mb_usb_hdmi_top/tempdsa
TRACE::2024-10-20.14:44:18::SCWPlatform:: Platform Path C:/Users/jkali/ece385/lab6/lab62/lab62_sdk/mb_usb_hdmi_top/tempdsa/mb_usb_hdmi_top.xsa
TRACE::2024-10-20.14:44:18::SCWPlatform:: Unique name xilinx:::0.0
TRACE::2024-10-20.14:44:18::SCWPlatform::update - Opened existing hwdb mb_usb_hdmi_top_1
TRACE::2024-10-20.14:44:18::SCWPlatform::Found the Hw Db part of the input DSA
TRACE::2024-10-20.14:44:18::SCWMssOS::Saving the mss changes C:/Users/jkali/ece385/lab6/lab62/lab62_sdk/mb_usb_hdmi_top/microblaze_0/standalone_microblaze_0/bsp/system.mss
TRACE::2024-10-20.14:44:18::SCWMssOS::Found a swdesign opened with the mssfile.
TRACE::2024-10-20.14:44:18::SCWMssOS::Completed writemss as part of save.
TRACE::2024-10-20.14:44:18::SCWMssOS::Commit changes completed.
TRACE::2024-10-20.14:44:18::SCWMssOS::Completed hw sync for the mss in domain: standalone_microblaze_0
TRACE::2024-10-20.14:44:18::SCWMssOS::Removing the swdes entry for  C:/Users/jkali/ece385/lab6/lab62/lab62_sdk/mb_usb_hdmi_top/microblaze_0/standalone_microblaze_0/bsp/system.mss
TRACE::2024-10-20.14:44:18::SCWPlatform::Trying to open the hw design at C:/Users/jkali/ece385/lab6/lab62/lab62_sdk/mb_usb_hdmi_top/hw/mb_usb_hdmi_top.xsa
TRACE::2024-10-20.14:44:18::SCWPlatform::DSA given C:/Users/jkali/ece385/lab6/lab62/lab62_sdk/mb_usb_hdmi_top/hw/mb_usb_hdmi_top.xsa
TRACE::2024-10-20.14:44:18::SCWPlatform::DSA absoulate path C:/Users/jkali/ece385/lab6/lab62/lab62_sdk/mb_usb_hdmi_top/hw/mb_usb_hdmi_top.xsa
TRACE::2024-10-20.14:44:18::SCWPlatform::DSA directory C:/Users/jkali/ece385/lab6/lab62/lab62_sdk/mb_usb_hdmi_top/hw
TRACE::2024-10-20.14:44:18::SCWPlatform:: Platform Path C:/Users/jkali/ece385/lab6/lab62/lab62_sdk/mb_usb_hdmi_top/hw/mb_usb_hdmi_top.xsa
TRACE::2024-10-20.14:44:18::SCWPlatform:: Unique name xilinx:::0.0
TRACE::2024-10-20.14:44:18::SCWPlatform::Do not have an existing db opened. 
TRACE::2024-10-20.14:44:18::SCWPlatform::Opened new HwDB with name mb_usb_hdmi_top_2
TRACE::2024-10-20.14:44:18::SCWMssOS::Saving the mss changes C:/Users/jkali/ece385/lab6/lab62/lab62_sdk/mb_usb_hdmi_top/microblaze_0/standalone_microblaze_0/bsp/system.mss
TRACE::2024-10-20.14:44:18::SCWMssOS::Adding the swdes entry, mss present, able to open swdb C:/Users/jkali/ece385/lab6/lab62/lab62_sdk/mb_usb_hdmi_top/microblaze_0/standalone_microblaze_0/bsp/system.mss with des name system
TRACE::2024-10-20.14:44:18::SCWMssOS::Writing the mss file completed C:/Users/jkali/ece385/lab6/lab62/lab62_sdk/mb_usb_hdmi_top/microblaze_0/standalone_microblaze_0/bsp/system.mss
TRACE::2024-10-20.14:44:18::SCWMssOS::Commit changes completed.
TRACE::2024-10-20.14:44:18::SCWPlatform::Trying to open the hw design at C:/Users/jkali/ece385/lab6/lab62/lab62_sdk/mb_usb_hdmi_top/hw/mb_usb_hdmi_top.xsa
TRACE::2024-10-20.14:44:18::SCWPlatform::DSA given C:/Users/jkali/ece385/lab6/lab62/lab62_sdk/mb_usb_hdmi_top/hw/mb_usb_hdmi_top.xsa
TRACE::2024-10-20.14:44:18::SCWPlatform::DSA absoulate path C:/Users/jkali/ece385/lab6/lab62/lab62_sdk/mb_usb_hdmi_top/hw/mb_usb_hdmi_top.xsa
TRACE::2024-10-20.14:44:18::SCWPlatform::DSA directory C:/Users/jkali/ece385/lab6/lab62/lab62_sdk/mb_usb_hdmi_top/hw
TRACE::2024-10-20.14:44:18::SCWPlatform:: Platform Path C:/Users/jkali/ece385/lab6/lab62/lab62_sdk/mb_usb_hdmi_top/hw/mb_usb_hdmi_top.xsa
TRACE::2024-10-20.14:44:18::SCWPlatform:: Unique name xilinx:::0.0
TRACE::2024-10-20.14:44:18::SCWPlatform::Trying to set the existing hwdb with name mb_usb_hdmi_top_2
TRACE::2024-10-20.14:44:18::SCWPlatform::Opened existing hwdb mb_usb_hdmi_top_2
TRACE::2024-10-20.14:44:18::SCWPlatform::Found the Hw Db part of the input DSA
TRACE::2024-10-20.14:44:18::SCWMssOS::Checking the sw design at  C:/Users/jkali/ece385/lab6/lab62/lab62_sdk/mb_usb_hdmi_top/microblaze_0/standalone_microblaze_0/bsp/system.mss
TRACE::2024-10-20.14:44:18::SCWMssOS::DEBUG:  swdes dump  C:/Users/jkali/ece385/lab6/lab62/lab62_sdk/mb_usb_hdmi_top/microblaze_0/standalone_microblaze_0/bsp/system.mss|system||

TRACE::2024-10-20.14:44:18::SCWMssOS::Sw design exists and opened at  C:/Users/jkali/ece385/lab6/lab62/lab62_sdk/mb_usb_hdmi_top/microblaze_0/standalone_microblaze_0/bsp/system.mss
TRACE::2024-10-20.14:44:18::SCWWriter::formatted JSON is {
	"platformName":	"mb_usb_hdmi_top",
	"sprVersion":	"2.0",
	"mode":	"gui",
	"dsaType":	"Fixed",
	"platformDesc":	"mb_usb_hdmi_top",
	"platHandOff":	"C:/Users/jkali/ece385/lab6/lab62/mb_usb_hdmi_top.xsa",
	"platIntHandOff":	"<platformDir>/hw/mb_usb_hdmi_top.xsa",
	"deviceType":	"FPGA",
	"platIsPrebuiltAutogen":	"false",
	"platIsNoBootBsp":	"false",
	"hasFsblMakeHasChanges":	"false",
	"hasPmufwMakeHasChanges":	"false",
	"platPreBuiltFlag":	false,
	"platformSamplesDir":	"",
	"platActiveSys":	"mb_usb_hdmi_top",
	"systems":	[{
			"systemName":	"mb_usb_hdmi_top",
			"systemDesc":	"mb_usb_hdmi_top",
			"sysIsBootAutoGen":	"true",
			"systemDispName":	"mb_usb_hdmi_top",
			"sysActiveDom":	"standalone_microblaze_0",
			"sysDefaultDom":	"standalone_microblaze_0",
			"domains":	[{
					"domainName":	"standalone_microblaze_0",
					"domainDispName":	"standalone_microblaze_0",
					"domainDesc":	"standalone_microblaze_0",
					"processors":	"microblaze_0",
					"os":	"standalone",
					"sdxOs":	"standalone",
					"debugEnable":	"False",
					"domRuntimes":	["cpp"],
					"swRepo":	"",
					"mssOsVer":	"8.0",
					"mssFile":	"",
					"md5Digest":	"304529987e879521ca977c68d163f3621",
					"compatibleApp":	"",
					"domType":	"mssDomain",
					"arch":	"32-bit",
					"appSettings":	{
						"appCompilerFlags":	"",
						"appLinkerFlags":	""
					},
					"addedLibs":	[],
					"libOptions":	{
						"libsContainingOptions":	[]
					},
					"prebuiltLibs":	{
						"prebuiltIncPath":	[],
						"prebuiltLibPath":	[]
					},
					"isolation":	{
					}
				}]
		}]
}
TRACE::2024-10-20.14:51:04::SCWPlatform::Clearing the existing platform
TRACE::2024-10-20.14:51:04::SCWSystem::Clearing the existing sysconfig
TRACE::2024-10-20.14:51:04::SCWMssOS::Removing the swdes entry for  C:/Users/jkali/ece385/lab6/lab62/lab62_sdk/mb_usb_hdmi_top/microblaze_0/standalone_microblaze_0/bsp/system.mss
TRACE::2024-10-20.14:51:04::SCWSystem::Clearing the domains completed.
TRACE::2024-10-20.14:51:04::SCWPlatform::Clearing the opened hw db.
TRACE::2024-10-20.14:51:04::SCWPlatform::DSA given C:/Users/jkali/ece385/lab6/lab62/lab62_sdk/mb_usb_hdmi_top/hw/mb_usb_hdmi_top.xsa
TRACE::2024-10-20.14:51:04::SCWPlatform::DSA absoulate path C:/Users/jkali/ece385/lab6/lab62/lab62_sdk/mb_usb_hdmi_top/hw/mb_usb_hdmi_top.xsa
TRACE::2024-10-20.14:51:04::SCWPlatform:: Platform location is C:/Users/jkali/ece385/lab6/lab62/lab62_sdk/mb_usb_hdmi_top/hw
TRACE::2024-10-20.14:51:04::SCWPlatform:: Platform Path C:/Users/jkali/ece385/lab6/lab62/lab62_sdk/mb_usb_hdmi_top/hw/mb_usb_hdmi_top.xsa
TRACE::2024-10-20.14:51:04::SCWPlatform:: Unique name xilinx:::0.0
TRACE::2024-10-20.14:51:04::SCWPlatform::Removing the HwDB with name C:/Users/jkali/ece385/lab6/lab62/lab62_sdk/mb_usb_hdmi_top/hw/mb_usb_hdmi_top.xsa
TRACE::2024-10-20.14:51:04::SCWPlatform::Trying to open the hw design at C:/Users/jkali/ece385/lab6/lab62/lab62_sdk/mb_usb_hdmi_top/hw/mb_usb_hdmi_top.xsa
TRACE::2024-10-20.14:51:04::SCWPlatform::DSA given C:/Users/jkali/ece385/lab6/lab62/lab62_sdk/mb_usb_hdmi_top/hw/mb_usb_hdmi_top.xsa
TRACE::2024-10-20.14:51:04::SCWPlatform::DSA absoulate path C:/Users/jkali/ece385/lab6/lab62/lab62_sdk/mb_usb_hdmi_top/hw/mb_usb_hdmi_top.xsa
TRACE::2024-10-20.14:51:04::SCWPlatform::DSA directory C:/Users/jkali/ece385/lab6/lab62/lab62_sdk/mb_usb_hdmi_top/hw
TRACE::2024-10-20.14:51:04::SCWPlatform:: Platform Path C:/Users/jkali/ece385/lab6/lab62/lab62_sdk/mb_usb_hdmi_top/hw/mb_usb_hdmi_top.xsa
TRACE::2024-10-20.14:51:04::SCWPlatform:: Unique name xilinx:::0.0
TRACE::2024-10-20.14:51:04::SCWPlatform::Do not have an existing db opened. 
TRACE::2024-10-20.14:51:04::SCWPlatform::Opened new HwDB with name mb_usb_hdmi_top_4
TRACE::2024-10-20.14:51:04::SCWReader::Active system found as  mb_usb_hdmi_top
TRACE::2024-10-20.14:51:04::SCWReader::Handling sysconfig mb_usb_hdmi_top
TRACE::2024-10-20.14:51:04::SCWDomain::checking for install qemu data   : 
TRACE::2024-10-20.14:51:04::SCWPlatform::Trying to open the hw design at C:/Users/jkali/ece385/lab6/lab62/lab62_sdk/mb_usb_hdmi_top/hw/mb_usb_hdmi_top.xsa
TRACE::2024-10-20.14:51:04::SCWPlatform::DSA given C:/Users/jkali/ece385/lab6/lab62/lab62_sdk/mb_usb_hdmi_top/hw/mb_usb_hdmi_top.xsa
TRACE::2024-10-20.14:51:04::SCWPlatform::DSA absoulate path C:/Users/jkali/ece385/lab6/lab62/lab62_sdk/mb_usb_hdmi_top/hw/mb_usb_hdmi_top.xsa
TRACE::2024-10-20.14:51:04::SCWPlatform::DSA directory C:/Users/jkali/ece385/lab6/lab62/lab62_sdk/mb_usb_hdmi_top/hw
TRACE::2024-10-20.14:51:04::SCWPlatform:: Platform Path C:/Users/jkali/ece385/lab6/lab62/lab62_sdk/mb_usb_hdmi_top/hw/mb_usb_hdmi_top.xsa
TRACE::2024-10-20.14:51:04::SCWPlatform:: Unique name xilinx:::0.0
TRACE::2024-10-20.14:51:04::SCWPlatform::Trying to set the existing hwdb with name mb_usb_hdmi_top_4
TRACE::2024-10-20.14:51:04::SCWPlatform::Opened existing hwdb mb_usb_hdmi_top_4
TRACE::2024-10-20.14:51:04::SCWPlatform::Found the Hw Db part of the input DSA
TRACE::2024-10-20.14:51:04::SCWPlatform::Trying to open the hw design at C:/Users/jkali/ece385/lab6/lab62/lab62_sdk/mb_usb_hdmi_top/hw/mb_usb_hdmi_top.xsa
TRACE::2024-10-20.14:51:04::SCWPlatform::DSA given C:/Users/jkali/ece385/lab6/lab62/lab62_sdk/mb_usb_hdmi_top/hw/mb_usb_hdmi_top.xsa
TRACE::2024-10-20.14:51:04::SCWPlatform::DSA absoulate path C:/Users/jkali/ece385/lab6/lab62/lab62_sdk/mb_usb_hdmi_top/hw/mb_usb_hdmi_top.xsa
TRACE::2024-10-20.14:51:04::SCWPlatform::DSA directory C:/Users/jkali/ece385/lab6/lab62/lab62_sdk/mb_usb_hdmi_top/hw
TRACE::2024-10-20.14:51:04::SCWPlatform:: Platform Path C:/Users/jkali/ece385/lab6/lab62/lab62_sdk/mb_usb_hdmi_top/hw/mb_usb_hdmi_top.xsa
TRACE::2024-10-20.14:51:04::SCWPlatform:: Unique name xilinx:::0.0
TRACE::2024-10-20.14:51:04::SCWPlatform::Trying to set the existing hwdb with name mb_usb_hdmi_top_4
TRACE::2024-10-20.14:51:04::SCWPlatform::Opened existing hwdb mb_usb_hdmi_top_4
TRACE::2024-10-20.14:51:04::SCWPlatform::Found the Hw Db part of the input DSA
TRACE::2024-10-20.14:51:04::SCWPlatform::Trying to open the hw design at C:/Users/jkali/ece385/lab6/lab62/lab62_sdk/mb_usb_hdmi_top/hw/mb_usb_hdmi_top.xsa
TRACE::2024-10-20.14:51:04::SCWPlatform::DSA given C:/Users/jkali/ece385/lab6/lab62/lab62_sdk/mb_usb_hdmi_top/hw/mb_usb_hdmi_top.xsa
TRACE::2024-10-20.14:51:04::SCWPlatform::DSA absoulate path C:/Users/jkali/ece385/lab6/lab62/lab62_sdk/mb_usb_hdmi_top/hw/mb_usb_hdmi_top.xsa
TRACE::2024-10-20.14:51:04::SCWPlatform::DSA directory C:/Users/jkali/ece385/lab6/lab62/lab62_sdk/mb_usb_hdmi_top/hw
TRACE::2024-10-20.14:51:04::SCWPlatform:: Platform Path C:/Users/jkali/ece385/lab6/lab62/lab62_sdk/mb_usb_hdmi_top/hw/mb_usb_hdmi_top.xsa
TRACE::2024-10-20.14:51:04::SCWPlatform:: Unique name xilinx:::0.0
TRACE::2024-10-20.14:51:04::SCWPlatform::Trying to set the existing hwdb with name mb_usb_hdmi_top_4
TRACE::2024-10-20.14:51:04::SCWPlatform::Opened existing hwdb mb_usb_hdmi_top_4
TRACE::2024-10-20.14:51:04::SCWPlatform::Found the Hw Db part of the input DSA
TRACE::2024-10-20.14:51:04::SCWPlatform::Trying to open the hw design at C:/Users/jkali/ece385/lab6/lab62/lab62_sdk/mb_usb_hdmi_top/hw/mb_usb_hdmi_top.xsa
TRACE::2024-10-20.14:51:04::SCWPlatform::DSA given C:/Users/jkali/ece385/lab6/lab62/lab62_sdk/mb_usb_hdmi_top/hw/mb_usb_hdmi_top.xsa
TRACE::2024-10-20.14:51:04::SCWPlatform::DSA absoulate path C:/Users/jkali/ece385/lab6/lab62/lab62_sdk/mb_usb_hdmi_top/hw/mb_usb_hdmi_top.xsa
TRACE::2024-10-20.14:51:04::SCWPlatform::DSA directory C:/Users/jkali/ece385/lab6/lab62/lab62_sdk/mb_usb_hdmi_top/hw
TRACE::2024-10-20.14:51:04::SCWPlatform:: Platform Path C:/Users/jkali/ece385/lab6/lab62/lab62_sdk/mb_usb_hdmi_top/hw/mb_usb_hdmi_top.xsa
TRACE::2024-10-20.14:51:04::SCWPlatform:: Unique name xilinx:::0.0
TRACE::2024-10-20.14:51:04::SCWPlatform::Trying to set the existing hwdb with name mb_usb_hdmi_top_4
TRACE::2024-10-20.14:51:04::SCWPlatform::Opened existing hwdb mb_usb_hdmi_top_4
TRACE::2024-10-20.14:51:04::SCWPlatform::Found the Hw Db part of the input DSA
TRACE::2024-10-20.14:51:04::SCWMssOS::Checking the sw design at  C:/Users/jkali/ece385/lab6/lab62/lab62_sdk/mb_usb_hdmi_top/microblaze_0/standalone_microblaze_0/bsp/system.mss
TRACE::2024-10-20.14:51:04::SCWMssOS::DEBUG:  swdes dump  
TRACE::2024-10-20.14:51:04::SCWMssOS::No sw design opened at  C:/Users/jkali/ece385/lab6/lab62/lab62_sdk/mb_usb_hdmi_top/microblaze_0/standalone_microblaze_0/bsp/system.mss
TRACE::2024-10-20.14:51:04::SCWMssOS::mss exists loading the mss file  C:/Users/jkali/ece385/lab6/lab62/lab62_sdk/mb_usb_hdmi_top/microblaze_0/standalone_microblaze_0/bsp/system.mss
TRACE::2024-10-20.14:51:04::SCWMssOS::Opened the sw design from mss  C:/Users/jkali/ece385/lab6/lab62/lab62_sdk/mb_usb_hdmi_top/microblaze_0/standalone_microblaze_0/bsp/system.mss
TRACE::2024-10-20.14:51:04::SCWMssOS::Adding the swdes entry C:/Users/jkali/ece385/lab6/lab62/lab62_sdk/mb_usb_hdmi_top/microblaze_0/standalone_microblaze_0/bsp/system.mss with des name system
TRACE::2024-10-20.14:51:04::SCWMssOS::updating the scw layer about changes
TRACE::2024-10-20.14:51:04::SCWMssOS::Opened the sw design.  C:/Users/jkali/ece385/lab6/lab62/lab62_sdk/mb_usb_hdmi_top/microblaze_0/standalone_microblaze_0/bsp/system.mss
TRACE::2024-10-20.14:51:04::SCWMssOS::Saving the mss changes C:/Users/jkali/ece385/lab6/lab62/lab62_sdk/mb_usb_hdmi_top/microblaze_0/standalone_microblaze_0/bsp/system.mss
TRACE::2024-10-20.14:51:04::SCWMssOS::Found a swdesign opened with the mssfile.
TRACE::2024-10-20.14:51:04::SCWMssOS::Completed writemss as part of save.
TRACE::2024-10-20.14:51:04::SCWMssOS::Commit changes completed.
TRACE::2024-10-20.14:51:04::SCWReader::Adding prebuilt librarypaths as   
TRACE::2024-10-20.14:51:04::SCWReader::Adding prebuilt incpaths  as   
TRACE::2024-10-20.14:51:04::SCWPlatform::Trying to open the hw design at C:/Users/jkali/ece385/lab6/lab62/lab62_sdk/mb_usb_hdmi_top/hw/mb_usb_hdmi_top.xsa
TRACE::2024-10-20.14:51:04::SCWPlatform::DSA given C:/Users/jkali/ece385/lab6/lab62/lab62_sdk/mb_usb_hdmi_top/hw/mb_usb_hdmi_top.xsa
TRACE::2024-10-20.14:51:04::SCWPlatform::DSA absoulate path C:/Users/jkali/ece385/lab6/lab62/lab62_sdk/mb_usb_hdmi_top/hw/mb_usb_hdmi_top.xsa
TRACE::2024-10-20.14:51:04::SCWPlatform::DSA directory C:/Users/jkali/ece385/lab6/lab62/lab62_sdk/mb_usb_hdmi_top/hw
TRACE::2024-10-20.14:51:04::SCWPlatform:: Platform Path C:/Users/jkali/ece385/lab6/lab62/lab62_sdk/mb_usb_hdmi_top/hw/mb_usb_hdmi_top.xsa
TRACE::2024-10-20.14:51:04::SCWPlatform:: Unique name xilinx:::0.0
TRACE::2024-10-20.14:51:04::SCWPlatform::Trying to set the existing hwdb with name mb_usb_hdmi_top_4
TRACE::2024-10-20.14:51:04::SCWPlatform::Opened existing hwdb mb_usb_hdmi_top_4
TRACE::2024-10-20.14:51:04::SCWPlatform::Found the Hw Db part of the input DSA
TRACE::2024-10-20.14:51:04::SCWMssOS::Checking the sw design at  C:/Users/jkali/ece385/lab6/lab62/lab62_sdk/mb_usb_hdmi_top/microblaze_0/standalone_microblaze_0/bsp/system.mss
TRACE::2024-10-20.14:51:04::SCWMssOS::DEBUG:  swdes dump  C:/Users/jkali/ece385/lab6/lab62/lab62_sdk/mb_usb_hdmi_top/microblaze_0/standalone_microblaze_0/bsp/system.mss|system||

TRACE::2024-10-20.14:51:04::SCWMssOS::Sw design exists and opened at  C:/Users/jkali/ece385/lab6/lab62/lab62_sdk/mb_usb_hdmi_top/microblaze_0/standalone_microblaze_0/bsp/system.mss
TRACE::2024-10-20.14:51:04::SCWReader::No isolation master present  
TRACE::2024-10-20.14:51:07::SCWPlatform::DSA given C:/Users/jkali/ece385/lab6/lab62/lab62_sdk/mb_usb_hdmi_top/tempdsa/mb_usb_hdmi_top.xsa
TRACE::2024-10-20.14:51:07::SCWPlatform::DSA absoulate path C:/Users/jkali/ece385/lab6/lab62/lab62_sdk/mb_usb_hdmi_top/tempdsa/mb_usb_hdmi_top.xsa
TRACE::2024-10-20.14:51:07::SCWPlatform:: Platform location is C:/Users/jkali/ece385/lab6/lab62/lab62_sdk/mb_usb_hdmi_top/tempdsa
TRACE::2024-10-20.14:51:07::SCWPlatform:: Platform Path C:/Users/jkali/ece385/lab6/lab62/lab62_sdk/mb_usb_hdmi_top/tempdsa/mb_usb_hdmi_top.xsa
TRACE::2024-10-20.14:51:07::SCWPlatform:: Unique name xilinx:::0.0
TRACE::2024-10-20.14:51:08::SCWPlatform::Found the Hw Db part of the input DSA
TRACE::2024-10-20.14:51:08::SCWMssOS::Doing hw sync for the mss in domain: standalone_microblaze_0
TRACE::2024-10-20.14:51:08::SCWPlatform::Trying to open the hw design at C:/Users/jkali/ece385/lab6/lab62/lab62_sdk/mb_usb_hdmi_top/hw/mb_usb_hdmi_top.xsa
TRACE::2024-10-20.14:51:08::SCWPlatform::DSA given C:/Users/jkali/ece385/lab6/lab62/lab62_sdk/mb_usb_hdmi_top/hw/mb_usb_hdmi_top.xsa
TRACE::2024-10-20.14:51:08::SCWPlatform::DSA absoulate path C:/Users/jkali/ece385/lab6/lab62/lab62_sdk/mb_usb_hdmi_top/hw/mb_usb_hdmi_top.xsa
TRACE::2024-10-20.14:51:08::SCWPlatform::DSA directory C:/Users/jkali/ece385/lab6/lab62/lab62_sdk/mb_usb_hdmi_top/hw
TRACE::2024-10-20.14:51:08::SCWPlatform:: Platform Path C:/Users/jkali/ece385/lab6/lab62/lab62_sdk/mb_usb_hdmi_top/hw/mb_usb_hdmi_top.xsa
TRACE::2024-10-20.14:51:08::SCWPlatform:: Unique name xilinx:::0.0
TRACE::2024-10-20.14:51:08::SCWPlatform::Trying to set the existing hwdb with name mb_usb_hdmi_top_4
TRACE::2024-10-20.14:51:08::SCWPlatform::Opened existing hwdb mb_usb_hdmi_top_4
TRACE::2024-10-20.14:51:08::SCWPlatform::Found the Hw Db part of the input DSA
TRACE::2024-10-20.14:51:08::SCWPlatform::Trying to open the hw design at C:/Users/jkali/ece385/lab6/lab62/lab62_sdk/mb_usb_hdmi_top/hw/mb_usb_hdmi_top.xsa
TRACE::2024-10-20.14:51:08::SCWPlatform::DSA given C:/Users/jkali/ece385/lab6/lab62/lab62_sdk/mb_usb_hdmi_top/hw/mb_usb_hdmi_top.xsa
TRACE::2024-10-20.14:51:08::SCWPlatform::DSA absoulate path C:/Users/jkali/ece385/lab6/lab62/lab62_sdk/mb_usb_hdmi_top/hw/mb_usb_hdmi_top.xsa
TRACE::2024-10-20.14:51:08::SCWPlatform::DSA directory C:/Users/jkali/ece385/lab6/lab62/lab62_sdk/mb_usb_hdmi_top/hw
TRACE::2024-10-20.14:51:08::SCWPlatform:: Platform Path C:/Users/jkali/ece385/lab6/lab62/lab62_sdk/mb_usb_hdmi_top/hw/mb_usb_hdmi_top.xsa
TRACE::2024-10-20.14:51:08::SCWPlatform:: Unique name xilinx:::0.0
TRACE::2024-10-20.14:51:08::SCWPlatform::Trying to set the existing hwdb with name mb_usb_hdmi_top_4
TRACE::2024-10-20.14:51:08::SCWPlatform::Opened existing hwdb mb_usb_hdmi_top_4
TRACE::2024-10-20.14:51:08::SCWPlatform::Found the Hw Db part of the input DSA
TRACE::2024-10-20.14:51:08::SCWMssOS::Checking the sw design at  C:/Users/jkali/ece385/lab6/lab62/lab62_sdk/mb_usb_hdmi_top/microblaze_0/standalone_microblaze_0/bsp/system.mss
TRACE::2024-10-20.14:51:08::SCWMssOS::DEBUG:  swdes dump  C:/Users/jkali/ece385/lab6/lab62/lab62_sdk/mb_usb_hdmi_top/microblaze_0/standalone_microblaze_0/bsp/system.mss|system||

TRACE::2024-10-20.14:51:08::SCWMssOS::Sw design exists and opened at  C:/Users/jkali/ece385/lab6/lab62/lab62_sdk/mb_usb_hdmi_top/microblaze_0/standalone_microblaze_0/bsp/system.mss
TRACE::2024-10-20.14:51:08::SCWPlatform::Trying to open the hw design at C:/Users/jkali/ece385/lab6/lab62/lab62_sdk/mb_usb_hdmi_top/tempdsa/mb_usb_hdmi_top.xsa
TRACE::2024-10-20.14:51:08::SCWPlatform::DSA given C:/Users/jkali/ece385/lab6/lab62/lab62_sdk/mb_usb_hdmi_top/tempdsa/mb_usb_hdmi_top.xsa
TRACE::2024-10-20.14:51:08::SCWPlatform::DSA absoulate path C:/Users/jkali/ece385/lab6/lab62/lab62_sdk/mb_usb_hdmi_top/tempdsa/mb_usb_hdmi_top.xsa
TRACE::2024-10-20.14:51:08::SCWPlatform::DSA directory C:/Users/jkali/ece385/lab6/lab62/lab62_sdk/mb_usb_hdmi_top/tempdsa
TRACE::2024-10-20.14:51:08::SCWPlatform:: Platform Path C:/Users/jkali/ece385/lab6/lab62/lab62_sdk/mb_usb_hdmi_top/tempdsa/mb_usb_hdmi_top.xsa
TRACE::2024-10-20.14:51:08::SCWPlatform:: Unique name xilinx:::0.0
TRACE::2024-10-20.14:51:08::SCWPlatform::update - Opened existing hwdb mb_usb_hdmi_top_5
TRACE::2024-10-20.14:51:08::SCWPlatform::Found the Hw Db part of the input DSA
TRACE::2024-10-20.14:51:08::SCWMssOS::Saving the mss changes C:/Users/jkali/ece385/lab6/lab62/lab62_sdk/mb_usb_hdmi_top/microblaze_0/standalone_microblaze_0/bsp/system.mss
TRACE::2024-10-20.14:51:08::SCWMssOS::Found a swdesign opened with the mssfile.
TRACE::2024-10-20.14:51:08::SCWMssOS::Completed writemss as part of save.
TRACE::2024-10-20.14:51:08::SCWMssOS::Commit changes completed.
TRACE::2024-10-20.14:51:08::SCWMssOS::Completed hw sync for the mss in domain: standalone_microblaze_0
TRACE::2024-10-20.14:51:08::SCWMssOS::Removing the swdes entry for  C:/Users/jkali/ece385/lab6/lab62/lab62_sdk/mb_usb_hdmi_top/microblaze_0/standalone_microblaze_0/bsp/system.mss
TRACE::2024-10-20.14:51:08::SCWPlatform::Trying to open the hw design at C:/Users/jkali/ece385/lab6/lab62/lab62_sdk/mb_usb_hdmi_top/hw/mb_usb_hdmi_top.xsa
TRACE::2024-10-20.14:51:08::SCWPlatform::DSA given C:/Users/jkali/ece385/lab6/lab62/lab62_sdk/mb_usb_hdmi_top/hw/mb_usb_hdmi_top.xsa
TRACE::2024-10-20.14:51:08::SCWPlatform::DSA absoulate path C:/Users/jkali/ece385/lab6/lab62/lab62_sdk/mb_usb_hdmi_top/hw/mb_usb_hdmi_top.xsa
TRACE::2024-10-20.14:51:08::SCWPlatform::DSA directory C:/Users/jkali/ece385/lab6/lab62/lab62_sdk/mb_usb_hdmi_top/hw
TRACE::2024-10-20.14:51:08::SCWPlatform:: Platform Path C:/Users/jkali/ece385/lab6/lab62/lab62_sdk/mb_usb_hdmi_top/hw/mb_usb_hdmi_top.xsa
TRACE::2024-10-20.14:51:08::SCWPlatform:: Unique name xilinx:::0.0
TRACE::2024-10-20.14:51:08::SCWPlatform::Do not have an existing db opened. 
TRACE::2024-10-20.14:51:08::SCWPlatform::Opened new HwDB with name mb_usb_hdmi_top_6
TRACE::2024-10-20.14:51:08::SCWMssOS::Saving the mss changes C:/Users/jkali/ece385/lab6/lab62/lab62_sdk/mb_usb_hdmi_top/microblaze_0/standalone_microblaze_0/bsp/system.mss
TRACE::2024-10-20.14:51:08::SCWMssOS::Adding the swdes entry, mss present, able to open swdb C:/Users/jkali/ece385/lab6/lab62/lab62_sdk/mb_usb_hdmi_top/microblaze_0/standalone_microblaze_0/bsp/system.mss with des name system
TRACE::2024-10-20.14:51:08::SCWMssOS::Writing the mss file completed C:/Users/jkali/ece385/lab6/lab62/lab62_sdk/mb_usb_hdmi_top/microblaze_0/standalone_microblaze_0/bsp/system.mss
TRACE::2024-10-20.14:51:08::SCWMssOS::Commit changes completed.
TRACE::2024-10-20.14:51:08::SCWPlatform::Trying to open the hw design at C:/Users/jkali/ece385/lab6/lab62/lab62_sdk/mb_usb_hdmi_top/hw/mb_usb_hdmi_top.xsa
TRACE::2024-10-20.14:51:08::SCWPlatform::DSA given C:/Users/jkali/ece385/lab6/lab62/lab62_sdk/mb_usb_hdmi_top/hw/mb_usb_hdmi_top.xsa
TRACE::2024-10-20.14:51:08::SCWPlatform::DSA absoulate path C:/Users/jkali/ece385/lab6/lab62/lab62_sdk/mb_usb_hdmi_top/hw/mb_usb_hdmi_top.xsa
TRACE::2024-10-20.14:51:08::SCWPlatform::DSA directory C:/Users/jkali/ece385/lab6/lab62/lab62_sdk/mb_usb_hdmi_top/hw
TRACE::2024-10-20.14:51:08::SCWPlatform:: Platform Path C:/Users/jkali/ece385/lab6/lab62/lab62_sdk/mb_usb_hdmi_top/hw/mb_usb_hdmi_top.xsa
TRACE::2024-10-20.14:51:08::SCWPlatform:: Unique name xilinx:::0.0
TRACE::2024-10-20.14:51:08::SCWPlatform::Trying to set the existing hwdb with name mb_usb_hdmi_top_6
TRACE::2024-10-20.14:51:08::SCWPlatform::Opened existing hwdb mb_usb_hdmi_top_6
TRACE::2024-10-20.14:51:08::SCWPlatform::Found the Hw Db part of the input DSA
TRACE::2024-10-20.14:51:08::SCWMssOS::Checking the sw design at  C:/Users/jkali/ece385/lab6/lab62/lab62_sdk/mb_usb_hdmi_top/microblaze_0/standalone_microblaze_0/bsp/system.mss
TRACE::2024-10-20.14:51:08::SCWMssOS::DEBUG:  swdes dump  C:/Users/jkali/ece385/lab6/lab62/lab62_sdk/mb_usb_hdmi_top/microblaze_0/standalone_microblaze_0/bsp/system.mss|system||

TRACE::2024-10-20.14:51:08::SCWMssOS::Sw design exists and opened at  C:/Users/jkali/ece385/lab6/lab62/lab62_sdk/mb_usb_hdmi_top/microblaze_0/standalone_microblaze_0/bsp/system.mss
TRACE::2024-10-20.14:51:08::SCWWriter::formatted JSON is {
	"platformName":	"mb_usb_hdmi_top",
	"sprVersion":	"2.0",
	"mode":	"gui",
	"dsaType":	"Fixed",
	"platformDesc":	"mb_usb_hdmi_top",
	"platHandOff":	"C:/Users/jkali/ece385/lab6/lab62/mb_usb_hdmi_top.xsa",
	"platIntHandOff":	"<platformDir>/hw/mb_usb_hdmi_top.xsa",
	"deviceType":	"FPGA",
	"platIsPrebuiltAutogen":	"false",
	"platIsNoBootBsp":	"false",
	"hasFsblMakeHasChanges":	"false",
	"hasPmufwMakeHasChanges":	"false",
	"platPreBuiltFlag":	false,
	"platformSamplesDir":	"",
	"platActiveSys":	"mb_usb_hdmi_top",
	"systems":	[{
			"systemName":	"mb_usb_hdmi_top",
			"systemDesc":	"mb_usb_hdmi_top",
			"sysIsBootAutoGen":	"true",
			"systemDispName":	"mb_usb_hdmi_top",
			"sysActiveDom":	"standalone_microblaze_0",
			"sysDefaultDom":	"standalone_microblaze_0",
			"domains":	[{
					"domainName":	"standalone_microblaze_0",
					"domainDispName":	"standalone_microblaze_0",
					"domainDesc":	"standalone_microblaze_0",
					"processors":	"microblaze_0",
					"os":	"standalone",
					"sdxOs":	"standalone",
					"debugEnable":	"False",
					"domRuntimes":	["cpp"],
					"swRepo":	"",
					"mssOsVer":	"8.0",
					"mssFile":	"",
					"md5Digest":	"304529987e879521ca977c68d163f3621",
					"compatibleApp":	"",
					"domType":	"mssDomain",
					"arch":	"32-bit",
					"appSettings":	{
						"appCompilerFlags":	"",
						"appLinkerFlags":	""
					},
					"addedLibs":	[],
					"libOptions":	{
						"libsContainingOptions":	[]
					},
					"prebuiltLibs":	{
						"prebuiltIncPath":	[],
						"prebuiltLibPath":	[]
					},
					"isolation":	{
					}
				}]
		}]
}
TRACE::2024-10-20.14:51:50::SCWPlatform::Clearing the existing platform
TRACE::2024-10-20.14:51:50::SCWSystem::Clearing the existing sysconfig
TRACE::2024-10-20.14:51:50::SCWMssOS::Removing the swdes entry for  C:/Users/jkali/ece385/lab6/lab62/lab62_sdk/mb_usb_hdmi_top/microblaze_0/standalone_microblaze_0/bsp/system.mss
TRACE::2024-10-20.14:51:50::SCWSystem::Clearing the domains completed.
TRACE::2024-10-20.14:51:50::SCWPlatform::Clearing the opened hw db.
TRACE::2024-10-20.14:51:50::SCWPlatform::DSA given C:/Users/jkali/ece385/lab6/lab62/lab62_sdk/mb_usb_hdmi_top/hw/mb_usb_hdmi_top.xsa
TRACE::2024-10-20.14:51:50::SCWPlatform::DSA absoulate path C:/Users/jkali/ece385/lab6/lab62/lab62_sdk/mb_usb_hdmi_top/hw/mb_usb_hdmi_top.xsa
TRACE::2024-10-20.14:51:50::SCWPlatform:: Platform location is C:/Users/jkali/ece385/lab6/lab62/lab62_sdk/mb_usb_hdmi_top/hw
TRACE::2024-10-20.14:51:50::SCWPlatform:: Platform Path C:/Users/jkali/ece385/lab6/lab62/lab62_sdk/mb_usb_hdmi_top/hw/mb_usb_hdmi_top.xsa
TRACE::2024-10-20.14:51:50::SCWPlatform:: Unique name xilinx:::0.0
TRACE::2024-10-20.14:51:50::SCWPlatform::Removing the HwDB with name C:/Users/jkali/ece385/lab6/lab62/lab62_sdk/mb_usb_hdmi_top/hw/mb_usb_hdmi_top.xsa
TRACE::2024-10-20.14:51:50::SCWPlatform::Trying to open the hw design at C:/Users/jkali/ece385/lab6/lab62/lab62_sdk/mb_usb_hdmi_top/hw/mb_usb_hdmi_top.xsa
TRACE::2024-10-20.14:51:50::SCWPlatform::DSA given C:/Users/jkali/ece385/lab6/lab62/lab62_sdk/mb_usb_hdmi_top/hw/mb_usb_hdmi_top.xsa
TRACE::2024-10-20.14:51:50::SCWPlatform::DSA absoulate path C:/Users/jkali/ece385/lab6/lab62/lab62_sdk/mb_usb_hdmi_top/hw/mb_usb_hdmi_top.xsa
TRACE::2024-10-20.14:51:50::SCWPlatform::DSA directory C:/Users/jkali/ece385/lab6/lab62/lab62_sdk/mb_usb_hdmi_top/hw
TRACE::2024-10-20.14:51:50::SCWPlatform:: Platform Path C:/Users/jkali/ece385/lab6/lab62/lab62_sdk/mb_usb_hdmi_top/hw/mb_usb_hdmi_top.xsa
TRACE::2024-10-20.14:51:50::SCWPlatform:: Unique name xilinx:::0.0
TRACE::2024-10-20.14:51:50::SCWPlatform::Do not have an existing db opened. 
TRACE::2024-10-20.14:51:51::SCWPlatform::Opened new HwDB with name mb_usb_hdmi_top_7
TRACE::2024-10-20.14:51:51::SCWReader::Active system found as  mb_usb_hdmi_top
TRACE::2024-10-20.14:51:51::SCWReader::Handling sysconfig mb_usb_hdmi_top
TRACE::2024-10-20.14:51:51::SCWDomain::checking for install qemu data   : 
TRACE::2024-10-20.14:51:51::SCWPlatform::Trying to open the hw design at C:/Users/jkali/ece385/lab6/lab62/lab62_sdk/mb_usb_hdmi_top/hw/mb_usb_hdmi_top.xsa
TRACE::2024-10-20.14:51:51::SCWPlatform::DSA given C:/Users/jkali/ece385/lab6/lab62/lab62_sdk/mb_usb_hdmi_top/hw/mb_usb_hdmi_top.xsa
TRACE::2024-10-20.14:51:51::SCWPlatform::DSA absoulate path C:/Users/jkali/ece385/lab6/lab62/lab62_sdk/mb_usb_hdmi_top/hw/mb_usb_hdmi_top.xsa
TRACE::2024-10-20.14:51:51::SCWPlatform::DSA directory C:/Users/jkali/ece385/lab6/lab62/lab62_sdk/mb_usb_hdmi_top/hw
TRACE::2024-10-20.14:51:51::SCWPlatform:: Platform Path C:/Users/jkali/ece385/lab6/lab62/lab62_sdk/mb_usb_hdmi_top/hw/mb_usb_hdmi_top.xsa
TRACE::2024-10-20.14:51:51::SCWPlatform:: Unique name xilinx:::0.0
TRACE::2024-10-20.14:51:51::SCWPlatform::Trying to set the existing hwdb with name mb_usb_hdmi_top_7
TRACE::2024-10-20.14:51:51::SCWPlatform::Opened existing hwdb mb_usb_hdmi_top_7
TRACE::2024-10-20.14:51:51::SCWPlatform::Found the Hw Db part of the input DSA
TRACE::2024-10-20.14:51:51::SCWPlatform::Trying to open the hw design at C:/Users/jkali/ece385/lab6/lab62/lab62_sdk/mb_usb_hdmi_top/hw/mb_usb_hdmi_top.xsa
TRACE::2024-10-20.14:51:51::SCWPlatform::DSA given C:/Users/jkali/ece385/lab6/lab62/lab62_sdk/mb_usb_hdmi_top/hw/mb_usb_hdmi_top.xsa
TRACE::2024-10-20.14:51:51::SCWPlatform::DSA absoulate path C:/Users/jkali/ece385/lab6/lab62/lab62_sdk/mb_usb_hdmi_top/hw/mb_usb_hdmi_top.xsa
TRACE::2024-10-20.14:51:51::SCWPlatform::DSA directory C:/Users/jkali/ece385/lab6/lab62/lab62_sdk/mb_usb_hdmi_top/hw
TRACE::2024-10-20.14:51:51::SCWPlatform:: Platform Path C:/Users/jkali/ece385/lab6/lab62/lab62_sdk/mb_usb_hdmi_top/hw/mb_usb_hdmi_top.xsa
TRACE::2024-10-20.14:51:51::SCWPlatform:: Unique name xilinx:::0.0
TRACE::2024-10-20.14:51:51::SCWPlatform::Trying to set the existing hwdb with name mb_usb_hdmi_top_7
TRACE::2024-10-20.14:51:51::SCWPlatform::Opened existing hwdb mb_usb_hdmi_top_7
TRACE::2024-10-20.14:51:51::SCWPlatform::Found the Hw Db part of the input DSA
TRACE::2024-10-20.14:51:51::SCWPlatform::Trying to open the hw design at C:/Users/jkali/ece385/lab6/lab62/lab62_sdk/mb_usb_hdmi_top/hw/mb_usb_hdmi_top.xsa
TRACE::2024-10-20.14:51:51::SCWPlatform::DSA given C:/Users/jkali/ece385/lab6/lab62/lab62_sdk/mb_usb_hdmi_top/hw/mb_usb_hdmi_top.xsa
TRACE::2024-10-20.14:51:51::SCWPlatform::DSA absoulate path C:/Users/jkali/ece385/lab6/lab62/lab62_sdk/mb_usb_hdmi_top/hw/mb_usb_hdmi_top.xsa
TRACE::2024-10-20.14:51:51::SCWPlatform::DSA directory C:/Users/jkali/ece385/lab6/lab62/lab62_sdk/mb_usb_hdmi_top/hw
TRACE::2024-10-20.14:51:51::SCWPlatform:: Platform Path C:/Users/jkali/ece385/lab6/lab62/lab62_sdk/mb_usb_hdmi_top/hw/mb_usb_hdmi_top.xsa
TRACE::2024-10-20.14:51:51::SCWPlatform:: Unique name xilinx:::0.0
TRACE::2024-10-20.14:51:51::SCWPlatform::Trying to set the existing hwdb with name mb_usb_hdmi_top_7
TRACE::2024-10-20.14:51:51::SCWPlatform::Opened existing hwdb mb_usb_hdmi_top_7
TRACE::2024-10-20.14:51:51::SCWPlatform::Found the Hw Db part of the input DSA
TRACE::2024-10-20.14:51:51::SCWPlatform::Trying to open the hw design at C:/Users/jkali/ece385/lab6/lab62/lab62_sdk/mb_usb_hdmi_top/hw/mb_usb_hdmi_top.xsa
TRACE::2024-10-20.14:51:51::SCWPlatform::DSA given C:/Users/jkali/ece385/lab6/lab62/lab62_sdk/mb_usb_hdmi_top/hw/mb_usb_hdmi_top.xsa
TRACE::2024-10-20.14:51:51::SCWPlatform::DSA absoulate path C:/Users/jkali/ece385/lab6/lab62/lab62_sdk/mb_usb_hdmi_top/hw/mb_usb_hdmi_top.xsa
TRACE::2024-10-20.14:51:51::SCWPlatform::DSA directory C:/Users/jkali/ece385/lab6/lab62/lab62_sdk/mb_usb_hdmi_top/hw
TRACE::2024-10-20.14:51:51::SCWPlatform:: Platform Path C:/Users/jkali/ece385/lab6/lab62/lab62_sdk/mb_usb_hdmi_top/hw/mb_usb_hdmi_top.xsa
TRACE::2024-10-20.14:51:51::SCWPlatform:: Unique name xilinx:::0.0
TRACE::2024-10-20.14:51:51::SCWPlatform::Trying to set the existing hwdb with name mb_usb_hdmi_top_7
TRACE::2024-10-20.14:51:51::SCWPlatform::Opened existing hwdb mb_usb_hdmi_top_7
TRACE::2024-10-20.14:51:51::SCWPlatform::Found the Hw Db part of the input DSA
TRACE::2024-10-20.14:51:51::SCWMssOS::Checking the sw design at  C:/Users/jkali/ece385/lab6/lab62/lab62_sdk/mb_usb_hdmi_top/microblaze_0/standalone_microblaze_0/bsp/system.mss
TRACE::2024-10-20.14:51:51::SCWMssOS::DEBUG:  swdes dump  
TRACE::2024-10-20.14:51:51::SCWMssOS::No sw design opened at  C:/Users/jkali/ece385/lab6/lab62/lab62_sdk/mb_usb_hdmi_top/microblaze_0/standalone_microblaze_0/bsp/system.mss
TRACE::2024-10-20.14:51:51::SCWMssOS::mss exists loading the mss file  C:/Users/jkali/ece385/lab6/lab62/lab62_sdk/mb_usb_hdmi_top/microblaze_0/standalone_microblaze_0/bsp/system.mss
TRACE::2024-10-20.14:51:51::SCWMssOS::Opened the sw design from mss  C:/Users/jkali/ece385/lab6/lab62/lab62_sdk/mb_usb_hdmi_top/microblaze_0/standalone_microblaze_0/bsp/system.mss
TRACE::2024-10-20.14:51:51::SCWMssOS::Adding the swdes entry C:/Users/jkali/ece385/lab6/lab62/lab62_sdk/mb_usb_hdmi_top/microblaze_0/standalone_microblaze_0/bsp/system.mss with des name system
TRACE::2024-10-20.14:51:51::SCWMssOS::updating the scw layer about changes
TRACE::2024-10-20.14:51:51::SCWMssOS::Opened the sw design.  C:/Users/jkali/ece385/lab6/lab62/lab62_sdk/mb_usb_hdmi_top/microblaze_0/standalone_microblaze_0/bsp/system.mss
TRACE::2024-10-20.14:51:51::SCWMssOS::Saving the mss changes C:/Users/jkali/ece385/lab6/lab62/lab62_sdk/mb_usb_hdmi_top/microblaze_0/standalone_microblaze_0/bsp/system.mss
TRACE::2024-10-20.14:51:51::SCWMssOS::Found a swdesign opened with the mssfile.
TRACE::2024-10-20.14:51:51::SCWMssOS::Completed writemss as part of save.
TRACE::2024-10-20.14:51:51::SCWMssOS::Commit changes completed.
TRACE::2024-10-20.14:51:51::SCWReader::Adding prebuilt librarypaths as   
TRACE::2024-10-20.14:51:51::SCWReader::Adding prebuilt incpaths  as   
TRACE::2024-10-20.14:51:51::SCWPlatform::Trying to open the hw design at C:/Users/jkali/ece385/lab6/lab62/lab62_sdk/mb_usb_hdmi_top/hw/mb_usb_hdmi_top.xsa
TRACE::2024-10-20.14:51:51::SCWPlatform::DSA given C:/Users/jkali/ece385/lab6/lab62/lab62_sdk/mb_usb_hdmi_top/hw/mb_usb_hdmi_top.xsa
TRACE::2024-10-20.14:51:51::SCWPlatform::DSA absoulate path C:/Users/jkali/ece385/lab6/lab62/lab62_sdk/mb_usb_hdmi_top/hw/mb_usb_hdmi_top.xsa
TRACE::2024-10-20.14:51:51::SCWPlatform::DSA directory C:/Users/jkali/ece385/lab6/lab62/lab62_sdk/mb_usb_hdmi_top/hw
TRACE::2024-10-20.14:51:51::SCWPlatform:: Platform Path C:/Users/jkali/ece385/lab6/lab62/lab62_sdk/mb_usb_hdmi_top/hw/mb_usb_hdmi_top.xsa
TRACE::2024-10-20.14:51:51::SCWPlatform:: Unique name xilinx:::0.0
TRACE::2024-10-20.14:51:51::SCWPlatform::Trying to set the existing hwdb with name mb_usb_hdmi_top_7
TRACE::2024-10-20.14:51:51::SCWPlatform::Opened existing hwdb mb_usb_hdmi_top_7
TRACE::2024-10-20.14:51:51::SCWPlatform::Found the Hw Db part of the input DSA
TRACE::2024-10-20.14:51:51::SCWMssOS::Checking the sw design at  C:/Users/jkali/ece385/lab6/lab62/lab62_sdk/mb_usb_hdmi_top/microblaze_0/standalone_microblaze_0/bsp/system.mss
TRACE::2024-10-20.14:51:51::SCWMssOS::DEBUG:  swdes dump  C:/Users/jkali/ece385/lab6/lab62/lab62_sdk/mb_usb_hdmi_top/microblaze_0/standalone_microblaze_0/bsp/system.mss|system||

TRACE::2024-10-20.14:51:51::SCWMssOS::Sw design exists and opened at  C:/Users/jkali/ece385/lab6/lab62/lab62_sdk/mb_usb_hdmi_top/microblaze_0/standalone_microblaze_0/bsp/system.mss
TRACE::2024-10-20.14:51:51::SCWReader::No isolation master present  
TRACE::2024-10-20.14:51:53::SCWPlatform::DSA given C:/Users/jkali/ece385/lab6/lab62/lab62_sdk/mb_usb_hdmi_top/tempdsa/mb_usb_hdmi_top.xsa
TRACE::2024-10-20.14:51:53::SCWPlatform::DSA absoulate path C:/Users/jkali/ece385/lab6/lab62/lab62_sdk/mb_usb_hdmi_top/tempdsa/mb_usb_hdmi_top.xsa
TRACE::2024-10-20.14:51:53::SCWPlatform:: Platform location is C:/Users/jkali/ece385/lab6/lab62/lab62_sdk/mb_usb_hdmi_top/tempdsa
TRACE::2024-10-20.14:51:53::SCWPlatform:: Platform Path C:/Users/jkali/ece385/lab6/lab62/lab62_sdk/mb_usb_hdmi_top/tempdsa/mb_usb_hdmi_top.xsa
TRACE::2024-10-20.14:51:53::SCWPlatform:: Unique name xilinx:::0.0
TRACE::2024-10-20.14:51:54::SCWPlatform::Found the Hw Db part of the input DSA
TRACE::2024-10-20.14:51:54::SCWMssOS::Doing hw sync for the mss in domain: standalone_microblaze_0
TRACE::2024-10-20.14:51:54::SCWPlatform::Trying to open the hw design at C:/Users/jkali/ece385/lab6/lab62/lab62_sdk/mb_usb_hdmi_top/hw/mb_usb_hdmi_top.xsa
TRACE::2024-10-20.14:51:54::SCWPlatform::DSA given C:/Users/jkali/ece385/lab6/lab62/lab62_sdk/mb_usb_hdmi_top/hw/mb_usb_hdmi_top.xsa
TRACE::2024-10-20.14:51:54::SCWPlatform::DSA absoulate path C:/Users/jkali/ece385/lab6/lab62/lab62_sdk/mb_usb_hdmi_top/hw/mb_usb_hdmi_top.xsa
TRACE::2024-10-20.14:51:54::SCWPlatform::DSA directory C:/Users/jkali/ece385/lab6/lab62/lab62_sdk/mb_usb_hdmi_top/hw
TRACE::2024-10-20.14:51:54::SCWPlatform:: Platform Path C:/Users/jkali/ece385/lab6/lab62/lab62_sdk/mb_usb_hdmi_top/hw/mb_usb_hdmi_top.xsa
TRACE::2024-10-20.14:51:54::SCWPlatform:: Unique name xilinx:::0.0
TRACE::2024-10-20.14:51:54::SCWPlatform::Trying to set the existing hwdb with name mb_usb_hdmi_top_7
TRACE::2024-10-20.14:51:54::SCWPlatform::Opened existing hwdb mb_usb_hdmi_top_7
TRACE::2024-10-20.14:51:54::SCWPlatform::Found the Hw Db part of the input DSA
TRACE::2024-10-20.14:51:54::SCWPlatform::Trying to open the hw design at C:/Users/jkali/ece385/lab6/lab62/lab62_sdk/mb_usb_hdmi_top/hw/mb_usb_hdmi_top.xsa
TRACE::2024-10-20.14:51:54::SCWPlatform::DSA given C:/Users/jkali/ece385/lab6/lab62/lab62_sdk/mb_usb_hdmi_top/hw/mb_usb_hdmi_top.xsa
TRACE::2024-10-20.14:51:54::SCWPlatform::DSA absoulate path C:/Users/jkali/ece385/lab6/lab62/lab62_sdk/mb_usb_hdmi_top/hw/mb_usb_hdmi_top.xsa
TRACE::2024-10-20.14:51:54::SCWPlatform::DSA directory C:/Users/jkali/ece385/lab6/lab62/lab62_sdk/mb_usb_hdmi_top/hw
TRACE::2024-10-20.14:51:54::SCWPlatform:: Platform Path C:/Users/jkali/ece385/lab6/lab62/lab62_sdk/mb_usb_hdmi_top/hw/mb_usb_hdmi_top.xsa
TRACE::2024-10-20.14:51:54::SCWPlatform:: Unique name xilinx:::0.0
TRACE::2024-10-20.14:51:54::SCWPlatform::Trying to set the existing hwdb with name mb_usb_hdmi_top_7
TRACE::2024-10-20.14:51:54::SCWPlatform::Opened existing hwdb mb_usb_hdmi_top_7
TRACE::2024-10-20.14:51:54::SCWPlatform::Found the Hw Db part of the input DSA
TRACE::2024-10-20.14:51:54::SCWMssOS::Checking the sw design at  C:/Users/jkali/ece385/lab6/lab62/lab62_sdk/mb_usb_hdmi_top/microblaze_0/standalone_microblaze_0/bsp/system.mss
TRACE::2024-10-20.14:51:54::SCWMssOS::DEBUG:  swdes dump  C:/Users/jkali/ece385/lab6/lab62/lab62_sdk/mb_usb_hdmi_top/microblaze_0/standalone_microblaze_0/bsp/system.mss|system||

TRACE::2024-10-20.14:51:54::SCWMssOS::Sw design exists and opened at  C:/Users/jkali/ece385/lab6/lab62/lab62_sdk/mb_usb_hdmi_top/microblaze_0/standalone_microblaze_0/bsp/system.mss
TRACE::2024-10-20.14:51:54::SCWPlatform::Trying to open the hw design at C:/Users/jkali/ece385/lab6/lab62/lab62_sdk/mb_usb_hdmi_top/tempdsa/mb_usb_hdmi_top.xsa
TRACE::2024-10-20.14:51:54::SCWPlatform::DSA given C:/Users/jkali/ece385/lab6/lab62/lab62_sdk/mb_usb_hdmi_top/tempdsa/mb_usb_hdmi_top.xsa
TRACE::2024-10-20.14:51:54::SCWPlatform::DSA absoulate path C:/Users/jkali/ece385/lab6/lab62/lab62_sdk/mb_usb_hdmi_top/tempdsa/mb_usb_hdmi_top.xsa
TRACE::2024-10-20.14:51:54::SCWPlatform::DSA directory C:/Users/jkali/ece385/lab6/lab62/lab62_sdk/mb_usb_hdmi_top/tempdsa
TRACE::2024-10-20.14:51:54::SCWPlatform:: Platform Path C:/Users/jkali/ece385/lab6/lab62/lab62_sdk/mb_usb_hdmi_top/tempdsa/mb_usb_hdmi_top.xsa
TRACE::2024-10-20.14:51:54::SCWPlatform:: Unique name xilinx:::0.0
TRACE::2024-10-20.14:51:54::SCWPlatform::update - Opened existing hwdb mb_usb_hdmi_top_8
TRACE::2024-10-20.14:51:54::SCWPlatform::Found the Hw Db part of the input DSA
TRACE::2024-10-20.14:51:54::SCWMssOS::Saving the mss changes C:/Users/jkali/ece385/lab6/lab62/lab62_sdk/mb_usb_hdmi_top/microblaze_0/standalone_microblaze_0/bsp/system.mss
TRACE::2024-10-20.14:51:54::SCWMssOS::Found a swdesign opened with the mssfile.
TRACE::2024-10-20.14:51:54::SCWMssOS::Completed writemss as part of save.
TRACE::2024-10-20.14:51:54::SCWMssOS::Commit changes completed.
TRACE::2024-10-20.14:51:54::SCWMssOS::Completed hw sync for the mss in domain: standalone_microblaze_0
TRACE::2024-10-20.14:51:54::SCWMssOS::Removing the swdes entry for  C:/Users/jkali/ece385/lab6/lab62/lab62_sdk/mb_usb_hdmi_top/microblaze_0/standalone_microblaze_0/bsp/system.mss
TRACE::2024-10-20.14:51:54::SCWPlatform::Trying to open the hw design at C:/Users/jkali/ece385/lab6/lab62/lab62_sdk/mb_usb_hdmi_top/hw/mb_usb_hdmi_top.xsa
TRACE::2024-10-20.14:51:54::SCWPlatform::DSA given C:/Users/jkali/ece385/lab6/lab62/lab62_sdk/mb_usb_hdmi_top/hw/mb_usb_hdmi_top.xsa
TRACE::2024-10-20.14:51:54::SCWPlatform::DSA absoulate path C:/Users/jkali/ece385/lab6/lab62/lab62_sdk/mb_usb_hdmi_top/hw/mb_usb_hdmi_top.xsa
TRACE::2024-10-20.14:51:54::SCWPlatform::DSA directory C:/Users/jkali/ece385/lab6/lab62/lab62_sdk/mb_usb_hdmi_top/hw
TRACE::2024-10-20.14:51:54::SCWPlatform:: Platform Path C:/Users/jkali/ece385/lab6/lab62/lab62_sdk/mb_usb_hdmi_top/hw/mb_usb_hdmi_top.xsa
TRACE::2024-10-20.14:51:54::SCWPlatform:: Unique name xilinx:::0.0
TRACE::2024-10-20.14:51:54::SCWPlatform::Do not have an existing db opened. 
TRACE::2024-10-20.14:51:54::SCWPlatform::Opened new HwDB with name mb_usb_hdmi_top_9
TRACE::2024-10-20.14:51:54::SCWMssOS::Saving the mss changes C:/Users/jkali/ece385/lab6/lab62/lab62_sdk/mb_usb_hdmi_top/microblaze_0/standalone_microblaze_0/bsp/system.mss
TRACE::2024-10-20.14:51:54::SCWMssOS::Adding the swdes entry, mss present, able to open swdb C:/Users/jkali/ece385/lab6/lab62/lab62_sdk/mb_usb_hdmi_top/microblaze_0/standalone_microblaze_0/bsp/system.mss with des name system
TRACE::2024-10-20.14:51:54::SCWMssOS::Writing the mss file completed C:/Users/jkali/ece385/lab6/lab62/lab62_sdk/mb_usb_hdmi_top/microblaze_0/standalone_microblaze_0/bsp/system.mss
TRACE::2024-10-20.14:51:54::SCWMssOS::Commit changes completed.
TRACE::2024-10-20.14:51:54::SCWPlatform::Trying to open the hw design at C:/Users/jkali/ece385/lab6/lab62/lab62_sdk/mb_usb_hdmi_top/hw/mb_usb_hdmi_top.xsa
TRACE::2024-10-20.14:51:54::SCWPlatform::DSA given C:/Users/jkali/ece385/lab6/lab62/lab62_sdk/mb_usb_hdmi_top/hw/mb_usb_hdmi_top.xsa
TRACE::2024-10-20.14:51:54::SCWPlatform::DSA absoulate path C:/Users/jkali/ece385/lab6/lab62/lab62_sdk/mb_usb_hdmi_top/hw/mb_usb_hdmi_top.xsa
TRACE::2024-10-20.14:51:54::SCWPlatform::DSA directory C:/Users/jkali/ece385/lab6/lab62/lab62_sdk/mb_usb_hdmi_top/hw
TRACE::2024-10-20.14:51:54::SCWPlatform:: Platform Path C:/Users/jkali/ece385/lab6/lab62/lab62_sdk/mb_usb_hdmi_top/hw/mb_usb_hdmi_top.xsa
TRACE::2024-10-20.14:51:54::SCWPlatform:: Unique name xilinx:::0.0
TRACE::2024-10-20.14:51:54::SCWPlatform::Trying to set the existing hwdb with name mb_usb_hdmi_top_9
TRACE::2024-10-20.14:51:54::SCWPlatform::Opened existing hwdb mb_usb_hdmi_top_9
TRACE::2024-10-20.14:51:54::SCWPlatform::Found the Hw Db part of the input DSA
TRACE::2024-10-20.14:51:54::SCWMssOS::Checking the sw design at  C:/Users/jkali/ece385/lab6/lab62/lab62_sdk/mb_usb_hdmi_top/microblaze_0/standalone_microblaze_0/bsp/system.mss
TRACE::2024-10-20.14:51:54::SCWMssOS::DEBUG:  swdes dump  C:/Users/jkali/ece385/lab6/lab62/lab62_sdk/mb_usb_hdmi_top/microblaze_0/standalone_microblaze_0/bsp/system.mss|system||

TRACE::2024-10-20.14:51:54::SCWMssOS::Sw design exists and opened at  C:/Users/jkali/ece385/lab6/lab62/lab62_sdk/mb_usb_hdmi_top/microblaze_0/standalone_microblaze_0/bsp/system.mss
TRACE::2024-10-20.14:51:54::SCWWriter::formatted JSON is {
	"platformName":	"mb_usb_hdmi_top",
	"sprVersion":	"2.0",
	"mode":	"gui",
	"dsaType":	"Fixed",
	"platformDesc":	"mb_usb_hdmi_top",
	"platHandOff":	"C:/Users/jkali/ece385/lab6/lab62/mb_usb_hdmi_top.xsa",
	"platIntHandOff":	"<platformDir>/hw/mb_usb_hdmi_top.xsa",
	"deviceType":	"FPGA",
	"platIsPrebuiltAutogen":	"false",
	"platIsNoBootBsp":	"false",
	"hasFsblMakeHasChanges":	"false",
	"hasPmufwMakeHasChanges":	"false",
	"platPreBuiltFlag":	false,
	"platformSamplesDir":	"",
	"platActiveSys":	"mb_usb_hdmi_top",
	"systems":	[{
			"systemName":	"mb_usb_hdmi_top",
			"systemDesc":	"mb_usb_hdmi_top",
			"sysIsBootAutoGen":	"true",
			"systemDispName":	"mb_usb_hdmi_top",
			"sysActiveDom":	"standalone_microblaze_0",
			"sysDefaultDom":	"standalone_microblaze_0",
			"domains":	[{
					"domainName":	"standalone_microblaze_0",
					"domainDispName":	"standalone_microblaze_0",
					"domainDesc":	"standalone_microblaze_0",
					"processors":	"microblaze_0",
					"os":	"standalone",
					"sdxOs":	"standalone",
					"debugEnable":	"False",
					"domRuntimes":	["cpp"],
					"swRepo":	"",
					"mssOsVer":	"8.0",
					"mssFile":	"",
					"md5Digest":	"304529987e879521ca977c68d163f3621",
					"compatibleApp":	"",
					"domType":	"mssDomain",
					"arch":	"32-bit",
					"appSettings":	{
						"appCompilerFlags":	"",
						"appLinkerFlags":	""
					},
					"addedLibs":	[],
					"libOptions":	{
						"libsContainingOptions":	[]
					},
					"prebuiltLibs":	{
						"prebuiltIncPath":	[],
						"prebuiltLibPath":	[]
					},
					"isolation":	{
					}
				}]
		}]
}
TRACE::2024-10-20.14:57:51::SCWPlatform::Clearing the existing platform
TRACE::2024-10-20.14:57:51::SCWSystem::Clearing the existing sysconfig
TRACE::2024-10-20.14:57:51::SCWMssOS::Removing the swdes entry for  C:/Users/jkali/ece385/lab6/lab62/lab62_sdk/mb_usb_hdmi_top/microblaze_0/standalone_microblaze_0/bsp/system.mss
TRACE::2024-10-20.14:57:51::SCWSystem::Clearing the domains completed.
TRACE::2024-10-20.14:57:51::SCWPlatform::Clearing the opened hw db.
TRACE::2024-10-20.14:57:51::SCWPlatform::DSA given C:/Users/jkali/ece385/lab6/lab62/lab62_sdk/mb_usb_hdmi_top/hw/mb_usb_hdmi_top.xsa
TRACE::2024-10-20.14:57:51::SCWPlatform::DSA absoulate path C:/Users/jkali/ece385/lab6/lab62/lab62_sdk/mb_usb_hdmi_top/hw/mb_usb_hdmi_top.xsa
TRACE::2024-10-20.14:57:51::SCWPlatform:: Platform location is C:/Users/jkali/ece385/lab6/lab62/lab62_sdk/mb_usb_hdmi_top/hw
TRACE::2024-10-20.14:57:51::SCWPlatform:: Platform Path C:/Users/jkali/ece385/lab6/lab62/lab62_sdk/mb_usb_hdmi_top/hw/mb_usb_hdmi_top.xsa
TRACE::2024-10-20.14:57:51::SCWPlatform:: Unique name xilinx:::0.0
TRACE::2024-10-20.14:57:51::SCWPlatform::Removing the HwDB with name C:/Users/jkali/ece385/lab6/lab62/lab62_sdk/mb_usb_hdmi_top/hw/mb_usb_hdmi_top.xsa
TRACE::2024-10-20.14:57:51::SCWPlatform::Trying to open the hw design at C:/Users/jkali/ece385/lab6/lab62/lab62_sdk/mb_usb_hdmi_top/hw/mb_usb_hdmi_top.xsa
TRACE::2024-10-20.14:57:51::SCWPlatform::DSA given C:/Users/jkali/ece385/lab6/lab62/lab62_sdk/mb_usb_hdmi_top/hw/mb_usb_hdmi_top.xsa
TRACE::2024-10-20.14:57:51::SCWPlatform::DSA absoulate path C:/Users/jkali/ece385/lab6/lab62/lab62_sdk/mb_usb_hdmi_top/hw/mb_usb_hdmi_top.xsa
TRACE::2024-10-20.14:57:51::SCWPlatform::DSA directory C:/Users/jkali/ece385/lab6/lab62/lab62_sdk/mb_usb_hdmi_top/hw
TRACE::2024-10-20.14:57:51::SCWPlatform:: Platform Path C:/Users/jkali/ece385/lab6/lab62/lab62_sdk/mb_usb_hdmi_top/hw/mb_usb_hdmi_top.xsa
TRACE::2024-10-20.14:57:51::SCWPlatform:: Unique name xilinx:::0.0
TRACE::2024-10-20.14:57:51::SCWPlatform::Do not have an existing db opened. 
TRACE::2024-10-20.14:57:51::SCWPlatform::Opened new HwDB with name mb_usb_hdmi_top_10
TRACE::2024-10-20.14:57:51::SCWReader::Active system found as  mb_usb_hdmi_top
TRACE::2024-10-20.14:57:51::SCWReader::Handling sysconfig mb_usb_hdmi_top
TRACE::2024-10-20.14:57:51::SCWDomain::checking for install qemu data   : 
TRACE::2024-10-20.14:57:51::SCWPlatform::Trying to open the hw design at C:/Users/jkali/ece385/lab6/lab62/lab62_sdk/mb_usb_hdmi_top/hw/mb_usb_hdmi_top.xsa
TRACE::2024-10-20.14:57:51::SCWPlatform::DSA given C:/Users/jkali/ece385/lab6/lab62/lab62_sdk/mb_usb_hdmi_top/hw/mb_usb_hdmi_top.xsa
TRACE::2024-10-20.14:57:51::SCWPlatform::DSA absoulate path C:/Users/jkali/ece385/lab6/lab62/lab62_sdk/mb_usb_hdmi_top/hw/mb_usb_hdmi_top.xsa
TRACE::2024-10-20.14:57:51::SCWPlatform::DSA directory C:/Users/jkali/ece385/lab6/lab62/lab62_sdk/mb_usb_hdmi_top/hw
TRACE::2024-10-20.14:57:51::SCWPlatform:: Platform Path C:/Users/jkali/ece385/lab6/lab62/lab62_sdk/mb_usb_hdmi_top/hw/mb_usb_hdmi_top.xsa
TRACE::2024-10-20.14:57:51::SCWPlatform:: Unique name xilinx:::0.0
TRACE::2024-10-20.14:57:51::SCWPlatform::Trying to set the existing hwdb with name mb_usb_hdmi_top_10
TRACE::2024-10-20.14:57:51::SCWPlatform::Opened existing hwdb mb_usb_hdmi_top_10
TRACE::2024-10-20.14:57:51::SCWPlatform::Found the Hw Db part of the input DSA
TRACE::2024-10-20.14:57:51::SCWPlatform::Trying to open the hw design at C:/Users/jkali/ece385/lab6/lab62/lab62_sdk/mb_usb_hdmi_top/hw/mb_usb_hdmi_top.xsa
TRACE::2024-10-20.14:57:51::SCWPlatform::DSA given C:/Users/jkali/ece385/lab6/lab62/lab62_sdk/mb_usb_hdmi_top/hw/mb_usb_hdmi_top.xsa
TRACE::2024-10-20.14:57:51::SCWPlatform::DSA absoulate path C:/Users/jkali/ece385/lab6/lab62/lab62_sdk/mb_usb_hdmi_top/hw/mb_usb_hdmi_top.xsa
TRACE::2024-10-20.14:57:51::SCWPlatform::DSA directory C:/Users/jkali/ece385/lab6/lab62/lab62_sdk/mb_usb_hdmi_top/hw
TRACE::2024-10-20.14:57:51::SCWPlatform:: Platform Path C:/Users/jkali/ece385/lab6/lab62/lab62_sdk/mb_usb_hdmi_top/hw/mb_usb_hdmi_top.xsa
TRACE::2024-10-20.14:57:51::SCWPlatform:: Unique name xilinx:::0.0
TRACE::2024-10-20.14:57:51::SCWPlatform::Trying to set the existing hwdb with name mb_usb_hdmi_top_10
TRACE::2024-10-20.14:57:51::SCWPlatform::Opened existing hwdb mb_usb_hdmi_top_10
TRACE::2024-10-20.14:57:51::SCWPlatform::Found the Hw Db part of the input DSA
TRACE::2024-10-20.14:57:51::SCWPlatform::Trying to open the hw design at C:/Users/jkali/ece385/lab6/lab62/lab62_sdk/mb_usb_hdmi_top/hw/mb_usb_hdmi_top.xsa
TRACE::2024-10-20.14:57:51::SCWPlatform::DSA given C:/Users/jkali/ece385/lab6/lab62/lab62_sdk/mb_usb_hdmi_top/hw/mb_usb_hdmi_top.xsa
TRACE::2024-10-20.14:57:51::SCWPlatform::DSA absoulate path C:/Users/jkali/ece385/lab6/lab62/lab62_sdk/mb_usb_hdmi_top/hw/mb_usb_hdmi_top.xsa
TRACE::2024-10-20.14:57:51::SCWPlatform::DSA directory C:/Users/jkali/ece385/lab6/lab62/lab62_sdk/mb_usb_hdmi_top/hw
TRACE::2024-10-20.14:57:51::SCWPlatform:: Platform Path C:/Users/jkali/ece385/lab6/lab62/lab62_sdk/mb_usb_hdmi_top/hw/mb_usb_hdmi_top.xsa
TRACE::2024-10-20.14:57:51::SCWPlatform:: Unique name xilinx:::0.0
TRACE::2024-10-20.14:57:51::SCWPlatform::Trying to set the existing hwdb with name mb_usb_hdmi_top_10
TRACE::2024-10-20.14:57:51::SCWPlatform::Opened existing hwdb mb_usb_hdmi_top_10
TRACE::2024-10-20.14:57:51::SCWPlatform::Found the Hw Db part of the input DSA
TRACE::2024-10-20.14:57:51::SCWPlatform::Trying to open the hw design at C:/Users/jkali/ece385/lab6/lab62/lab62_sdk/mb_usb_hdmi_top/hw/mb_usb_hdmi_top.xsa
TRACE::2024-10-20.14:57:51::SCWPlatform::DSA given C:/Users/jkali/ece385/lab6/lab62/lab62_sdk/mb_usb_hdmi_top/hw/mb_usb_hdmi_top.xsa
TRACE::2024-10-20.14:57:51::SCWPlatform::DSA absoulate path C:/Users/jkali/ece385/lab6/lab62/lab62_sdk/mb_usb_hdmi_top/hw/mb_usb_hdmi_top.xsa
TRACE::2024-10-20.14:57:51::SCWPlatform::DSA directory C:/Users/jkali/ece385/lab6/lab62/lab62_sdk/mb_usb_hdmi_top/hw
TRACE::2024-10-20.14:57:51::SCWPlatform:: Platform Path C:/Users/jkali/ece385/lab6/lab62/lab62_sdk/mb_usb_hdmi_top/hw/mb_usb_hdmi_top.xsa
TRACE::2024-10-20.14:57:51::SCWPlatform:: Unique name xilinx:::0.0
TRACE::2024-10-20.14:57:51::SCWPlatform::Trying to set the existing hwdb with name mb_usb_hdmi_top_10
TRACE::2024-10-20.14:57:51::SCWPlatform::Opened existing hwdb mb_usb_hdmi_top_10
TRACE::2024-10-20.14:57:51::SCWPlatform::Found the Hw Db part of the input DSA
TRACE::2024-10-20.14:57:51::SCWMssOS::Checking the sw design at  C:/Users/jkali/ece385/lab6/lab62/lab62_sdk/mb_usb_hdmi_top/microblaze_0/standalone_microblaze_0/bsp/system.mss
TRACE::2024-10-20.14:57:51::SCWMssOS::DEBUG:  swdes dump  
TRACE::2024-10-20.14:57:51::SCWMssOS::No sw design opened at  C:/Users/jkali/ece385/lab6/lab62/lab62_sdk/mb_usb_hdmi_top/microblaze_0/standalone_microblaze_0/bsp/system.mss
TRACE::2024-10-20.14:57:51::SCWMssOS::mss exists loading the mss file  C:/Users/jkali/ece385/lab6/lab62/lab62_sdk/mb_usb_hdmi_top/microblaze_0/standalone_microblaze_0/bsp/system.mss
TRACE::2024-10-20.14:57:51::SCWMssOS::Opened the sw design from mss  C:/Users/jkali/ece385/lab6/lab62/lab62_sdk/mb_usb_hdmi_top/microblaze_0/standalone_microblaze_0/bsp/system.mss
TRACE::2024-10-20.14:57:51::SCWMssOS::Adding the swdes entry C:/Users/jkali/ece385/lab6/lab62/lab62_sdk/mb_usb_hdmi_top/microblaze_0/standalone_microblaze_0/bsp/system.mss with des name system
TRACE::2024-10-20.14:57:51::SCWMssOS::updating the scw layer about changes
TRACE::2024-10-20.14:57:51::SCWMssOS::Opened the sw design.  C:/Users/jkali/ece385/lab6/lab62/lab62_sdk/mb_usb_hdmi_top/microblaze_0/standalone_microblaze_0/bsp/system.mss
TRACE::2024-10-20.14:57:51::SCWMssOS::Saving the mss changes C:/Users/jkali/ece385/lab6/lab62/lab62_sdk/mb_usb_hdmi_top/microblaze_0/standalone_microblaze_0/bsp/system.mss
TRACE::2024-10-20.14:57:51::SCWMssOS::Found a swdesign opened with the mssfile.
TRACE::2024-10-20.14:57:51::SCWMssOS::Completed writemss as part of save.
TRACE::2024-10-20.14:57:51::SCWMssOS::Commit changes completed.
TRACE::2024-10-20.14:57:51::SCWReader::Adding prebuilt librarypaths as   
TRACE::2024-10-20.14:57:51::SCWReader::Adding prebuilt incpaths  as   
TRACE::2024-10-20.14:57:51::SCWPlatform::Trying to open the hw design at C:/Users/jkali/ece385/lab6/lab62/lab62_sdk/mb_usb_hdmi_top/hw/mb_usb_hdmi_top.xsa
TRACE::2024-10-20.14:57:51::SCWPlatform::DSA given C:/Users/jkali/ece385/lab6/lab62/lab62_sdk/mb_usb_hdmi_top/hw/mb_usb_hdmi_top.xsa
TRACE::2024-10-20.14:57:51::SCWPlatform::DSA absoulate path C:/Users/jkali/ece385/lab6/lab62/lab62_sdk/mb_usb_hdmi_top/hw/mb_usb_hdmi_top.xsa
TRACE::2024-10-20.14:57:51::SCWPlatform::DSA directory C:/Users/jkali/ece385/lab6/lab62/lab62_sdk/mb_usb_hdmi_top/hw
TRACE::2024-10-20.14:57:51::SCWPlatform:: Platform Path C:/Users/jkali/ece385/lab6/lab62/lab62_sdk/mb_usb_hdmi_top/hw/mb_usb_hdmi_top.xsa
TRACE::2024-10-20.14:57:51::SCWPlatform:: Unique name xilinx:::0.0
TRACE::2024-10-20.14:57:51::SCWPlatform::Trying to set the existing hwdb with name mb_usb_hdmi_top_10
TRACE::2024-10-20.14:57:51::SCWPlatform::Opened existing hwdb mb_usb_hdmi_top_10
TRACE::2024-10-20.14:57:51::SCWPlatform::Found the Hw Db part of the input DSA
TRACE::2024-10-20.14:57:51::SCWMssOS::Checking the sw design at  C:/Users/jkali/ece385/lab6/lab62/lab62_sdk/mb_usb_hdmi_top/microblaze_0/standalone_microblaze_0/bsp/system.mss
TRACE::2024-10-20.14:57:51::SCWMssOS::DEBUG:  swdes dump  C:/Users/jkali/ece385/lab6/lab62/lab62_sdk/mb_usb_hdmi_top/microblaze_0/standalone_microblaze_0/bsp/system.mss|system||

TRACE::2024-10-20.14:57:51::SCWMssOS::Sw design exists and opened at  C:/Users/jkali/ece385/lab6/lab62/lab62_sdk/mb_usb_hdmi_top/microblaze_0/standalone_microblaze_0/bsp/system.mss
TRACE::2024-10-20.14:57:51::SCWReader::No isolation master present  
TRACE::2024-10-20.14:57:55::SCWPlatform::DSA given C:/Users/jkali/ece385/lab6/lab62/lab62_sdk/mb_usb_hdmi_top/tempdsa/mb_usb_hdmi_top.xsa
TRACE::2024-10-20.14:57:55::SCWPlatform::DSA absoulate path C:/Users/jkali/ece385/lab6/lab62/lab62_sdk/mb_usb_hdmi_top/tempdsa/mb_usb_hdmi_top.xsa
TRACE::2024-10-20.14:57:55::SCWPlatform:: Platform location is C:/Users/jkali/ece385/lab6/lab62/lab62_sdk/mb_usb_hdmi_top/tempdsa
TRACE::2024-10-20.14:57:55::SCWPlatform:: Platform Path C:/Users/jkali/ece385/lab6/lab62/lab62_sdk/mb_usb_hdmi_top/tempdsa/mb_usb_hdmi_top.xsa
TRACE::2024-10-20.14:57:55::SCWPlatform:: Unique name xilinx:::0.0
TRACE::2024-10-20.14:57:55::SCWPlatform::Found the Hw Db part of the input DSA
TRACE::2024-10-20.14:57:55::SCWMssOS::Doing hw sync for the mss in domain: standalone_microblaze_0
TRACE::2024-10-20.14:57:55::SCWPlatform::Trying to open the hw design at C:/Users/jkali/ece385/lab6/lab62/lab62_sdk/mb_usb_hdmi_top/hw/mb_usb_hdmi_top.xsa
TRACE::2024-10-20.14:57:55::SCWPlatform::DSA given C:/Users/jkali/ece385/lab6/lab62/lab62_sdk/mb_usb_hdmi_top/hw/mb_usb_hdmi_top.xsa
TRACE::2024-10-20.14:57:55::SCWPlatform::DSA absoulate path C:/Users/jkali/ece385/lab6/lab62/lab62_sdk/mb_usb_hdmi_top/hw/mb_usb_hdmi_top.xsa
TRACE::2024-10-20.14:57:55::SCWPlatform::DSA directory C:/Users/jkali/ece385/lab6/lab62/lab62_sdk/mb_usb_hdmi_top/hw
TRACE::2024-10-20.14:57:55::SCWPlatform:: Platform Path C:/Users/jkali/ece385/lab6/lab62/lab62_sdk/mb_usb_hdmi_top/hw/mb_usb_hdmi_top.xsa
TRACE::2024-10-20.14:57:55::SCWPlatform:: Unique name xilinx:::0.0
TRACE::2024-10-20.14:57:55::SCWPlatform::Trying to set the existing hwdb with name mb_usb_hdmi_top_10
TRACE::2024-10-20.14:57:55::SCWPlatform::Opened existing hwdb mb_usb_hdmi_top_10
TRACE::2024-10-20.14:57:55::SCWPlatform::Found the Hw Db part of the input DSA
TRACE::2024-10-20.14:57:55::SCWPlatform::Trying to open the hw design at C:/Users/jkali/ece385/lab6/lab62/lab62_sdk/mb_usb_hdmi_top/hw/mb_usb_hdmi_top.xsa
TRACE::2024-10-20.14:57:55::SCWPlatform::DSA given C:/Users/jkali/ece385/lab6/lab62/lab62_sdk/mb_usb_hdmi_top/hw/mb_usb_hdmi_top.xsa
TRACE::2024-10-20.14:57:55::SCWPlatform::DSA absoulate path C:/Users/jkali/ece385/lab6/lab62/lab62_sdk/mb_usb_hdmi_top/hw/mb_usb_hdmi_top.xsa
TRACE::2024-10-20.14:57:55::SCWPlatform::DSA directory C:/Users/jkali/ece385/lab6/lab62/lab62_sdk/mb_usb_hdmi_top/hw
TRACE::2024-10-20.14:57:55::SCWPlatform:: Platform Path C:/Users/jkali/ece385/lab6/lab62/lab62_sdk/mb_usb_hdmi_top/hw/mb_usb_hdmi_top.xsa
TRACE::2024-10-20.14:57:55::SCWPlatform:: Unique name xilinx:::0.0
TRACE::2024-10-20.14:57:55::SCWPlatform::Trying to set the existing hwdb with name mb_usb_hdmi_top_10
TRACE::2024-10-20.14:57:55::SCWPlatform::Opened existing hwdb mb_usb_hdmi_top_10
TRACE::2024-10-20.14:57:55::SCWPlatform::Found the Hw Db part of the input DSA
TRACE::2024-10-20.14:57:55::SCWMssOS::Checking the sw design at  C:/Users/jkali/ece385/lab6/lab62/lab62_sdk/mb_usb_hdmi_top/microblaze_0/standalone_microblaze_0/bsp/system.mss
TRACE::2024-10-20.14:57:55::SCWMssOS::DEBUG:  swdes dump  C:/Users/jkali/ece385/lab6/lab62/lab62_sdk/mb_usb_hdmi_top/microblaze_0/standalone_microblaze_0/bsp/system.mss|system||

TRACE::2024-10-20.14:57:55::SCWMssOS::Sw design exists and opened at  C:/Users/jkali/ece385/lab6/lab62/lab62_sdk/mb_usb_hdmi_top/microblaze_0/standalone_microblaze_0/bsp/system.mss
TRACE::2024-10-20.14:57:55::SCWPlatform::Trying to open the hw design at C:/Users/jkali/ece385/lab6/lab62/lab62_sdk/mb_usb_hdmi_top/tempdsa/mb_usb_hdmi_top.xsa
TRACE::2024-10-20.14:57:55::SCWPlatform::DSA given C:/Users/jkali/ece385/lab6/lab62/lab62_sdk/mb_usb_hdmi_top/tempdsa/mb_usb_hdmi_top.xsa
TRACE::2024-10-20.14:57:55::SCWPlatform::DSA absoulate path C:/Users/jkali/ece385/lab6/lab62/lab62_sdk/mb_usb_hdmi_top/tempdsa/mb_usb_hdmi_top.xsa
TRACE::2024-10-20.14:57:55::SCWPlatform::DSA directory C:/Users/jkali/ece385/lab6/lab62/lab62_sdk/mb_usb_hdmi_top/tempdsa
TRACE::2024-10-20.14:57:55::SCWPlatform:: Platform Path C:/Users/jkali/ece385/lab6/lab62/lab62_sdk/mb_usb_hdmi_top/tempdsa/mb_usb_hdmi_top.xsa
TRACE::2024-10-20.14:57:55::SCWPlatform:: Unique name xilinx:::0.0
TRACE::2024-10-20.14:57:55::SCWPlatform::update - Opened existing hwdb mb_usb_hdmi_top_11
TRACE::2024-10-20.14:57:55::SCWPlatform::Found the Hw Db part of the input DSA
TRACE::2024-10-20.14:57:55::SCWMssOS::Saving the mss changes C:/Users/jkali/ece385/lab6/lab62/lab62_sdk/mb_usb_hdmi_top/microblaze_0/standalone_microblaze_0/bsp/system.mss
TRACE::2024-10-20.14:57:55::SCWMssOS::Found a swdesign opened with the mssfile.
TRACE::2024-10-20.14:57:55::SCWMssOS::Completed writemss as part of save.
TRACE::2024-10-20.14:57:55::SCWMssOS::Commit changes completed.
TRACE::2024-10-20.14:57:55::SCWMssOS::Completed hw sync for the mss in domain: standalone_microblaze_0
TRACE::2024-10-20.14:57:55::SCWMssOS::Removing the swdes entry for  C:/Users/jkali/ece385/lab6/lab62/lab62_sdk/mb_usb_hdmi_top/microblaze_0/standalone_microblaze_0/bsp/system.mss
TRACE::2024-10-20.14:57:55::SCWPlatform::Trying to open the hw design at C:/Users/jkali/ece385/lab6/lab62/lab62_sdk/mb_usb_hdmi_top/hw/mb_usb_hdmi_top.xsa
TRACE::2024-10-20.14:57:55::SCWPlatform::DSA given C:/Users/jkali/ece385/lab6/lab62/lab62_sdk/mb_usb_hdmi_top/hw/mb_usb_hdmi_top.xsa
TRACE::2024-10-20.14:57:55::SCWPlatform::DSA absoulate path C:/Users/jkali/ece385/lab6/lab62/lab62_sdk/mb_usb_hdmi_top/hw/mb_usb_hdmi_top.xsa
TRACE::2024-10-20.14:57:55::SCWPlatform::DSA directory C:/Users/jkali/ece385/lab6/lab62/lab62_sdk/mb_usb_hdmi_top/hw
TRACE::2024-10-20.14:57:55::SCWPlatform:: Platform Path C:/Users/jkali/ece385/lab6/lab62/lab62_sdk/mb_usb_hdmi_top/hw/mb_usb_hdmi_top.xsa
TRACE::2024-10-20.14:57:55::SCWPlatform:: Unique name xilinx:::0.0
TRACE::2024-10-20.14:57:55::SCWPlatform::Do not have an existing db opened. 
TRACE::2024-10-20.14:57:55::SCWPlatform::Opened new HwDB with name mb_usb_hdmi_top_12
TRACE::2024-10-20.14:57:55::SCWMssOS::Saving the mss changes C:/Users/jkali/ece385/lab6/lab62/lab62_sdk/mb_usb_hdmi_top/microblaze_0/standalone_microblaze_0/bsp/system.mss
TRACE::2024-10-20.14:57:55::SCWMssOS::Adding the swdes entry, mss present, able to open swdb C:/Users/jkali/ece385/lab6/lab62/lab62_sdk/mb_usb_hdmi_top/microblaze_0/standalone_microblaze_0/bsp/system.mss with des name system
TRACE::2024-10-20.14:57:55::SCWMssOS::Writing the mss file completed C:/Users/jkali/ece385/lab6/lab62/lab62_sdk/mb_usb_hdmi_top/microblaze_0/standalone_microblaze_0/bsp/system.mss
TRACE::2024-10-20.14:57:55::SCWMssOS::Commit changes completed.
TRACE::2024-10-20.14:57:55::SCWPlatform::Trying to open the hw design at C:/Users/jkali/ece385/lab6/lab62/lab62_sdk/mb_usb_hdmi_top/hw/mb_usb_hdmi_top.xsa
TRACE::2024-10-20.14:57:55::SCWPlatform::DSA given C:/Users/jkali/ece385/lab6/lab62/lab62_sdk/mb_usb_hdmi_top/hw/mb_usb_hdmi_top.xsa
TRACE::2024-10-20.14:57:55::SCWPlatform::DSA absoulate path C:/Users/jkali/ece385/lab6/lab62/lab62_sdk/mb_usb_hdmi_top/hw/mb_usb_hdmi_top.xsa
TRACE::2024-10-20.14:57:55::SCWPlatform::DSA directory C:/Users/jkali/ece385/lab6/lab62/lab62_sdk/mb_usb_hdmi_top/hw
TRACE::2024-10-20.14:57:55::SCWPlatform:: Platform Path C:/Users/jkali/ece385/lab6/lab62/lab62_sdk/mb_usb_hdmi_top/hw/mb_usb_hdmi_top.xsa
TRACE::2024-10-20.14:57:55::SCWPlatform:: Unique name xilinx:::0.0
TRACE::2024-10-20.14:57:55::SCWPlatform::Trying to set the existing hwdb with name mb_usb_hdmi_top_12
TRACE::2024-10-20.14:57:55::SCWPlatform::Opened existing hwdb mb_usb_hdmi_top_12
TRACE::2024-10-20.14:57:55::SCWPlatform::Found the Hw Db part of the input DSA
TRACE::2024-10-20.14:57:55::SCWMssOS::Checking the sw design at  C:/Users/jkali/ece385/lab6/lab62/lab62_sdk/mb_usb_hdmi_top/microblaze_0/standalone_microblaze_0/bsp/system.mss
TRACE::2024-10-20.14:57:55::SCWMssOS::DEBUG:  swdes dump  C:/Users/jkali/ece385/lab6/lab62/lab62_sdk/mb_usb_hdmi_top/microblaze_0/standalone_microblaze_0/bsp/system.mss|system||

TRACE::2024-10-20.14:57:55::SCWMssOS::Sw design exists and opened at  C:/Users/jkali/ece385/lab6/lab62/lab62_sdk/mb_usb_hdmi_top/microblaze_0/standalone_microblaze_0/bsp/system.mss
TRACE::2024-10-20.14:57:55::SCWWriter::formatted JSON is {
	"platformName":	"mb_usb_hdmi_top",
	"sprVersion":	"2.0",
	"mode":	"gui",
	"dsaType":	"Fixed",
	"platformDesc":	"mb_usb_hdmi_top",
	"platHandOff":	"C:/Users/jkali/ece385/lab6/lab62/mb_usb_hdmi_top.xsa",
	"platIntHandOff":	"<platformDir>/hw/mb_usb_hdmi_top.xsa",
	"deviceType":	"FPGA",
	"platIsPrebuiltAutogen":	"false",
	"platIsNoBootBsp":	"false",
	"hasFsblMakeHasChanges":	"false",
	"hasPmufwMakeHasChanges":	"false",
	"platPreBuiltFlag":	false,
	"platformSamplesDir":	"",
	"platActiveSys":	"mb_usb_hdmi_top",
	"systems":	[{
			"systemName":	"mb_usb_hdmi_top",
			"systemDesc":	"mb_usb_hdmi_top",
			"sysIsBootAutoGen":	"true",
			"systemDispName":	"mb_usb_hdmi_top",
			"sysActiveDom":	"standalone_microblaze_0",
			"sysDefaultDom":	"standalone_microblaze_0",
			"domains":	[{
					"domainName":	"standalone_microblaze_0",
					"domainDispName":	"standalone_microblaze_0",
					"domainDesc":	"standalone_microblaze_0",
					"processors":	"microblaze_0",
					"os":	"standalone",
					"sdxOs":	"standalone",
					"debugEnable":	"False",
					"domRuntimes":	["cpp"],
					"swRepo":	"",
					"mssOsVer":	"8.0",
					"mssFile":	"",
					"md5Digest":	"304529987e879521ca977c68d163f3621",
					"compatibleApp":	"",
					"domType":	"mssDomain",
					"arch":	"32-bit",
					"appSettings":	{
						"appCompilerFlags":	"",
						"appLinkerFlags":	""
					},
					"addedLibs":	[],
					"libOptions":	{
						"libsContainingOptions":	[]
					},
					"prebuiltLibs":	{
						"prebuiltIncPath":	[],
						"prebuiltLibPath":	[]
					},
					"isolation":	{
					}
				}]
		}]
}
TRACE::2024-10-21.18:11:36::SCWPlatform::Trying to open the hw design at C:/Users/jkali/ece385/lab6/lab62/lab62_sdk/mb_usb_hdmi_top/hw/mb_usb_hdmi_top.xsa
TRACE::2024-10-21.18:11:36::SCWPlatform::DSA given C:/Users/jkali/ece385/lab6/lab62/lab62_sdk/mb_usb_hdmi_top/hw/mb_usb_hdmi_top.xsa
TRACE::2024-10-21.18:11:36::SCWPlatform::DSA absoulate path C:/Users/jkali/ece385/lab6/lab62/lab62_sdk/mb_usb_hdmi_top/hw/mb_usb_hdmi_top.xsa
TRACE::2024-10-21.18:11:36::SCWPlatform::DSA directory C:/Users/jkali/ece385/lab6/lab62/lab62_sdk/mb_usb_hdmi_top/hw
TRACE::2024-10-21.18:11:36::SCWPlatform:: Platform Path C:/Users/jkali/ece385/lab6/lab62/lab62_sdk/mb_usb_hdmi_top/hw/mb_usb_hdmi_top.xsa
TRACE::2024-10-21.18:11:36::SCWPlatform:: Unique name xilinx:::0.0
TRACE::2024-10-21.18:11:36::SCWPlatform::Do not have an existing db opened. 
TRACE::2024-10-21.18:11:36::SCWPlatform::Opened new HwDB with name mb_usb_hdmi_top_1
TRACE::2024-10-21.18:11:36::SCWReader::Active system found as  mb_usb_hdmi_top
TRACE::2024-10-21.18:11:36::SCWReader::Handling sysconfig mb_usb_hdmi_top
TRACE::2024-10-21.18:11:36::SCWDomain::checking for install qemu data   : 
TRACE::2024-10-21.18:11:36::SCWPlatform::Trying to open the hw design at C:/Users/jkali/ece385/lab6/lab62/lab62_sdk/mb_usb_hdmi_top/hw/mb_usb_hdmi_top.xsa
TRACE::2024-10-21.18:11:36::SCWPlatform::DSA given C:/Users/jkali/ece385/lab6/lab62/lab62_sdk/mb_usb_hdmi_top/hw/mb_usb_hdmi_top.xsa
TRACE::2024-10-21.18:11:36::SCWPlatform::DSA absoulate path C:/Users/jkali/ece385/lab6/lab62/lab62_sdk/mb_usb_hdmi_top/hw/mb_usb_hdmi_top.xsa
TRACE::2024-10-21.18:11:36::SCWPlatform::DSA directory C:/Users/jkali/ece385/lab6/lab62/lab62_sdk/mb_usb_hdmi_top/hw
TRACE::2024-10-21.18:11:36::SCWPlatform:: Platform Path C:/Users/jkali/ece385/lab6/lab62/lab62_sdk/mb_usb_hdmi_top/hw/mb_usb_hdmi_top.xsa
TRACE::2024-10-21.18:11:36::SCWPlatform:: Unique name xilinx:::0.0
TRACE::2024-10-21.18:11:36::SCWPlatform::Trying to set the existing hwdb with name mb_usb_hdmi_top_1
TRACE::2024-10-21.18:11:36::SCWPlatform::Opened existing hwdb mb_usb_hdmi_top_1
TRACE::2024-10-21.18:11:36::SCWPlatform::Found the Hw Db part of the input DSA
TRACE::2024-10-21.18:11:36::SCWPlatform::Trying to open the hw design at C:/Users/jkali/ece385/lab6/lab62/lab62_sdk/mb_usb_hdmi_top/hw/mb_usb_hdmi_top.xsa
TRACE::2024-10-21.18:11:36::SCWPlatform::DSA given C:/Users/jkali/ece385/lab6/lab62/lab62_sdk/mb_usb_hdmi_top/hw/mb_usb_hdmi_top.xsa
TRACE::2024-10-21.18:11:36::SCWPlatform::DSA absoulate path C:/Users/jkali/ece385/lab6/lab62/lab62_sdk/mb_usb_hdmi_top/hw/mb_usb_hdmi_top.xsa
TRACE::2024-10-21.18:11:36::SCWPlatform::DSA directory C:/Users/jkali/ece385/lab6/lab62/lab62_sdk/mb_usb_hdmi_top/hw
TRACE::2024-10-21.18:11:36::SCWPlatform:: Platform Path C:/Users/jkali/ece385/lab6/lab62/lab62_sdk/mb_usb_hdmi_top/hw/mb_usb_hdmi_top.xsa
TRACE::2024-10-21.18:11:36::SCWPlatform:: Unique name xilinx:::0.0
TRACE::2024-10-21.18:11:36::SCWPlatform::Trying to set the existing hwdb with name mb_usb_hdmi_top_1
TRACE::2024-10-21.18:11:36::SCWPlatform::Opened existing hwdb mb_usb_hdmi_top_1
TRACE::2024-10-21.18:11:36::SCWPlatform::Found the Hw Db part of the input DSA
TRACE::2024-10-21.18:11:36::SCWPlatform::Trying to open the hw design at C:/Users/jkali/ece385/lab6/lab62/lab62_sdk/mb_usb_hdmi_top/hw/mb_usb_hdmi_top.xsa
TRACE::2024-10-21.18:11:36::SCWPlatform::DSA given C:/Users/jkali/ece385/lab6/lab62/lab62_sdk/mb_usb_hdmi_top/hw/mb_usb_hdmi_top.xsa
TRACE::2024-10-21.18:11:36::SCWPlatform::DSA absoulate path C:/Users/jkali/ece385/lab6/lab62/lab62_sdk/mb_usb_hdmi_top/hw/mb_usb_hdmi_top.xsa
TRACE::2024-10-21.18:11:36::SCWPlatform::DSA directory C:/Users/jkali/ece385/lab6/lab62/lab62_sdk/mb_usb_hdmi_top/hw
TRACE::2024-10-21.18:11:36::SCWPlatform:: Platform Path C:/Users/jkali/ece385/lab6/lab62/lab62_sdk/mb_usb_hdmi_top/hw/mb_usb_hdmi_top.xsa
TRACE::2024-10-21.18:11:36::SCWPlatform:: Unique name xilinx:::0.0
TRACE::2024-10-21.18:11:36::SCWPlatform::Trying to set the existing hwdb with name mb_usb_hdmi_top_1
TRACE::2024-10-21.18:11:36::SCWPlatform::Opened existing hwdb mb_usb_hdmi_top_1
TRACE::2024-10-21.18:11:36::SCWPlatform::Found the Hw Db part of the input DSA
TRACE::2024-10-21.18:11:36::SCWPlatform::Trying to open the hw design at C:/Users/jkali/ece385/lab6/lab62/lab62_sdk/mb_usb_hdmi_top/hw/mb_usb_hdmi_top.xsa
TRACE::2024-10-21.18:11:36::SCWPlatform::DSA given C:/Users/jkali/ece385/lab6/lab62/lab62_sdk/mb_usb_hdmi_top/hw/mb_usb_hdmi_top.xsa
TRACE::2024-10-21.18:11:36::SCWPlatform::DSA absoulate path C:/Users/jkali/ece385/lab6/lab62/lab62_sdk/mb_usb_hdmi_top/hw/mb_usb_hdmi_top.xsa
TRACE::2024-10-21.18:11:36::SCWPlatform::DSA directory C:/Users/jkali/ece385/lab6/lab62/lab62_sdk/mb_usb_hdmi_top/hw
TRACE::2024-10-21.18:11:36::SCWPlatform:: Platform Path C:/Users/jkali/ece385/lab6/lab62/lab62_sdk/mb_usb_hdmi_top/hw/mb_usb_hdmi_top.xsa
TRACE::2024-10-21.18:11:36::SCWPlatform:: Unique name xilinx:::0.0
TRACE::2024-10-21.18:11:36::SCWPlatform::Trying to set the existing hwdb with name mb_usb_hdmi_top_1
TRACE::2024-10-21.18:11:36::SCWPlatform::Opened existing hwdb mb_usb_hdmi_top_1
TRACE::2024-10-21.18:11:36::SCWPlatform::Found the Hw Db part of the input DSA
TRACE::2024-10-21.18:11:36::SCWMssOS::Checking the sw design at  C:/Users/jkali/ece385/lab6/lab62/lab62_sdk/mb_usb_hdmi_top/microblaze_0/standalone_microblaze_0/bsp/system.mss
TRACE::2024-10-21.18:11:36::SCWMssOS::DEBUG:  swdes dump  
TRACE::2024-10-21.18:11:36::SCWMssOS::No sw design opened at  C:/Users/jkali/ece385/lab6/lab62/lab62_sdk/mb_usb_hdmi_top/microblaze_0/standalone_microblaze_0/bsp/system.mss
TRACE::2024-10-21.18:11:36::SCWMssOS::mss exists loading the mss file  C:/Users/jkali/ece385/lab6/lab62/lab62_sdk/mb_usb_hdmi_top/microblaze_0/standalone_microblaze_0/bsp/system.mss
TRACE::2024-10-21.18:11:36::SCWMssOS::Opened the sw design from mss  C:/Users/jkali/ece385/lab6/lab62/lab62_sdk/mb_usb_hdmi_top/microblaze_0/standalone_microblaze_0/bsp/system.mss
TRACE::2024-10-21.18:11:36::SCWMssOS::Adding the swdes entry C:/Users/jkali/ece385/lab6/lab62/lab62_sdk/mb_usb_hdmi_top/microblaze_0/standalone_microblaze_0/bsp/system.mss with des name system
TRACE::2024-10-21.18:11:36::SCWMssOS::updating the scw layer about changes
TRACE::2024-10-21.18:11:36::SCWMssOS::Opened the sw design.  C:/Users/jkali/ece385/lab6/lab62/lab62_sdk/mb_usb_hdmi_top/microblaze_0/standalone_microblaze_0/bsp/system.mss
TRACE::2024-10-21.18:11:36::SCWMssOS::Saving the mss changes C:/Users/jkali/ece385/lab6/lab62/lab62_sdk/mb_usb_hdmi_top/microblaze_0/standalone_microblaze_0/bsp/system.mss
TRACE::2024-10-21.18:11:36::SCWMssOS::Found a swdesign opened with the mssfile.
TRACE::2024-10-21.18:11:36::SCWMssOS::Completed writemss as part of save.
TRACE::2024-10-21.18:11:36::SCWMssOS::Commit changes completed.
TRACE::2024-10-21.18:11:36::SCWReader::Adding prebuilt librarypaths as   
TRACE::2024-10-21.18:11:36::SCWReader::Adding prebuilt incpaths  as   
TRACE::2024-10-21.18:11:36::SCWPlatform::Trying to open the hw design at C:/Users/jkali/ece385/lab6/lab62/lab62_sdk/mb_usb_hdmi_top/hw/mb_usb_hdmi_top.xsa
TRACE::2024-10-21.18:11:36::SCWPlatform::DSA given C:/Users/jkali/ece385/lab6/lab62/lab62_sdk/mb_usb_hdmi_top/hw/mb_usb_hdmi_top.xsa
TRACE::2024-10-21.18:11:36::SCWPlatform::DSA absoulate path C:/Users/jkali/ece385/lab6/lab62/lab62_sdk/mb_usb_hdmi_top/hw/mb_usb_hdmi_top.xsa
TRACE::2024-10-21.18:11:36::SCWPlatform::DSA directory C:/Users/jkali/ece385/lab6/lab62/lab62_sdk/mb_usb_hdmi_top/hw
TRACE::2024-10-21.18:11:36::SCWPlatform:: Platform Path C:/Users/jkali/ece385/lab6/lab62/lab62_sdk/mb_usb_hdmi_top/hw/mb_usb_hdmi_top.xsa
TRACE::2024-10-21.18:11:36::SCWPlatform:: Unique name xilinx:::0.0
TRACE::2024-10-21.18:11:36::SCWPlatform::Trying to set the existing hwdb with name mb_usb_hdmi_top_1
TRACE::2024-10-21.18:11:36::SCWPlatform::Opened existing hwdb mb_usb_hdmi_top_1
TRACE::2024-10-21.18:11:36::SCWPlatform::Found the Hw Db part of the input DSA
TRACE::2024-10-21.18:11:36::SCWMssOS::Checking the sw design at  C:/Users/jkali/ece385/lab6/lab62/lab62_sdk/mb_usb_hdmi_top/microblaze_0/standalone_microblaze_0/bsp/system.mss
TRACE::2024-10-21.18:11:36::SCWMssOS::DEBUG:  swdes dump  C:/Users/jkali/ece385/lab6/lab62/lab62_sdk/mb_usb_hdmi_top/microblaze_0/standalone_microblaze_0/bsp/system.mss|system||

TRACE::2024-10-21.18:11:36::SCWMssOS::Sw design exists and opened at  C:/Users/jkali/ece385/lab6/lab62/lab62_sdk/mb_usb_hdmi_top/microblaze_0/standalone_microblaze_0/bsp/system.mss
TRACE::2024-10-21.18:11:36::SCWReader::No isolation master present  
TRACE::2024-10-21.18:11:36::SCWMssOS::cleaning the bsp 
TRACE::2024-10-21.18:11:36::SCWMssOS::System Command Ran  C: & cd  C:/Users/jkali/ece385/lab6/lab62/lab62_sdk/mb_usb_hdmi_top/microblaze_0/standalone_microblaze_0/bsp & make clean 
TRACE::2024-10-21.18:11:37::SCWMssOS::make -C microblaze_0/libsrc/bram_v4_8/src -s clean 

TRACE::2024-10-21.18:11:37::SCWMssOS::make -C microblaze_0/libsrc/cpu_v2_16/src -s clean 

TRACE::2024-10-21.18:11:37::SCWMssOS::make -C microblaze_0/libsrc/gpio_v4_9/src -s clean 

TRACE::2024-10-21.18:11:37::SCWMssOS::make -C microblaze_0/libsrc/intc_v3_15/src -s clean 

TRACE::2024-10-21.18:11:37::SCWMssOS::make -C microblaze_0/libsrc/spi_v4_9/src -s clean 

TRACE::2024-10-21.18:11:38::SCWMssOS::make -C microblaze_0/libsrc/standalone_v8_0/src -s clean 

TRACE::2024-10-21.18:11:39::SCWMssOS::make -C microblaze_0/libsrc/tmrctr_v4_9/src -s clean 

TRACE::2024-10-21.18:11:39::SCWMssOS::make -C microblaze_0/libsrc/uartlite_v3_7/src -s clean 

TRACE::2024-10-21.18:11:39::SCWMssOS::rm -f microblaze_0/lib/libxil.a

LOG::2024-10-21.18:11:45::SCWPlatform::Started generating the artifacts platform mb_usb_hdmi_top
TRACE::2024-10-21.18:11:45::SCWPlatform::Sanity checking of platform is completed
LOG::2024-10-21.18:11:45::SCWPlatform::Started generating the artifacts for system configuration mb_usb_hdmi_top
LOG::2024-10-21.18:11:45::SCWSystem::Checking the domain standalone_microblaze_0
LOG::2024-10-21.18:11:45::SCWSystem::Not a boot domain 
LOG::2024-10-21.18:11:45::SCWSystem::Started Processing the domain standalone_microblaze_0
TRACE::2024-10-21.18:11:45::SCWDomain::Generating domain artifcats
TRACE::2024-10-21.18:11:45::SCWMssOS::Generating standalone artifcats
TRACE::2024-10-21.18:11:45::SCWMssOS:: Copying the user libraries. 
TRACE::2024-10-21.18:11:45::SCWPlatform::Trying to open the hw design at C:/Users/jkali/ece385/lab6/lab62/lab62_sdk/mb_usb_hdmi_top/hw/mb_usb_hdmi_top.xsa
TRACE::2024-10-21.18:11:45::SCWPlatform::DSA given C:/Users/jkali/ece385/lab6/lab62/lab62_sdk/mb_usb_hdmi_top/hw/mb_usb_hdmi_top.xsa
TRACE::2024-10-21.18:11:45::SCWPlatform::DSA absoulate path C:/Users/jkali/ece385/lab6/lab62/lab62_sdk/mb_usb_hdmi_top/hw/mb_usb_hdmi_top.xsa
TRACE::2024-10-21.18:11:45::SCWPlatform::DSA directory C:/Users/jkali/ece385/lab6/lab62/lab62_sdk/mb_usb_hdmi_top/hw
TRACE::2024-10-21.18:11:45::SCWPlatform:: Platform Path C:/Users/jkali/ece385/lab6/lab62/lab62_sdk/mb_usb_hdmi_top/hw/mb_usb_hdmi_top.xsa
TRACE::2024-10-21.18:11:45::SCWPlatform:: Unique name xilinx:::0.0
TRACE::2024-10-21.18:11:45::SCWPlatform::Trying to set the existing hwdb with name mb_usb_hdmi_top_1
TRACE::2024-10-21.18:11:45::SCWPlatform::Opened existing hwdb mb_usb_hdmi_top_1
TRACE::2024-10-21.18:11:45::SCWPlatform::Found the Hw Db part of the input DSA
TRACE::2024-10-21.18:11:45::SCWMssOS::Checking the sw design at  C:/Users/jkali/ece385/lab6/lab62/lab62_sdk/mb_usb_hdmi_top/microblaze_0/standalone_microblaze_0/bsp/system.mss
TRACE::2024-10-21.18:11:45::SCWMssOS::DEBUG:  swdes dump  C:/Users/jkali/ece385/lab6/lab62/lab62_sdk/mb_usb_hdmi_top/microblaze_0/standalone_microblaze_0/bsp/system.mss|system||

TRACE::2024-10-21.18:11:45::SCWMssOS::Sw design exists and opened at  C:/Users/jkali/ece385/lab6/lab62/lab62_sdk/mb_usb_hdmi_top/microblaze_0/standalone_microblaze_0/bsp/system.mss
TRACE::2024-10-21.18:11:45::SCWMssOS::Completed writing the mss file at C:/Users/jkali/ece385/lab6/lab62/lab62_sdk/mb_usb_hdmi_top/microblaze_0/standalone_microblaze_0/bsp
TRACE::2024-10-21.18:11:45::SCWMssOS::Mss edits present, copying mssfile into export location C:/Users/jkali/ece385/lab6/lab62/lab62_sdk/mb_usb_hdmi_top/microblaze_0/standalone_microblaze_0/bsp/system.mss
TRACE::2024-10-21.18:11:45::SCWMssOS::bsp generated is stale removing and regenerating. 
TRACE::2024-10-21.18:11:49::SCWMssOS::doing bsp build ... 
TRACE::2024-10-21.18:11:49::SCWMssOS::System Command Ran  C: & cd  C:/Users/jkali/ece385/lab6/lab62/lab62_sdk/mb_usb_hdmi_top/microblaze_0/standalone_microblaze_0/bsp & make 
TRACE::2024-10-21.18:11:49::SCWMssOS::make --no-print-directory seq_libs

TRACE::2024-10-21.18:11:49::SCWMssOS::'Finished building libraries sequentially.'

TRACE::2024-10-21.18:11:49::SCWMssOS::make -j 18 --no-print-directory par_libs

TRACE::2024-10-21.18:11:49::SCWMssOS::"Running Make include in microblaze_0/libsrc/bram_v4_8/src"

TRACE::2024-10-21.18:11:49::SCWMssOS::make -C microblaze_0/libsrc/bram_v4_8/src -s include  "SHELL=CMD" "COMPILER=mb-gcc" "ASSEMBLER=mb-as" "ARCHIVER=mb-ar" "COMPILE
TRACE::2024-10-21.18:11:49::SCWMssOS::R_FLAGS=  -O2 -c -mcpu=v11.0 -mlittle-endian -mno-xl-reorder -mno-xl-soft-mul -mxl-barrel-shift -mxl-pattern-compare" "EXTRA_CO
TRACE::2024-10-21.18:11:49::SCWMssOS::MPILER_FLAGS=-g -ffunction-sections -fdata-sections -Wall -Wextra -fno-tree-loop-distribute-patterns"

TRACE::2024-10-21.18:11:49::SCWMssOS::"Running Make include in microblaze_0/libsrc/cpu_v2_16/src"

TRACE::2024-10-21.18:11:49::SCWMssOS::make -C microblaze_0/libsrc/cpu_v2_16/src -s include  "SHELL=CMD" "COMPILER=mb-gcc" "ASSEMBLER=mb-as" "ARCHIVER=mb-ar" "COMPILE
TRACE::2024-10-21.18:11:49::SCWMssOS::R_FLAGS=  -O2 -c -mcpu=v11.0 -mlittle-endian -mno-xl-reorder -mno-xl-soft-mul -mxl-barrel-shift -mxl-pattern-compare" "EXTRA_CO
TRACE::2024-10-21.18:11:49::SCWMssOS::MPILER_FLAGS=-g -ffunction-sections -fdata-sections -Wall -Wextra -fno-tree-loop-distribute-patterns"

TRACE::2024-10-21.18:11:49::SCWMssOS::"Running Make include in microblaze_0/libsrc/gpio_v4_9/src"

TRACE::2024-10-21.18:11:50::SCWMssOS::make -C microblaze_0/libsrc/gpio_v4_9/src -s include  "SHELL=CMD" "COMPILER=mb-gcc" "ASSEMBLER=mb-as" "ARCHIVER=mb-ar" "COMPILE
TRACE::2024-10-21.18:11:50::SCWMssOS::R_FLAGS=  -O2 -c -mcpu=v11.0 -mlittle-endian -mno-xl-reorder -mno-xl-soft-mul -mxl-barrel-shift -mxl-pattern-compare" "EXTRA_CO
TRACE::2024-10-21.18:11:50::SCWMssOS::MPILER_FLAGS=-g -ffunction-sections -fdata-sections -Wall -Wextra -fno-tree-loop-distribute-patterns"

TRACE::2024-10-21.18:11:50::SCWMssOS::"Running Make include in microblaze_0/libsrc/intc_v3_15/src"

TRACE::2024-10-21.18:11:50::SCWMssOS::make -C microblaze_0/libsrc/intc_v3_15/src -s include  "SHELL=CMD" "COMPILER=mb-gcc" "ASSEMBLER=mb-as" "ARCHIVER=mb-ar" "COMPIL
TRACE::2024-10-21.18:11:50::SCWMssOS::ER_FLAGS=  -O2 -c -mcpu=v11.0 -mlittle-endian -mno-xl-reorder -mno-xl-soft-mul -mxl-barrel-shift -mxl-pattern-compare" "EXTRA_C
TRACE::2024-10-21.18:11:50::SCWMssOS::OMPILER_FLAGS=-g -ffunction-sections -fdata-sections -Wall -Wextra -fno-tree-loop-distribute-patterns"

TRACE::2024-10-21.18:11:50::SCWMssOS::"Running Make include in microblaze_0/libsrc/spi_v4_9/src"

TRACE::2024-10-21.18:11:50::SCWMssOS::make -C microblaze_0/libsrc/spi_v4_9/src -s include  "SHELL=CMD" "COMPILER=mb-gcc" "ASSEMBLER=mb-as" "ARCHIVER=mb-ar" "COMPILER
TRACE::2024-10-21.18:11:50::SCWMssOS::_FLAGS=  -O2 -c -mcpu=v11.0 -mlittle-endian -mno-xl-reorder -mno-xl-soft-mul -mxl-barrel-shift -mxl-pattern-compare" "EXTRA_COM
TRACE::2024-10-21.18:11:50::SCWMssOS::PILER_FLAGS=-g -ffunction-sections -fdata-sections -Wall -Wextra -fno-tree-loop-distribute-patterns"

TRACE::2024-10-21.18:11:50::SCWMssOS::"Running Make include in microblaze_0/libsrc/standalone_v8_0/src"

TRACE::2024-10-21.18:11:50::SCWMssOS::make -C microblaze_0/libsrc/standalone_v8_0/src -s include  "SHELL=CMD" "COMPILER=mb-gcc" "ASSEMBLER=mb-as" "ARCHIVER=mb-ar" "C
TRACE::2024-10-21.18:11:50::SCWMssOS::OMPILER_FLAGS=  -O2 -c -mcpu=v11.0 -mlittle-endian -mno-xl-reorder -mno-xl-soft-mul -mxl-barrel-shift -mxl-pattern-compare" "EX
TRACE::2024-10-21.18:11:50::SCWMssOS::TRA_COMPILER_FLAGS=-g -ffunction-sections -fdata-sections -Wall -Wextra -fno-tree-loop-distribute-patterns"

TRACE::2024-10-21.18:11:50::SCWMssOS::"Running Make include in microblaze_0/libsrc/tmrctr_v4_9/src"

TRACE::2024-10-21.18:11:50::SCWMssOS::make -C microblaze_0/libsrc/tmrctr_v4_9/src -s include  "SHELL=CMD" "COMPILER=mb-gcc" "ASSEMBLER=mb-as" "ARCHIVER=mb-ar" "COMPI
TRACE::2024-10-21.18:11:50::SCWMssOS::LER_FLAGS=  -O2 -c -mcpu=v11.0 -mlittle-endian -mno-xl-reorder -mno-xl-soft-mul -mxl-barrel-shift -mxl-pattern-compare" "EXTRA_
TRACE::2024-10-21.18:11:50::SCWMssOS::COMPILER_FLAGS=-g -ffunction-sections -fdata-sections -Wall -Wextra -fno-tree-loop-distribute-patterns"

TRACE::2024-10-21.18:11:50::SCWMssOS::"Running Make include in microblaze_0/libsrc/uartlite_v3_7/src"

TRACE::2024-10-21.18:11:50::SCWMssOS::make -C microblaze_0/libsrc/uartlite_v3_7/src -s include  "SHELL=CMD" "COMPILER=mb-gcc" "ASSEMBLER=mb-as" "ARCHIVER=mb-ar" "COM
TRACE::2024-10-21.18:11:50::SCWMssOS::PILER_FLAGS=  -O2 -c -mcpu=v11.0 -mlittle-endian -mno-xl-reorder -mno-xl-soft-mul -mxl-barrel-shift -mxl-pattern-compare" "EXTR
TRACE::2024-10-21.18:11:50::SCWMssOS::A_COMPILER_FLAGS=-g -ffunction-sections -fdata-sections -Wall -Wextra -fno-tree-loop-distribute-patterns"

TRACE::2024-10-21.18:11:50::SCWMssOS::"Running Make libs in microblaze_0/libsrc/bram_v4_8/src"

TRACE::2024-10-21.18:11:50::SCWMssOS::make -C microblaze_0/libsrc/bram_v4_8/src -s libs  "SHELL=CMD" "COMPILER=mb-gcc" "ASSEMBLER=mb-as" "ARCHIVER=mb-ar" "COMPILER_F
TRACE::2024-10-21.18:11:50::SCWMssOS::LAGS=  -O2 -c -mcpu=v11.0 -mlittle-endian -mno-xl-reorder -mno-xl-soft-mul -mxl-barrel-shift -mxl-pattern-compare" "EXTRA_COMPI
TRACE::2024-10-21.18:11:50::SCWMssOS::LER_FLAGS=-g -ffunction-sections -fdata-sections -Wall -Wextra -fno-tree-loop-distribute-patterns"

TRACE::2024-10-21.18:11:50::SCWMssOS::"Running Make libs in microblaze_0/libsrc/cpu_v2_16/src"

TRACE::2024-10-21.18:11:50::SCWMssOS::make -C microblaze_0/libsrc/cpu_v2_16/src -s libs  "SHELL=CMD" "COMPILER=mb-gcc" "ASSEMBLER=mb-as" "ARCHIVER=mb-ar" "COMPILER_F
TRACE::2024-10-21.18:11:50::SCWMssOS::LAGS=  -O2 -c -mcpu=v11.0 -mlittle-endian -mno-xl-reorder -mno-xl-soft-mul -mxl-barrel-shift -mxl-pattern-compare" "EXTRA_COMPI
TRACE::2024-10-21.18:11:50::SCWMssOS::LER_FLAGS=-g -ffunction-sections -fdata-sections -Wall -Wextra -fno-tree-loop-distribute-patterns"

TRACE::2024-10-21.18:11:51::SCWMssOS::"Running Make libs in microblaze_0/libsrc/gpio_v4_9/src"

TRACE::2024-10-21.18:11:51::SCWMssOS::make -C microblaze_0/libsrc/gpio_v4_9/src -s libs  "SHELL=CMD" "COMPILER=mb-gcc" "ASSEMBLER=mb-as" "ARCHIVER=mb-ar" "COMPILER_F
TRACE::2024-10-21.18:11:51::SCWMssOS::LAGS=  -O2 -c -mcpu=v11.0 -mlittle-endian -mno-xl-reorder -mno-xl-soft-mul -mxl-barrel-shift -mxl-pattern-compare" "EXTRA_COMPI
TRACE::2024-10-21.18:11:51::SCWMssOS::LER_FLAGS=-g -ffunction-sections -fdata-sections -Wall -Wextra -fno-tree-loop-distribute-patterns"

TRACE::2024-10-21.18:11:51::SCWMssOS::"Running Make libs in microblaze_0/libsrc/intc_v3_15/src"

TRACE::2024-10-21.18:11:51::SCWMssOS::make -C microblaze_0/libsrc/intc_v3_15/src -s libs  "SHELL=CMD" "COMPILER=mb-gcc" "ASSEMBLER=mb-as" "ARCHIVER=mb-ar" "COMPILER_
TRACE::2024-10-21.18:11:51::SCWMssOS::FLAGS=  -O2 -c -mcpu=v11.0 -mlittle-endian -mno-xl-reorder -mno-xl-soft-mul -mxl-barrel-shift -mxl-pattern-compare" "EXTRA_COMP
TRACE::2024-10-21.18:11:51::SCWMssOS::ILER_FLAGS=-g -ffunction-sections -fdata-sections -Wall -Wextra -fno-tree-loop-distribute-patterns"

TRACE::2024-10-21.18:11:51::SCWMssOS::"Running Make libs in microblaze_0/libsrc/spi_v4_9/src"

TRACE::2024-10-21.18:11:51::SCWMssOS::make -C microblaze_0/libsrc/spi_v4_9/src -s libs  "SHELL=CMD" "COMPILER=mb-gcc" "ASSEMBLER=mb-as" "ARCHIVER=mb-ar" "COMPILER_FL
TRACE::2024-10-21.18:11:51::SCWMssOS::AGS=  -O2 -c -mcpu=v11.0 -mlittle-endian -mno-xl-reorder -mno-xl-soft-mul -mxl-barrel-shift -mxl-pattern-compare" "EXTRA_COMPIL
TRACE::2024-10-21.18:11:51::SCWMssOS::ER_FLAGS=-g -ffunction-sections -fdata-sections -Wall -Wextra -fno-tree-loop-distribute-patterns"

TRACE::2024-10-21.18:11:51::SCWMssOS::"Running Make libs in microblaze_0/libsrc/standalone_v8_0/src"

TRACE::2024-10-21.18:11:51::SCWMssOS::make -C microblaze_0/libsrc/standalone_v8_0/src -s libs  "SHELL=CMD" "COMPILER=mb-gcc" "ASSEMBLER=mb-as" "ARCHIVER=mb-ar" "COMP
TRACE::2024-10-21.18:11:51::SCWMssOS::ILER_FLAGS=  -O2 -c -mcpu=v11.0 -mlittle-endian -mno-xl-reorder -mno-xl-soft-mul -mxl-barrel-shift -mxl-pattern-compare" "EXTRA
TRACE::2024-10-21.18:11:51::SCWMssOS::_COMPILER_FLAGS=-g -ffunction-sections -fdata-sections -Wall -Wextra -fno-tree-loop-distribute-patterns"

TRACE::2024-10-21.18:11:51::SCWMssOS::"Running Make libs in microblaze_0/libsrc/tmrctr_v4_9/src"

TRACE::2024-10-21.18:11:51::SCWMssOS::make -C microblaze_0/libsrc/tmrctr_v4_9/src -s libs  "SHELL=CMD" "COMPILER=mb-gcc" "ASSEMBLER=mb-as" "ARCHIVER=mb-ar" "COMPILER
TRACE::2024-10-21.18:11:51::SCWMssOS::_FLAGS=  -O2 -c -mcpu=v11.0 -mlittle-endian -mno-xl-reorder -mno-xl-soft-mul -mxl-barrel-shift -mxl-pattern-compare" "EXTRA_COM
TRACE::2024-10-21.18:11:51::SCWMssOS::PILER_FLAGS=-g -ffunction-sections -fdata-sections -Wall -Wextra -fno-tree-loop-distribute-patterns"

TRACE::2024-10-21.18:11:52::SCWMssOS::"Running Make libs in microblaze_0/libsrc/uartlite_v3_7/src"

TRACE::2024-10-21.18:11:52::SCWMssOS::make -C microblaze_0/libsrc/uartlite_v3_7/src -s libs  "SHELL=CMD" "COMPILER=mb-gcc" "ASSEMBLER=mb-as" "ARCHIVER=mb-ar" "COMPIL
TRACE::2024-10-21.18:11:52::SCWMssOS::ER_FLAGS=  -O2 -c -mcpu=v11.0 -mlittle-endian -mno-xl-reorder -mno-xl-soft-mul -mxl-barrel-shift -mxl-pattern-compare" "EXTRA_C
TRACE::2024-10-21.18:11:52::SCWMssOS::OMPILER_FLAGS=-g -ffunction-sections -fdata-sections -Wall -Wextra -fno-tree-loop-distribute-patterns"

TRACE::2024-10-21.18:11:54::SCWMssOS::"DEBUG NON_LTO_OBJECTS is ../../../lib/microblaze_interrupt_handler.o"

TRACE::2024-10-21.18:11:54::SCWMssOS::'Finished building libraries parallelly.'

TRACE::2024-10-21.18:11:54::SCWMssOS::make --no-print-directory archive

TRACE::2024-10-21.18:11:54::SCWMssOS::mb-ar -r  microblaze_0/lib/libxil.a microblaze_0/lib/_exit.o microblaze_0/lib/errno.o microblaze_0/lib/fcntl.o microblaze_0/lib
TRACE::2024-10-21.18:11:54::SCWMssOS::/hw_exception_handler.o microblaze_0/lib/inbyte.o microblaze_0/lib/microblaze_disable_dcache.o microblaze_0/lib/microblaze_disa
TRACE::2024-10-21.18:11:54::SCWMssOS::ble_exceptions.o microblaze_0/lib/microblaze_disable_icache.o microblaze_0/lib/microblaze_disable_interrupts.o microblaze_0/lib
TRACE::2024-10-21.18:11:54::SCWMssOS::/microblaze_enable_dcache.o microblaze_0/lib/microblaze_enable_exceptions.o microblaze_0/lib/microblaze_enable_icache.o microbl
TRACE::2024-10-21.18:11:54::SCWMssOS::aze_0/lib/microblaze_enable_interrupts.o microblaze_0/lib/microblaze_exception_handler.o microblaze_0/lib/microblaze_flush_cach
TRACE::2024-10-21.18:11:54::SCWMssOS::e_ext.o microblaze_0/lib/microblaze_flush_cache_ext_range.o microblaze_0/lib/microblaze_flush_dcache.o microblaze_0/lib/microbl
TRACE::2024-10-21.18:11:54::SCWMssOS::aze_flush_dcache_range.o microblaze_0/lib/microblaze_init_dcache_range.o microblaze_0/lib/microblaze_init_icache_range.o microb
TRACE::2024-10-21.18:11:54::SCWMssOS::laze_0/lib/microblaze_interrupt_handler.o microblaze_0/lib/microblaze_interrupts_g.o microblaze_0/lib/microblaze_invalidate_cac
TRACE::2024-10-21.18:11:54::SCWMssOS::he_ext.o microblaze_0/lib/microblaze_invalidate_cache_ext_range.o microblaze_0/lib/microblaze_invalidate_dcache.o microblaze_0/
TRACE::2024-10-21.18:11:54::SCWMssOS::lib/microblaze_invalidate_dcache_range.o microblaze_0/lib/microblaze_invalidate_icache.o microblaze_0/lib/microblaze_invalidate
TRACE::2024-10-21.18:11:54::SCWMssOS::_icache_range.o microblaze_0/lib/microblaze_scrub.o microblaze_0/lib/microblaze_selftest.o microblaze_0/lib/microblaze_sleep.o 
TRACE::2024-10-21.18:11:54::SCWMssOS::microblaze_0/lib/microblaze_update_dcache.o microblaze_0/lib/microblaze_update_icache.o microblaze_0/lib/outbyte.o microblaze_0
TRACE::2024-10-21.18:11:54::SCWMssOS::/lib/print.o microblaze_0/lib/pvr.o microblaze_0/lib/xbram.o microblaze_0/lib/xbram_g.o microblaze_0/lib/xbram_intr.o microblaz
TRACE::2024-10-21.18:11:54::SCWMssOS::e_0/lib/xbram_selftest.o microblaze_0/lib/xbram_sinit.o microblaze_0/lib/xgpio.o microblaze_0/lib/xgpio_extra.o microblaze_0/li
TRACE::2024-10-21.18:11:54::SCWMssOS::b/xgpio_g.o microblaze_0/lib/xgpio_intr.o microblaze_0/lib/xgpio_selftest.o microblaze_0/lib/xgpio_sinit.o microblaze_0/lib/xil
TRACE::2024-10-21.18:11:54::SCWMssOS::_assert.o microblaze_0/lib/xil_cache.o microblaze_0/lib/xil_clocking.o microblaze_0/lib/xil_exception.o microblaze_0/lib/xil_me
TRACE::2024-10-21.18:11:54::SCWMssOS::m.o microblaze_0/lib/xil_misc_psreset_api.o microblaze_0/lib/xil_printf.o microblaze_0/lib/xil_sleepcommon.o microblaze_0/lib/x
TRACE::2024-10-21.18:11:54::SCWMssOS::il_testcache.o microblaze_0/lib/xil_testio.o microblaze_0/lib/xil_testmem.o microblaze_0/lib/xil_util.o microblaze_0/lib/xintc.
TRACE::2024-10-21.18:11:54::SCWMssOS::o microblaze_0/lib/xintc_g.o microblaze_0/lib/xintc_intr.o microblaze_0/lib/xintc_l.o microblaze_0/lib/xintc_options.o microbla
TRACE::2024-10-21.18:11:54::SCWMssOS::ze_0/lib/xintc_selftest.o microblaze_0/lib/xinterrupt_wrap.o microblaze_0/lib/xio.o microblaze_0/lib/xplatform_info.o microblaz
TRACE::2024-10-21.18:11:54::SCWMssOS::e_0/lib/xspi.o microblaze_0/lib/xspi_g.o microblaze_0/lib/xspi_options.o microblaze_0/lib/xspi_selftest.o microblaze_0/lib/xspi
TRACE::2024-10-21.18:11:54::SCWMssOS::_sinit.o microblaze_0/lib/xspi_stats.o microblaze_0/lib/xtmrctr.o microblaze_0/lib/xtmrctr_g.o microblaze_0/lib/xtmrctr_intr.o 
TRACE::2024-10-21.18:11:54::SCWMssOS::microblaze_0/lib/xtmrctr_l.o microblaze_0/lib/xtmrctr_options.o microblaze_0/lib/xtmrctr_selftest.o microblaze_0/lib/xtmrctr_si
TRACE::2024-10-21.18:11:54::SCWMssOS::nit.o microblaze_0/lib/xtmrctr_stats.o microblaze_0/lib/xuartlite.o microblaze_0/lib/xuartlite_g.o microblaze_0/lib/xuartlite_i
TRACE::2024-10-21.18:11:54::SCWMssOS::ntr.o microblaze_0/lib/xuartlite_l.o microblaze_0/lib/xuartlite_selftest.o microblaze_0/lib/xuartlite_sinit.o microblaze_0/lib/
TRACE::2024-10-21.18:11:54::SCWMssOS::xuartlite_stats.o

TRACE::2024-10-21.18:11:54::SCWMssOS::'Finished building libraries'

TRACE::2024-10-21.18:11:54::SCWMssOS:: Checking if to create the Supporting Applications
TRACE::2024-10-21.18:11:54::SCWMssOS:: No Linux domain exists, trying to generate FSBL 
LOG::2024-10-21.18:11:54::SCWSystem::Completed Processing the domain standalone_microblaze_0
LOG::2024-10-21.18:11:54::SCWSystem::Completed Processing the sysconfig mb_usb_hdmi_top
LOG::2024-10-21.18:11:54::SCWPlatform::Completed generating the artifacts for system configuration mb_usb_hdmi_top
TRACE::2024-10-21.18:11:54::SCWPlatform::Started preparing the platform 
TRACE::2024-10-21.18:11:54::SCWSystem::Writing the bif file for system config mb_usb_hdmi_top
TRACE::2024-10-21.18:11:54::SCWSystem::dir created 
TRACE::2024-10-21.18:11:54::SCWSystem::Writing the bif 
TRACE::2024-10-21.18:11:54::SCWPlatform::Started writing the spfm file 
TRACE::2024-10-21.18:11:54::SCWPlatform::Started writing the xpfm file 
TRACE::2024-10-21.18:11:54::SCWPlatform::Completed generating the platform
TRACE::2024-10-21.18:11:54::SCWMssOS::Saving the mss changes C:/Users/jkali/ece385/lab6/lab62/lab62_sdk/mb_usb_hdmi_top/microblaze_0/standalone_microblaze_0/bsp/system.mss
TRACE::2024-10-21.18:11:54::SCWMssOS::Adding the swdes entry, mss present, able to open swdb C:/Users/jkali/ece385/lab6/lab62/lab62_sdk/mb_usb_hdmi_top/microblaze_0/standalone_microblaze_0/bsp/system.mss with des name system
TRACE::2024-10-21.18:11:54::SCWMssOS::Writing the mss file completed C:/Users/jkali/ece385/lab6/lab62/lab62_sdk/mb_usb_hdmi_top/microblaze_0/standalone_microblaze_0/bsp/system.mss
TRACE::2024-10-21.18:11:54::SCWMssOS::Commit changes completed.
TRACE::2024-10-21.18:11:54::SCWPlatform::Trying to open the hw design at C:/Users/jkali/ece385/lab6/lab62/lab62_sdk/mb_usb_hdmi_top/hw/mb_usb_hdmi_top.xsa
TRACE::2024-10-21.18:11:54::SCWPlatform::DSA given C:/Users/jkali/ece385/lab6/lab62/lab62_sdk/mb_usb_hdmi_top/hw/mb_usb_hdmi_top.xsa
TRACE::2024-10-21.18:11:54::SCWPlatform::DSA absoulate path C:/Users/jkali/ece385/lab6/lab62/lab62_sdk/mb_usb_hdmi_top/hw/mb_usb_hdmi_top.xsa
TRACE::2024-10-21.18:11:54::SCWPlatform::DSA directory C:/Users/jkali/ece385/lab6/lab62/lab62_sdk/mb_usb_hdmi_top/hw
TRACE::2024-10-21.18:11:54::SCWPlatform:: Platform Path C:/Users/jkali/ece385/lab6/lab62/lab62_sdk/mb_usb_hdmi_top/hw/mb_usb_hdmi_top.xsa
TRACE::2024-10-21.18:11:54::SCWPlatform:: Unique name xilinx:::0.0
TRACE::2024-10-21.18:11:54::SCWPlatform::Trying to set the existing hwdb with name mb_usb_hdmi_top_1
TRACE::2024-10-21.18:11:54::SCWPlatform::Opened existing hwdb mb_usb_hdmi_top_1
TRACE::2024-10-21.18:11:54::SCWPlatform::Found the Hw Db part of the input DSA
TRACE::2024-10-21.18:11:54::SCWMssOS::Checking the sw design at  C:/Users/jkali/ece385/lab6/lab62/lab62_sdk/mb_usb_hdmi_top/microblaze_0/standalone_microblaze_0/bsp/system.mss
TRACE::2024-10-21.18:11:54::SCWMssOS::DEBUG:  swdes dump  C:/Users/jkali/ece385/lab6/lab62/lab62_sdk/mb_usb_hdmi_top/microblaze_0/standalone_microblaze_0/bsp/system.mss|system||

TRACE::2024-10-21.18:11:54::SCWMssOS::Sw design exists and opened at  C:/Users/jkali/ece385/lab6/lab62/lab62_sdk/mb_usb_hdmi_top/microblaze_0/standalone_microblaze_0/bsp/system.mss
TRACE::2024-10-21.18:11:54::SCWWriter::formatted JSON is {
	"platformName":	"mb_usb_hdmi_top",
	"sprVersion":	"2.0",
	"mode":	"gui",
	"dsaType":	"Fixed",
	"platformDesc":	"mb_usb_hdmi_top",
	"platHandOff":	"C:/Users/jkali/ece385/lab6/lab62/mb_usb_hdmi_top.xsa",
	"platIntHandOff":	"<platformDir>/hw/mb_usb_hdmi_top.xsa",
	"deviceType":	"FPGA",
	"platIsPrebuiltAutogen":	"false",
	"platIsNoBootBsp":	"false",
	"hasFsblMakeHasChanges":	"false",
	"hasPmufwMakeHasChanges":	"false",
	"platPreBuiltFlag":	false,
	"platformSamplesDir":	"",
	"platActiveSys":	"mb_usb_hdmi_top",
	"systems":	[{
			"systemName":	"mb_usb_hdmi_top",
			"systemDesc":	"mb_usb_hdmi_top",
			"sysIsBootAutoGen":	"true",
			"systemDispName":	"mb_usb_hdmi_top",
			"sysActiveDom":	"standalone_microblaze_0",
			"sysDefaultDom":	"standalone_microblaze_0",
			"domains":	[{
					"domainName":	"standalone_microblaze_0",
					"domainDispName":	"standalone_microblaze_0",
					"domainDesc":	"standalone_microblaze_0",
					"processors":	"microblaze_0",
					"os":	"standalone",
					"sdxOs":	"standalone",
					"debugEnable":	"False",
					"domRuntimes":	["cpp"],
					"swRepo":	"",
					"mssOsVer":	"8.0",
					"mssFile":	"",
					"md5Digest":	"304529987e879521ca977c68d163f362",
					"compatibleApp":	"",
					"domType":	"mssDomain",
					"arch":	"32-bit",
					"appSettings":	{
						"appCompilerFlags":	"",
						"appLinkerFlags":	""
					},
					"addedLibs":	[],
					"libOptions":	{
						"libsContainingOptions":	[]
					},
					"prebuiltLibs":	{
						"prebuiltIncPath":	[],
						"prebuiltLibPath":	[]
					},
					"isolation":	{
					}
				}]
		}]
}
KEYINFO::2024-10-21.18:11:54::SCWPlatform::updated the xpfm file.
TRACE::2024-10-21.18:11:54::SCWPlatform::Trying to open the hw design at C:/Users/jkali/ece385/lab6/lab62/lab62_sdk/mb_usb_hdmi_top/hw/mb_usb_hdmi_top.xsa
TRACE::2024-10-21.18:11:54::SCWPlatform::DSA given C:/Users/jkali/ece385/lab6/lab62/lab62_sdk/mb_usb_hdmi_top/hw/mb_usb_hdmi_top.xsa
TRACE::2024-10-21.18:11:54::SCWPlatform::DSA absoulate path C:/Users/jkali/ece385/lab6/lab62/lab62_sdk/mb_usb_hdmi_top/hw/mb_usb_hdmi_top.xsa
TRACE::2024-10-21.18:11:54::SCWPlatform::DSA directory C:/Users/jkali/ece385/lab6/lab62/lab62_sdk/mb_usb_hdmi_top/hw
TRACE::2024-10-21.18:11:54::SCWPlatform:: Platform Path C:/Users/jkali/ece385/lab6/lab62/lab62_sdk/mb_usb_hdmi_top/hw/mb_usb_hdmi_top.xsa
TRACE::2024-10-21.18:11:54::SCWPlatform:: Unique name xilinx:::0.0
TRACE::2024-10-21.18:11:54::SCWPlatform::Trying to set the existing hwdb with name mb_usb_hdmi_top_1
TRACE::2024-10-21.18:11:54::SCWPlatform::Opened existing hwdb mb_usb_hdmi_top_1
TRACE::2024-10-21.18:11:54::SCWPlatform::Found the Hw Db part of the input DSA
TRACE::2024-10-21.18:11:54::SCWMssOS::Checking the sw design at  C:/Users/jkali/ece385/lab6/lab62/lab62_sdk/mb_usb_hdmi_top/microblaze_0/standalone_microblaze_0/bsp/system.mss
TRACE::2024-10-21.18:11:54::SCWMssOS::DEBUG:  swdes dump  C:/Users/jkali/ece385/lab6/lab62/lab62_sdk/mb_usb_hdmi_top/microblaze_0/standalone_microblaze_0/bsp/system.mss|system||

TRACE::2024-10-21.18:11:54::SCWMssOS::Sw design exists and opened at  C:/Users/jkali/ece385/lab6/lab62/lab62_sdk/mb_usb_hdmi_top/microblaze_0/standalone_microblaze_0/bsp/system.mss
TRACE::2024-10-21.18:24:55::SCWMssOS::cleaning the bsp 
TRACE::2024-10-21.18:24:55::SCWMssOS::System Command Ran  C: & cd  C:/Users/jkali/ece385/lab6/lab62/lab62_sdk/mb_usb_hdmi_top/microblaze_0/standalone_microblaze_0/bsp & make clean 
TRACE::2024-10-21.18:24:55::SCWMssOS::make -C microblaze_0/libsrc/bram_v4_8/src -s clean 

TRACE::2024-10-21.18:24:55::SCWMssOS::make -C microblaze_0/libsrc/cpu_v2_16/src -s clean 

TRACE::2024-10-21.18:24:55::SCWMssOS::make -C microblaze_0/libsrc/gpio_v4_9/src -s clean 

TRACE::2024-10-21.18:24:55::SCWMssOS::make -C microblaze_0/libsrc/intc_v3_15/src -s clean 

TRACE::2024-10-21.18:24:55::SCWMssOS::make -C microblaze_0/libsrc/spi_v4_9/src -s clean 

TRACE::2024-10-21.18:24:56::SCWMssOS::make -C microblaze_0/libsrc/standalone_v8_0/src -s clean 

TRACE::2024-10-21.18:24:56::SCWMssOS::make -C microblaze_0/libsrc/tmrctr_v4_9/src -s clean 

TRACE::2024-10-21.18:24:56::SCWMssOS::make -C microblaze_0/libsrc/uartlite_v3_7/src -s clean 

TRACE::2024-10-21.18:24:56::SCWMssOS::rm -f microblaze_0/lib/libxil.a

LOG::2024-10-21.18:25:02::SCWPlatform::Started generating the artifacts platform mb_usb_hdmi_top
TRACE::2024-10-21.18:25:02::SCWPlatform::Sanity checking of platform is completed
LOG::2024-10-21.18:25:02::SCWPlatform::Started generating the artifacts for system configuration mb_usb_hdmi_top
LOG::2024-10-21.18:25:02::SCWSystem::Checking the domain standalone_microblaze_0
LOG::2024-10-21.18:25:02::SCWSystem::Not a boot domain 
LOG::2024-10-21.18:25:02::SCWSystem::Started Processing the domain standalone_microblaze_0
TRACE::2024-10-21.18:25:02::SCWDomain::Generating domain artifcats
TRACE::2024-10-21.18:25:02::SCWMssOS::Generating standalone artifcats
TRACE::2024-10-21.18:25:02::SCWMssOS:: Copying the user libraries. 
TRACE::2024-10-21.18:25:02::SCWPlatform::Trying to open the hw design at C:/Users/jkali/ece385/lab6/lab62/lab62_sdk/mb_usb_hdmi_top/hw/mb_usb_hdmi_top.xsa
TRACE::2024-10-21.18:25:02::SCWPlatform::DSA given C:/Users/jkali/ece385/lab6/lab62/lab62_sdk/mb_usb_hdmi_top/hw/mb_usb_hdmi_top.xsa
TRACE::2024-10-21.18:25:02::SCWPlatform::DSA absoulate path C:/Users/jkali/ece385/lab6/lab62/lab62_sdk/mb_usb_hdmi_top/hw/mb_usb_hdmi_top.xsa
TRACE::2024-10-21.18:25:02::SCWPlatform::DSA directory C:/Users/jkali/ece385/lab6/lab62/lab62_sdk/mb_usb_hdmi_top/hw
TRACE::2024-10-21.18:25:02::SCWPlatform:: Platform Path C:/Users/jkali/ece385/lab6/lab62/lab62_sdk/mb_usb_hdmi_top/hw/mb_usb_hdmi_top.xsa
TRACE::2024-10-21.18:25:02::SCWPlatform:: Unique name xilinx:::0.0
TRACE::2024-10-21.18:25:02::SCWPlatform::Trying to set the existing hwdb with name mb_usb_hdmi_top_1
TRACE::2024-10-21.18:25:02::SCWPlatform::Opened existing hwdb mb_usb_hdmi_top_1
TRACE::2024-10-21.18:25:02::SCWPlatform::Found the Hw Db part of the input DSA
TRACE::2024-10-21.18:25:02::SCWMssOS::Checking the sw design at  C:/Users/jkali/ece385/lab6/lab62/lab62_sdk/mb_usb_hdmi_top/microblaze_0/standalone_microblaze_0/bsp/system.mss
TRACE::2024-10-21.18:25:02::SCWMssOS::DEBUG:  swdes dump  C:/Users/jkali/ece385/lab6/lab62/lab62_sdk/mb_usb_hdmi_top/microblaze_0/standalone_microblaze_0/bsp/system.mss|system||

TRACE::2024-10-21.18:25:02::SCWMssOS::Sw design exists and opened at  C:/Users/jkali/ece385/lab6/lab62/lab62_sdk/mb_usb_hdmi_top/microblaze_0/standalone_microblaze_0/bsp/system.mss
TRACE::2024-10-21.18:25:02::SCWMssOS::Completed writing the mss file at C:/Users/jkali/ece385/lab6/lab62/lab62_sdk/mb_usb_hdmi_top/microblaze_0/standalone_microblaze_0/bsp
TRACE::2024-10-21.18:25:02::SCWMssOS::Mss edits present, copying mssfile into export location C:/Users/jkali/ece385/lab6/lab62/lab62_sdk/mb_usb_hdmi_top/microblaze_0/standalone_microblaze_0/bsp/system.mss
TRACE::2024-10-21.18:25:02::SCWMssOS::bsp generated is upto date with the mss file. Skipping bsp generation.
TRACE::2024-10-21.18:25:02::SCWMssOS::BSP is already built. skipping the bsp build ... 
TRACE::2024-10-21.18:25:02::SCWDomain::Building the domain as part of full build :  standalone_microblaze_0
TRACE::2024-10-21.18:25:02::SCWMssOS::doing bsp build ... 
TRACE::2024-10-21.18:25:02::SCWMssOS::System Command Ran  C: & cd  C:/Users/jkali/ece385/lab6/lab62/lab62_sdk/mb_usb_hdmi_top/microblaze_0/standalone_microblaze_0/bsp & make 
TRACE::2024-10-21.18:25:02::SCWMssOS::make --no-print-directory seq_libs

TRACE::2024-10-21.18:25:02::SCWMssOS::'Finished building libraries sequentially.'

TRACE::2024-10-21.18:25:02::SCWMssOS::make -j 18 --no-print-directory par_libs

TRACE::2024-10-21.18:25:02::SCWMssOS::"Running Make include in microblaze_0/libsrc/bram_v4_8/src"

TRACE::2024-10-21.18:25:02::SCWMssOS::make -C microblaze_0/libsrc/bram_v4_8/src -s include  "SHELL=CMD" "COMPILER=mb-gcc" "ASSEMBLER=mb-as" "ARCHIVER=mb-ar" "COMPILE
TRACE::2024-10-21.18:25:02::SCWMssOS::R_FLAGS=  -O2 -c -mcpu=v11.0 -mlittle-endian -mno-xl-reorder -mno-xl-soft-mul -mxl-barrel-shift -mxl-pattern-compare" "EXTRA_CO
TRACE::2024-10-21.18:25:02::SCWMssOS::MPILER_FLAGS=-g -ffunction-sections -fdata-sections -Wall -Wextra -fno-tree-loop-distribute-patterns"

TRACE::2024-10-21.18:25:02::SCWMssOS::"Running Make include in microblaze_0/libsrc/cpu_v2_16/src"

TRACE::2024-10-21.18:25:02::SCWMssOS::make -C microblaze_0/libsrc/cpu_v2_16/src -s include  "SHELL=CMD" "COMPILER=mb-gcc" "ASSEMBLER=mb-as" "ARCHIVER=mb-ar" "COMPILE
TRACE::2024-10-21.18:25:02::SCWMssOS::R_FLAGS=  -O2 -c -mcpu=v11.0 -mlittle-endian -mno-xl-reorder -mno-xl-soft-mul -mxl-barrel-shift -mxl-pattern-compare" "EXTRA_CO
TRACE::2024-10-21.18:25:02::SCWMssOS::MPILER_FLAGS=-g -ffunction-sections -fdata-sections -Wall -Wextra -fno-tree-loop-distribute-patterns"

TRACE::2024-10-21.18:25:02::SCWMssOS::"Running Make include in microblaze_0/libsrc/gpio_v4_9/src"

TRACE::2024-10-21.18:25:02::SCWMssOS::make -C microblaze_0/libsrc/gpio_v4_9/src -s include  "SHELL=CMD" "COMPILER=mb-gcc" "ASSEMBLER=mb-as" "ARCHIVER=mb-ar" "COMPILE
TRACE::2024-10-21.18:25:02::SCWMssOS::R_FLAGS=  -O2 -c -mcpu=v11.0 -mlittle-endian -mno-xl-reorder -mno-xl-soft-mul -mxl-barrel-shift -mxl-pattern-compare" "EXTRA_CO
TRACE::2024-10-21.18:25:02::SCWMssOS::MPILER_FLAGS=-g -ffunction-sections -fdata-sections -Wall -Wextra -fno-tree-loop-distribute-patterns"

TRACE::2024-10-21.18:25:02::SCWMssOS::"Running Make include in microblaze_0/libsrc/intc_v3_15/src"

TRACE::2024-10-21.18:25:02::SCWMssOS::make -C microblaze_0/libsrc/intc_v3_15/src -s include  "SHELL=CMD" "COMPILER=mb-gcc" "ASSEMBLER=mb-as" "ARCHIVER=mb-ar" "COMPIL
TRACE::2024-10-21.18:25:02::SCWMssOS::ER_FLAGS=  -O2 -c -mcpu=v11.0 -mlittle-endian -mno-xl-reorder -mno-xl-soft-mul -mxl-barrel-shift -mxl-pattern-compare" "EXTRA_C
TRACE::2024-10-21.18:25:02::SCWMssOS::OMPILER_FLAGS=-g -ffunction-sections -fdata-sections -Wall -Wextra -fno-tree-loop-distribute-patterns"

TRACE::2024-10-21.18:25:02::SCWMssOS::"Running Make include in microblaze_0/libsrc/spi_v4_9/src"

TRACE::2024-10-21.18:25:02::SCWMssOS::make -C microblaze_0/libsrc/spi_v4_9/src -s include  "SHELL=CMD" "COMPILER=mb-gcc" "ASSEMBLER=mb-as" "ARCHIVER=mb-ar" "COMPILER
TRACE::2024-10-21.18:25:02::SCWMssOS::_FLAGS=  -O2 -c -mcpu=v11.0 -mlittle-endian -mno-xl-reorder -mno-xl-soft-mul -mxl-barrel-shift -mxl-pattern-compare" "EXTRA_COM
TRACE::2024-10-21.18:25:02::SCWMssOS::PILER_FLAGS=-g -ffunction-sections -fdata-sections -Wall -Wextra -fno-tree-loop-distribute-patterns"

TRACE::2024-10-21.18:25:03::SCWMssOS::"Running Make include in microblaze_0/libsrc/standalone_v8_0/src"

TRACE::2024-10-21.18:25:03::SCWMssOS::make -C microblaze_0/libsrc/standalone_v8_0/src -s include  "SHELL=CMD" "COMPILER=mb-gcc" "ASSEMBLER=mb-as" "ARCHIVER=mb-ar" "C
TRACE::2024-10-21.18:25:03::SCWMssOS::OMPILER_FLAGS=  -O2 -c -mcpu=v11.0 -mlittle-endian -mno-xl-reorder -mno-xl-soft-mul -mxl-barrel-shift -mxl-pattern-compare" "EX
TRACE::2024-10-21.18:25:03::SCWMssOS::TRA_COMPILER_FLAGS=-g -ffunction-sections -fdata-sections -Wall -Wextra -fno-tree-loop-distribute-patterns"

TRACE::2024-10-21.18:25:03::SCWMssOS::"Running Make include in microblaze_0/libsrc/tmrctr_v4_9/src"

TRACE::2024-10-21.18:25:03::SCWMssOS::make -C microblaze_0/libsrc/tmrctr_v4_9/src -s include  "SHELL=CMD" "COMPILER=mb-gcc" "ASSEMBLER=mb-as" "ARCHIVER=mb-ar" "COMPI
TRACE::2024-10-21.18:25:03::SCWMssOS::LER_FLAGS=  -O2 -c -mcpu=v11.0 -mlittle-endian -mno-xl-reorder -mno-xl-soft-mul -mxl-barrel-shift -mxl-pattern-compare" "EXTRA_
TRACE::2024-10-21.18:25:03::SCWMssOS::COMPILER_FLAGS=-g -ffunction-sections -fdata-sections -Wall -Wextra -fno-tree-loop-distribute-patterns"

TRACE::2024-10-21.18:25:03::SCWMssOS::"Running Make include in microblaze_0/libsrc/uartlite_v3_7/src"

TRACE::2024-10-21.18:25:03::SCWMssOS::make -C microblaze_0/libsrc/uartlite_v3_7/src -s include  "SHELL=CMD" "COMPILER=mb-gcc" "ASSEMBLER=mb-as" "ARCHIVER=mb-ar" "COM
TRACE::2024-10-21.18:25:03::SCWMssOS::PILER_FLAGS=  -O2 -c -mcpu=v11.0 -mlittle-endian -mno-xl-reorder -mno-xl-soft-mul -mxl-barrel-shift -mxl-pattern-compare" "EXTR
TRACE::2024-10-21.18:25:03::SCWMssOS::A_COMPILER_FLAGS=-g -ffunction-sections -fdata-sections -Wall -Wextra -fno-tree-loop-distribute-patterns"

TRACE::2024-10-21.18:25:03::SCWMssOS::"Running Make libs in microblaze_0/libsrc/bram_v4_8/src"

TRACE::2024-10-21.18:25:03::SCWMssOS::make -C microblaze_0/libsrc/bram_v4_8/src -s libs  "SHELL=CMD" "COMPILER=mb-gcc" "ASSEMBLER=mb-as" "ARCHIVER=mb-ar" "COMPILER_F
TRACE::2024-10-21.18:25:03::SCWMssOS::LAGS=  -O2 -c -mcpu=v11.0 -mlittle-endian -mno-xl-reorder -mno-xl-soft-mul -mxl-barrel-shift -mxl-pattern-compare" "EXTRA_COMPI
TRACE::2024-10-21.18:25:03::SCWMssOS::LER_FLAGS=-g -ffunction-sections -fdata-sections -Wall -Wextra -fno-tree-loop-distribute-patterns"

TRACE::2024-10-21.18:25:03::SCWMssOS::"Running Make libs in microblaze_0/libsrc/cpu_v2_16/src"

TRACE::2024-10-21.18:25:03::SCWMssOS::make -C microblaze_0/libsrc/cpu_v2_16/src -s libs  "SHELL=CMD" "COMPILER=mb-gcc" "ASSEMBLER=mb-as" "ARCHIVER=mb-ar" "COMPILER_F
TRACE::2024-10-21.18:25:03::SCWMssOS::LAGS=  -O2 -c -mcpu=v11.0 -mlittle-endian -mno-xl-reorder -mno-xl-soft-mul -mxl-barrel-shift -mxl-pattern-compare" "EXTRA_COMPI
TRACE::2024-10-21.18:25:03::SCWMssOS::LER_FLAGS=-g -ffunction-sections -fdata-sections -Wall -Wextra -fno-tree-loop-distribute-patterns"

TRACE::2024-10-21.18:25:03::SCWMssOS::"Running Make libs in microblaze_0/libsrc/gpio_v4_9/src"

TRACE::2024-10-21.18:25:03::SCWMssOS::make -C microblaze_0/libsrc/gpio_v4_9/src -s libs  "SHELL=CMD" "COMPILER=mb-gcc" "ASSEMBLER=mb-as" "ARCHIVER=mb-ar" "COMPILER_F
TRACE::2024-10-21.18:25:03::SCWMssOS::LAGS=  -O2 -c -mcpu=v11.0 -mlittle-endian -mno-xl-reorder -mno-xl-soft-mul -mxl-barrel-shift -mxl-pattern-compare" "EXTRA_COMPI
TRACE::2024-10-21.18:25:03::SCWMssOS::LER_FLAGS=-g -ffunction-sections -fdata-sections -Wall -Wextra -fno-tree-loop-distribute-patterns"

TRACE::2024-10-21.18:25:03::SCWMssOS::"Running Make libs in microblaze_0/libsrc/intc_v3_15/src"

TRACE::2024-10-21.18:25:03::SCWMssOS::make -C microblaze_0/libsrc/intc_v3_15/src -s libs  "SHELL=CMD" "COMPILER=mb-gcc" "ASSEMBLER=mb-as" "ARCHIVER=mb-ar" "COMPILER_
TRACE::2024-10-21.18:25:03::SCWMssOS::FLAGS=  -O2 -c -mcpu=v11.0 -mlittle-endian -mno-xl-reorder -mno-xl-soft-mul -mxl-barrel-shift -mxl-pattern-compare" "EXTRA_COMP
TRACE::2024-10-21.18:25:03::SCWMssOS::ILER_FLAGS=-g -ffunction-sections -fdata-sections -Wall -Wextra -fno-tree-loop-distribute-patterns"

TRACE::2024-10-21.18:25:03::SCWMssOS::"Running Make libs in microblaze_0/libsrc/spi_v4_9/src"

TRACE::2024-10-21.18:25:03::SCWMssOS::make -C microblaze_0/libsrc/spi_v4_9/src -s libs  "SHELL=CMD" "COMPILER=mb-gcc" "ASSEMBLER=mb-as" "ARCHIVER=mb-ar" "COMPILER_FL
TRACE::2024-10-21.18:25:03::SCWMssOS::AGS=  -O2 -c -mcpu=v11.0 -mlittle-endian -mno-xl-reorder -mno-xl-soft-mul -mxl-barrel-shift -mxl-pattern-compare" "EXTRA_COMPIL
TRACE::2024-10-21.18:25:03::SCWMssOS::ER_FLAGS=-g -ffunction-sections -fdata-sections -Wall -Wextra -fno-tree-loop-distribute-patterns"

TRACE::2024-10-21.18:25:03::SCWMssOS::"Running Make libs in microblaze_0/libsrc/standalone_v8_0/src"

TRACE::2024-10-21.18:25:03::SCWMssOS::make -C microblaze_0/libsrc/standalone_v8_0/src -s libs  "SHELL=CMD" "COMPILER=mb-gcc" "ASSEMBLER=mb-as" "ARCHIVER=mb-ar" "COMP
TRACE::2024-10-21.18:25:03::SCWMssOS::ILER_FLAGS=  -O2 -c -mcpu=v11.0 -mlittle-endian -mno-xl-reorder -mno-xl-soft-mul -mxl-barrel-shift -mxl-pattern-compare" "EXTRA
TRACE::2024-10-21.18:25:03::SCWMssOS::_COMPILER_FLAGS=-g -ffunction-sections -fdata-sections -Wall -Wextra -fno-tree-loop-distribute-patterns"

TRACE::2024-10-21.18:25:03::SCWMssOS::"Running Make libs in microblaze_0/libsrc/tmrctr_v4_9/src"

TRACE::2024-10-21.18:25:03::SCWMssOS::make -C microblaze_0/libsrc/tmrctr_v4_9/src -s libs  "SHELL=CMD" "COMPILER=mb-gcc" "ASSEMBLER=mb-as" "ARCHIVER=mb-ar" "COMPILER
TRACE::2024-10-21.18:25:03::SCWMssOS::_FLAGS=  -O2 -c -mcpu=v11.0 -mlittle-endian -mno-xl-reorder -mno-xl-soft-mul -mxl-barrel-shift -mxl-pattern-compare" "EXTRA_COM
TRACE::2024-10-21.18:25:03::SCWMssOS::PILER_FLAGS=-g -ffunction-sections -fdata-sections -Wall -Wextra -fno-tree-loop-distribute-patterns"

TRACE::2024-10-21.18:25:03::SCWMssOS::"Running Make libs in microblaze_0/libsrc/uartlite_v3_7/src"

TRACE::2024-10-21.18:25:03::SCWMssOS::make -C microblaze_0/libsrc/uartlite_v3_7/src -s libs  "SHELL=CMD" "COMPILER=mb-gcc" "ASSEMBLER=mb-as" "ARCHIVER=mb-ar" "COMPIL
TRACE::2024-10-21.18:25:03::SCWMssOS::ER_FLAGS=  -O2 -c -mcpu=v11.0 -mlittle-endian -mno-xl-reorder -mno-xl-soft-mul -mxl-barrel-shift -mxl-pattern-compare" "EXTRA_C
TRACE::2024-10-21.18:25:03::SCWMssOS::OMPILER_FLAGS=-g -ffunction-sections -fdata-sections -Wall -Wextra -fno-tree-loop-distribute-patterns"

TRACE::2024-10-21.18:25:05::SCWMssOS::"DEBUG NON_LTO_OBJECTS is ../../../lib/microblaze_interrupt_handler.o"

TRACE::2024-10-21.18:25:06::SCWMssOS::'Finished building libraries parallelly.'

TRACE::2024-10-21.18:25:06::SCWMssOS::make --no-print-directory archive

TRACE::2024-10-21.18:25:06::SCWMssOS::mb-ar -r  microblaze_0/lib/libxil.a microblaze_0/lib/_exit.o microblaze_0/lib/errno.o microblaze_0/lib/fcntl.o microblaze_0/lib
TRACE::2024-10-21.18:25:06::SCWMssOS::/hw_exception_handler.o microblaze_0/lib/inbyte.o microblaze_0/lib/microblaze_disable_dcache.o microblaze_0/lib/microblaze_disa
TRACE::2024-10-21.18:25:06::SCWMssOS::ble_exceptions.o microblaze_0/lib/microblaze_disable_icache.o microblaze_0/lib/microblaze_disable_interrupts.o microblaze_0/lib
TRACE::2024-10-21.18:25:06::SCWMssOS::/microblaze_enable_dcache.o microblaze_0/lib/microblaze_enable_exceptions.o microblaze_0/lib/microblaze_enable_icache.o microbl
TRACE::2024-10-21.18:25:06::SCWMssOS::aze_0/lib/microblaze_enable_interrupts.o microblaze_0/lib/microblaze_exception_handler.o microblaze_0/lib/microblaze_flush_cach
TRACE::2024-10-21.18:25:06::SCWMssOS::e_ext.o microblaze_0/lib/microblaze_flush_cache_ext_range.o microblaze_0/lib/microblaze_flush_dcache.o microblaze_0/lib/microbl
TRACE::2024-10-21.18:25:06::SCWMssOS::aze_flush_dcache_range.o microblaze_0/lib/microblaze_init_dcache_range.o microblaze_0/lib/microblaze_init_icache_range.o microb
TRACE::2024-10-21.18:25:06::SCWMssOS::laze_0/lib/microblaze_interrupt_handler.o microblaze_0/lib/microblaze_interrupts_g.o microblaze_0/lib/microblaze_invalidate_cac
TRACE::2024-10-21.18:25:06::SCWMssOS::he_ext.o microblaze_0/lib/microblaze_invalidate_cache_ext_range.o microblaze_0/lib/microblaze_invalidate_dcache.o microblaze_0/
TRACE::2024-10-21.18:25:06::SCWMssOS::lib/microblaze_invalidate_dcache_range.o microblaze_0/lib/microblaze_invalidate_icache.o microblaze_0/lib/microblaze_invalidate
TRACE::2024-10-21.18:25:06::SCWMssOS::_icache_range.o microblaze_0/lib/microblaze_scrub.o microblaze_0/lib/microblaze_selftest.o microblaze_0/lib/microblaze_sleep.o 
TRACE::2024-10-21.18:25:06::SCWMssOS::microblaze_0/lib/microblaze_update_dcache.o microblaze_0/lib/microblaze_update_icache.o microblaze_0/lib/outbyte.o microblaze_0
TRACE::2024-10-21.18:25:06::SCWMssOS::/lib/print.o microblaze_0/lib/pvr.o microblaze_0/lib/xbram.o microblaze_0/lib/xbram_g.o microblaze_0/lib/xbram_intr.o microblaz
TRACE::2024-10-21.18:25:06::SCWMssOS::e_0/lib/xbram_selftest.o microblaze_0/lib/xbram_sinit.o microblaze_0/lib/xgpio.o microblaze_0/lib/xgpio_extra.o microblaze_0/li
TRACE::2024-10-21.18:25:06::SCWMssOS::b/xgpio_g.o microblaze_0/lib/xgpio_intr.o microblaze_0/lib/xgpio_selftest.o microblaze_0/lib/xgpio_sinit.o microblaze_0/lib/xil
TRACE::2024-10-21.18:25:06::SCWMssOS::_assert.o microblaze_0/lib/xil_cache.o microblaze_0/lib/xil_clocking.o microblaze_0/lib/xil_exception.o microblaze_0/lib/xil_me
TRACE::2024-10-21.18:25:06::SCWMssOS::m.o microblaze_0/lib/xil_misc_psreset_api.o microblaze_0/lib/xil_printf.o microblaze_0/lib/xil_sleepcommon.o microblaze_0/lib/x
TRACE::2024-10-21.18:25:06::SCWMssOS::il_testcache.o microblaze_0/lib/xil_testio.o microblaze_0/lib/xil_testmem.o microblaze_0/lib/xil_util.o microblaze_0/lib/xintc.
TRACE::2024-10-21.18:25:06::SCWMssOS::o microblaze_0/lib/xintc_g.o microblaze_0/lib/xintc_intr.o microblaze_0/lib/xintc_l.o microblaze_0/lib/xintc_options.o microbla
TRACE::2024-10-21.18:25:06::SCWMssOS::ze_0/lib/xintc_selftest.o microblaze_0/lib/xinterrupt_wrap.o microblaze_0/lib/xio.o microblaze_0/lib/xplatform_info.o microblaz
TRACE::2024-10-21.18:25:06::SCWMssOS::e_0/lib/xspi.o microblaze_0/lib/xspi_g.o microblaze_0/lib/xspi_options.o microblaze_0/lib/xspi_selftest.o microblaze_0/lib/xspi
TRACE::2024-10-21.18:25:06::SCWMssOS::_sinit.o microblaze_0/lib/xspi_stats.o microblaze_0/lib/xtmrctr.o microblaze_0/lib/xtmrctr_g.o microblaze_0/lib/xtmrctr_intr.o 
TRACE::2024-10-21.18:25:06::SCWMssOS::microblaze_0/lib/xtmrctr_l.o microblaze_0/lib/xtmrctr_options.o microblaze_0/lib/xtmrctr_selftest.o microblaze_0/lib/xtmrctr_si
TRACE::2024-10-21.18:25:06::SCWMssOS::nit.o microblaze_0/lib/xtmrctr_stats.o microblaze_0/lib/xuartlite.o microblaze_0/lib/xuartlite_g.o microblaze_0/lib/xuartlite_i
TRACE::2024-10-21.18:25:06::SCWMssOS::ntr.o microblaze_0/lib/xuartlite_l.o microblaze_0/lib/xuartlite_selftest.o microblaze_0/lib/xuartlite_sinit.o microblaze_0/lib/
TRACE::2024-10-21.18:25:06::SCWMssOS::xuartlite_stats.o

TRACE::2024-10-21.18:25:06::SCWMssOS::'Finished building libraries'

TRACE::2024-10-21.18:25:06::SCWMssOS::Copying to export directory.
TRACE::2024-10-21.18:25:07::SCWMssOS:: Checking if to create the Supporting Applications
TRACE::2024-10-21.18:25:07::SCWMssOS:: No Linux domain exists, trying to generate FSBL 
LOG::2024-10-21.18:25:07::SCWSystem::Completed Processing the domain standalone_microblaze_0
LOG::2024-10-21.18:25:07::SCWSystem::Completed Processing the sysconfig mb_usb_hdmi_top
LOG::2024-10-21.18:25:07::SCWPlatform::Completed generating the artifacts for system configuration mb_usb_hdmi_top
TRACE::2024-10-21.18:25:07::SCWPlatform::Started preparing the platform 
TRACE::2024-10-21.18:25:07::SCWSystem::Writing the bif file for system config mb_usb_hdmi_top
TRACE::2024-10-21.18:25:07::SCWSystem::dir created 
TRACE::2024-10-21.18:25:07::SCWSystem::Writing the bif 
TRACE::2024-10-21.18:25:07::SCWPlatform::Started writing the spfm file 
TRACE::2024-10-21.18:25:07::SCWPlatform::Started writing the xpfm file 
TRACE::2024-10-21.18:25:07::SCWPlatform::Completed generating the platform
TRACE::2024-10-21.18:25:07::SCWMssOS::Saving the mss changes C:/Users/jkali/ece385/lab6/lab62/lab62_sdk/mb_usb_hdmi_top/microblaze_0/standalone_microblaze_0/bsp/system.mss
TRACE::2024-10-21.18:25:07::SCWMssOS::Found a swdesign opened with the mssfile.
TRACE::2024-10-21.18:25:07::SCWMssOS::Completed writemss as part of save.
TRACE::2024-10-21.18:25:07::SCWMssOS::Commit changes completed.
TRACE::2024-10-21.18:25:07::SCWPlatform::Trying to open the hw design at C:/Users/jkali/ece385/lab6/lab62/lab62_sdk/mb_usb_hdmi_top/hw/mb_usb_hdmi_top.xsa
TRACE::2024-10-21.18:25:07::SCWPlatform::DSA given C:/Users/jkali/ece385/lab6/lab62/lab62_sdk/mb_usb_hdmi_top/hw/mb_usb_hdmi_top.xsa
TRACE::2024-10-21.18:25:07::SCWPlatform::DSA absoulate path C:/Users/jkali/ece385/lab6/lab62/lab62_sdk/mb_usb_hdmi_top/hw/mb_usb_hdmi_top.xsa
TRACE::2024-10-21.18:25:07::SCWPlatform::DSA directory C:/Users/jkali/ece385/lab6/lab62/lab62_sdk/mb_usb_hdmi_top/hw
TRACE::2024-10-21.18:25:07::SCWPlatform:: Platform Path C:/Users/jkali/ece385/lab6/lab62/lab62_sdk/mb_usb_hdmi_top/hw/mb_usb_hdmi_top.xsa
TRACE::2024-10-21.18:25:07::SCWPlatform:: Unique name xilinx:::0.0
TRACE::2024-10-21.18:25:07::SCWPlatform::Trying to set the existing hwdb with name mb_usb_hdmi_top_1
TRACE::2024-10-21.18:25:07::SCWPlatform::Opened existing hwdb mb_usb_hdmi_top_1
TRACE::2024-10-21.18:25:07::SCWPlatform::Found the Hw Db part of the input DSA
TRACE::2024-10-21.18:25:07::SCWMssOS::Checking the sw design at  C:/Users/jkali/ece385/lab6/lab62/lab62_sdk/mb_usb_hdmi_top/microblaze_0/standalone_microblaze_0/bsp/system.mss
TRACE::2024-10-21.18:25:07::SCWMssOS::DEBUG:  swdes dump  C:/Users/jkali/ece385/lab6/lab62/lab62_sdk/mb_usb_hdmi_top/microblaze_0/standalone_microblaze_0/bsp/system.mss|system||

TRACE::2024-10-21.18:25:07::SCWMssOS::Sw design exists and opened at  C:/Users/jkali/ece385/lab6/lab62/lab62_sdk/mb_usb_hdmi_top/microblaze_0/standalone_microblaze_0/bsp/system.mss
TRACE::2024-10-21.18:25:07::SCWWriter::formatted JSON is {
	"platformName":	"mb_usb_hdmi_top",
	"sprVersion":	"2.0",
	"mode":	"gui",
	"dsaType":	"Fixed",
	"platformDesc":	"mb_usb_hdmi_top",
	"platHandOff":	"C:/Users/jkali/ece385/lab6/lab62/mb_usb_hdmi_top.xsa",
	"platIntHandOff":	"<platformDir>/hw/mb_usb_hdmi_top.xsa",
	"deviceType":	"FPGA",
	"platIsPrebuiltAutogen":	"false",
	"platIsNoBootBsp":	"false",
	"hasFsblMakeHasChanges":	"false",
	"hasPmufwMakeHasChanges":	"false",
	"platPreBuiltFlag":	false,
	"platformSamplesDir":	"",
	"platActiveSys":	"mb_usb_hdmi_top",
	"systems":	[{
			"systemName":	"mb_usb_hdmi_top",
			"systemDesc":	"mb_usb_hdmi_top",
			"sysIsBootAutoGen":	"true",
			"systemDispName":	"mb_usb_hdmi_top",
			"sysActiveDom":	"standalone_microblaze_0",
			"sysDefaultDom":	"standalone_microblaze_0",
			"domains":	[{
					"domainName":	"standalone_microblaze_0",
					"domainDispName":	"standalone_microblaze_0",
					"domainDesc":	"standalone_microblaze_0",
					"processors":	"microblaze_0",
					"os":	"standalone",
					"sdxOs":	"standalone",
					"debugEnable":	"False",
					"domRuntimes":	["cpp"],
					"swRepo":	"",
					"mssOsVer":	"8.0",
					"mssFile":	"",
					"md5Digest":	"304529987e879521ca977c68d163f362",
					"compatibleApp":	"",
					"domType":	"mssDomain",
					"arch":	"32-bit",
					"appSettings":	{
						"appCompilerFlags":	"",
						"appLinkerFlags":	""
					},
					"addedLibs":	[],
					"libOptions":	{
						"libsContainingOptions":	[]
					},
					"prebuiltLibs":	{
						"prebuiltIncPath":	[],
						"prebuiltLibPath":	[]
					},
					"isolation":	{
					}
				}]
		}]
}
KEYINFO::2024-10-21.18:25:07::SCWPlatform::updated the xpfm file.
TRACE::2024-10-21.18:25:07::SCWPlatform::Trying to open the hw design at C:/Users/jkali/ece385/lab6/lab62/lab62_sdk/mb_usb_hdmi_top/hw/mb_usb_hdmi_top.xsa
TRACE::2024-10-21.18:25:07::SCWPlatform::DSA given C:/Users/jkali/ece385/lab6/lab62/lab62_sdk/mb_usb_hdmi_top/hw/mb_usb_hdmi_top.xsa
TRACE::2024-10-21.18:25:07::SCWPlatform::DSA absoulate path C:/Users/jkali/ece385/lab6/lab62/lab62_sdk/mb_usb_hdmi_top/hw/mb_usb_hdmi_top.xsa
TRACE::2024-10-21.18:25:07::SCWPlatform::DSA directory C:/Users/jkali/ece385/lab6/lab62/lab62_sdk/mb_usb_hdmi_top/hw
TRACE::2024-10-21.18:25:07::SCWPlatform:: Platform Path C:/Users/jkali/ece385/lab6/lab62/lab62_sdk/mb_usb_hdmi_top/hw/mb_usb_hdmi_top.xsa
TRACE::2024-10-21.18:25:07::SCWPlatform:: Unique name xilinx:::0.0
TRACE::2024-10-21.18:25:07::SCWPlatform::Trying to set the existing hwdb with name mb_usb_hdmi_top_1
TRACE::2024-10-21.18:25:07::SCWPlatform::Opened existing hwdb mb_usb_hdmi_top_1
TRACE::2024-10-21.18:25:07::SCWPlatform::Found the Hw Db part of the input DSA
TRACE::2024-10-21.18:25:07::SCWMssOS::Checking the sw design at  C:/Users/jkali/ece385/lab6/lab62/lab62_sdk/mb_usb_hdmi_top/microblaze_0/standalone_microblaze_0/bsp/system.mss
TRACE::2024-10-21.18:25:07::SCWMssOS::DEBUG:  swdes dump  C:/Users/jkali/ece385/lab6/lab62/lab62_sdk/mb_usb_hdmi_top/microblaze_0/standalone_microblaze_0/bsp/system.mss|system||

TRACE::2024-10-21.18:25:07::SCWMssOS::Sw design exists and opened at  C:/Users/jkali/ece385/lab6/lab62/lab62_sdk/mb_usb_hdmi_top/microblaze_0/standalone_microblaze_0/bsp/system.mss
TRACE::2024-10-21.18:27:35::SCWPlatform::Clearing the existing platform
TRACE::2024-10-21.18:27:35::SCWSystem::Clearing the existing sysconfig
TRACE::2024-10-21.18:27:35::SCWMssOS::Removing the swdes entry for  C:/Users/jkali/ece385/lab6/lab62/lab62_sdk/mb_usb_hdmi_top/microblaze_0/standalone_microblaze_0/bsp/system.mss
TRACE::2024-10-21.18:27:35::SCWSystem::Clearing the domains completed.
TRACE::2024-10-21.18:27:35::SCWPlatform::Clearing the opened hw db.
TRACE::2024-10-21.18:27:35::SCWPlatform::DSA given C:/Users/jkali/ece385/lab6/lab62/lab62_sdk/mb_usb_hdmi_top/hw/mb_usb_hdmi_top.xsa
TRACE::2024-10-21.18:27:35::SCWPlatform::DSA absoulate path C:/Users/jkali/ece385/lab6/lab62/lab62_sdk/mb_usb_hdmi_top/hw/mb_usb_hdmi_top.xsa
TRACE::2024-10-21.18:27:35::SCWPlatform:: Platform location is C:/Users/jkali/ece385/lab6/lab62/lab62_sdk/mb_usb_hdmi_top/hw
TRACE::2024-10-21.18:27:35::SCWPlatform:: Platform Path C:/Users/jkali/ece385/lab6/lab62/lab62_sdk/mb_usb_hdmi_top/hw/mb_usb_hdmi_top.xsa
TRACE::2024-10-21.18:27:35::SCWPlatform:: Unique name xilinx:::0.0
TRACE::2024-10-21.18:27:35::SCWPlatform::Removing the HwDB with name C:/Users/jkali/ece385/lab6/lab62/lab62_sdk/mb_usb_hdmi_top/hw/mb_usb_hdmi_top.xsa
TRACE::2024-10-21.18:27:35::SCWPlatform::Trying to open the hw design at C:/Users/jkali/ece385/lab6/lab62/lab62_sdk/mb_usb_hdmi_top/hw/mb_usb_hdmi_top.xsa
TRACE::2024-10-21.18:27:35::SCWPlatform::DSA given C:/Users/jkali/ece385/lab6/lab62/lab62_sdk/mb_usb_hdmi_top/hw/mb_usb_hdmi_top.xsa
TRACE::2024-10-21.18:27:35::SCWPlatform::DSA absoulate path C:/Users/jkali/ece385/lab6/lab62/lab62_sdk/mb_usb_hdmi_top/hw/mb_usb_hdmi_top.xsa
TRACE::2024-10-21.18:27:35::SCWPlatform::DSA directory C:/Users/jkali/ece385/lab6/lab62/lab62_sdk/mb_usb_hdmi_top/hw
TRACE::2024-10-21.18:27:35::SCWPlatform:: Platform Path C:/Users/jkali/ece385/lab6/lab62/lab62_sdk/mb_usb_hdmi_top/hw/mb_usb_hdmi_top.xsa
TRACE::2024-10-21.18:27:35::SCWPlatform:: Unique name xilinx:::0.0
TRACE::2024-10-21.18:27:35::SCWPlatform::Do not have an existing db opened. 
TRACE::2024-10-21.18:27:35::SCWPlatform::Opened new HwDB with name mb_usb_hdmi_top_3
TRACE::2024-10-21.18:27:35::SCWReader::Active system found as  mb_usb_hdmi_top
TRACE::2024-10-21.18:27:35::SCWReader::Handling sysconfig mb_usb_hdmi_top
TRACE::2024-10-21.18:27:35::SCWDomain::checking for install qemu data   : 
TRACE::2024-10-21.18:27:35::SCWPlatform::Trying to open the hw design at C:/Users/jkali/ece385/lab6/lab62/lab62_sdk/mb_usb_hdmi_top/hw/mb_usb_hdmi_top.xsa
TRACE::2024-10-21.18:27:35::SCWPlatform::DSA given C:/Users/jkali/ece385/lab6/lab62/lab62_sdk/mb_usb_hdmi_top/hw/mb_usb_hdmi_top.xsa
TRACE::2024-10-21.18:27:35::SCWPlatform::DSA absoulate path C:/Users/jkali/ece385/lab6/lab62/lab62_sdk/mb_usb_hdmi_top/hw/mb_usb_hdmi_top.xsa
TRACE::2024-10-21.18:27:35::SCWPlatform::DSA directory C:/Users/jkali/ece385/lab6/lab62/lab62_sdk/mb_usb_hdmi_top/hw
TRACE::2024-10-21.18:27:36::SCWPlatform:: Platform Path C:/Users/jkali/ece385/lab6/lab62/lab62_sdk/mb_usb_hdmi_top/hw/mb_usb_hdmi_top.xsa
TRACE::2024-10-21.18:27:36::SCWPlatform:: Unique name xilinx:::0.0
TRACE::2024-10-21.18:27:36::SCWPlatform::Trying to set the existing hwdb with name mb_usb_hdmi_top_3
TRACE::2024-10-21.18:27:36::SCWPlatform::Opened existing hwdb mb_usb_hdmi_top_3
TRACE::2024-10-21.18:27:36::SCWPlatform::Found the Hw Db part of the input DSA
TRACE::2024-10-21.18:27:36::SCWPlatform::Trying to open the hw design at C:/Users/jkali/ece385/lab6/lab62/lab62_sdk/mb_usb_hdmi_top/hw/mb_usb_hdmi_top.xsa
TRACE::2024-10-21.18:27:36::SCWPlatform::DSA given C:/Users/jkali/ece385/lab6/lab62/lab62_sdk/mb_usb_hdmi_top/hw/mb_usb_hdmi_top.xsa
TRACE::2024-10-21.18:27:36::SCWPlatform::DSA absoulate path C:/Users/jkali/ece385/lab6/lab62/lab62_sdk/mb_usb_hdmi_top/hw/mb_usb_hdmi_top.xsa
TRACE::2024-10-21.18:27:36::SCWPlatform::DSA directory C:/Users/jkali/ece385/lab6/lab62/lab62_sdk/mb_usb_hdmi_top/hw
TRACE::2024-10-21.18:27:36::SCWPlatform:: Platform Path C:/Users/jkali/ece385/lab6/lab62/lab62_sdk/mb_usb_hdmi_top/hw/mb_usb_hdmi_top.xsa
TRACE::2024-10-21.18:27:36::SCWPlatform:: Unique name xilinx:::0.0
TRACE::2024-10-21.18:27:36::SCWPlatform::Trying to set the existing hwdb with name mb_usb_hdmi_top_3
TRACE::2024-10-21.18:27:36::SCWPlatform::Opened existing hwdb mb_usb_hdmi_top_3
TRACE::2024-10-21.18:27:36::SCWPlatform::Found the Hw Db part of the input DSA
TRACE::2024-10-21.18:27:36::SCWPlatform::Trying to open the hw design at C:/Users/jkali/ece385/lab6/lab62/lab62_sdk/mb_usb_hdmi_top/hw/mb_usb_hdmi_top.xsa
TRACE::2024-10-21.18:27:36::SCWPlatform::DSA given C:/Users/jkali/ece385/lab6/lab62/lab62_sdk/mb_usb_hdmi_top/hw/mb_usb_hdmi_top.xsa
TRACE::2024-10-21.18:27:36::SCWPlatform::DSA absoulate path C:/Users/jkali/ece385/lab6/lab62/lab62_sdk/mb_usb_hdmi_top/hw/mb_usb_hdmi_top.xsa
TRACE::2024-10-21.18:27:36::SCWPlatform::DSA directory C:/Users/jkali/ece385/lab6/lab62/lab62_sdk/mb_usb_hdmi_top/hw
TRACE::2024-10-21.18:27:36::SCWPlatform:: Platform Path C:/Users/jkali/ece385/lab6/lab62/lab62_sdk/mb_usb_hdmi_top/hw/mb_usb_hdmi_top.xsa
TRACE::2024-10-21.18:27:36::SCWPlatform:: Unique name xilinx:::0.0
TRACE::2024-10-21.18:27:36::SCWPlatform::Trying to set the existing hwdb with name mb_usb_hdmi_top_3
TRACE::2024-10-21.18:27:36::SCWPlatform::Opened existing hwdb mb_usb_hdmi_top_3
TRACE::2024-10-21.18:27:36::SCWPlatform::Found the Hw Db part of the input DSA
TRACE::2024-10-21.18:27:36::SCWPlatform::Trying to open the hw design at C:/Users/jkali/ece385/lab6/lab62/lab62_sdk/mb_usb_hdmi_top/hw/mb_usb_hdmi_top.xsa
TRACE::2024-10-21.18:27:36::SCWPlatform::DSA given C:/Users/jkali/ece385/lab6/lab62/lab62_sdk/mb_usb_hdmi_top/hw/mb_usb_hdmi_top.xsa
TRACE::2024-10-21.18:27:36::SCWPlatform::DSA absoulate path C:/Users/jkali/ece385/lab6/lab62/lab62_sdk/mb_usb_hdmi_top/hw/mb_usb_hdmi_top.xsa
TRACE::2024-10-21.18:27:36::SCWPlatform::DSA directory C:/Users/jkali/ece385/lab6/lab62/lab62_sdk/mb_usb_hdmi_top/hw
TRACE::2024-10-21.18:27:36::SCWPlatform:: Platform Path C:/Users/jkali/ece385/lab6/lab62/lab62_sdk/mb_usb_hdmi_top/hw/mb_usb_hdmi_top.xsa
TRACE::2024-10-21.18:27:36::SCWPlatform:: Unique name xilinx:::0.0
TRACE::2024-10-21.18:27:36::SCWPlatform::Trying to set the existing hwdb with name mb_usb_hdmi_top_3
TRACE::2024-10-21.18:27:36::SCWPlatform::Opened existing hwdb mb_usb_hdmi_top_3
TRACE::2024-10-21.18:27:36::SCWPlatform::Found the Hw Db part of the input DSA
TRACE::2024-10-21.18:27:36::SCWMssOS::Checking the sw design at  C:/Users/jkali/ece385/lab6/lab62/lab62_sdk/mb_usb_hdmi_top/microblaze_0/standalone_microblaze_0/bsp/system.mss
TRACE::2024-10-21.18:27:36::SCWMssOS::DEBUG:  swdes dump  
TRACE::2024-10-21.18:27:36::SCWMssOS::No sw design opened at  C:/Users/jkali/ece385/lab6/lab62/lab62_sdk/mb_usb_hdmi_top/microblaze_0/standalone_microblaze_0/bsp/system.mss
TRACE::2024-10-21.18:27:36::SCWMssOS::mss exists loading the mss file  C:/Users/jkali/ece385/lab6/lab62/lab62_sdk/mb_usb_hdmi_top/microblaze_0/standalone_microblaze_0/bsp/system.mss
TRACE::2024-10-21.18:27:36::SCWMssOS::Opened the sw design from mss  C:/Users/jkali/ece385/lab6/lab62/lab62_sdk/mb_usb_hdmi_top/microblaze_0/standalone_microblaze_0/bsp/system.mss
TRACE::2024-10-21.18:27:36::SCWMssOS::Adding the swdes entry C:/Users/jkali/ece385/lab6/lab62/lab62_sdk/mb_usb_hdmi_top/microblaze_0/standalone_microblaze_0/bsp/system.mss with des name system
TRACE::2024-10-21.18:27:36::SCWMssOS::updating the scw layer about changes
TRACE::2024-10-21.18:27:36::SCWMssOS::Opened the sw design.  C:/Users/jkali/ece385/lab6/lab62/lab62_sdk/mb_usb_hdmi_top/microblaze_0/standalone_microblaze_0/bsp/system.mss
TRACE::2024-10-21.18:27:36::SCWMssOS::Saving the mss changes C:/Users/jkali/ece385/lab6/lab62/lab62_sdk/mb_usb_hdmi_top/microblaze_0/standalone_microblaze_0/bsp/system.mss
TRACE::2024-10-21.18:27:36::SCWMssOS::Found a swdesign opened with the mssfile.
TRACE::2024-10-21.18:27:36::SCWMssOS::Completed writemss as part of save.
TRACE::2024-10-21.18:27:36::SCWMssOS::Commit changes completed.
TRACE::2024-10-21.18:27:36::SCWReader::Adding prebuilt librarypaths as   
TRACE::2024-10-21.18:27:36::SCWReader::Adding prebuilt incpaths  as   
TRACE::2024-10-21.18:27:36::SCWPlatform::Trying to open the hw design at C:/Users/jkali/ece385/lab6/lab62/lab62_sdk/mb_usb_hdmi_top/hw/mb_usb_hdmi_top.xsa
TRACE::2024-10-21.18:27:36::SCWPlatform::DSA given C:/Users/jkali/ece385/lab6/lab62/lab62_sdk/mb_usb_hdmi_top/hw/mb_usb_hdmi_top.xsa
TRACE::2024-10-21.18:27:36::SCWPlatform::DSA absoulate path C:/Users/jkali/ece385/lab6/lab62/lab62_sdk/mb_usb_hdmi_top/hw/mb_usb_hdmi_top.xsa
TRACE::2024-10-21.18:27:36::SCWPlatform::DSA directory C:/Users/jkali/ece385/lab6/lab62/lab62_sdk/mb_usb_hdmi_top/hw
TRACE::2024-10-21.18:27:36::SCWPlatform:: Platform Path C:/Users/jkali/ece385/lab6/lab62/lab62_sdk/mb_usb_hdmi_top/hw/mb_usb_hdmi_top.xsa
TRACE::2024-10-21.18:27:36::SCWPlatform:: Unique name xilinx:::0.0
TRACE::2024-10-21.18:27:36::SCWPlatform::Trying to set the existing hwdb with name mb_usb_hdmi_top_3
TRACE::2024-10-21.18:27:36::SCWPlatform::Opened existing hwdb mb_usb_hdmi_top_3
TRACE::2024-10-21.18:27:36::SCWPlatform::Found the Hw Db part of the input DSA
TRACE::2024-10-21.18:27:36::SCWMssOS::Checking the sw design at  C:/Users/jkali/ece385/lab6/lab62/lab62_sdk/mb_usb_hdmi_top/microblaze_0/standalone_microblaze_0/bsp/system.mss
TRACE::2024-10-21.18:27:36::SCWMssOS::DEBUG:  swdes dump  C:/Users/jkali/ece385/lab6/lab62/lab62_sdk/mb_usb_hdmi_top/microblaze_0/standalone_microblaze_0/bsp/system.mss|system||

TRACE::2024-10-21.18:27:36::SCWMssOS::Sw design exists and opened at  C:/Users/jkali/ece385/lab6/lab62/lab62_sdk/mb_usb_hdmi_top/microblaze_0/standalone_microblaze_0/bsp/system.mss
TRACE::2024-10-21.18:27:36::SCWReader::No isolation master present  
TRACE::2024-10-21.18:27:39::SCWPlatform::DSA given C:/Users/jkali/ece385/lab6/lab62/lab62_sdk/mb_usb_hdmi_top/tempdsa/mb_usb_hdmi_top.xsa
TRACE::2024-10-21.18:27:39::SCWPlatform::DSA absoulate path C:/Users/jkali/ece385/lab6/lab62/lab62_sdk/mb_usb_hdmi_top/tempdsa/mb_usb_hdmi_top.xsa
TRACE::2024-10-21.18:27:39::SCWPlatform:: Platform location is C:/Users/jkali/ece385/lab6/lab62/lab62_sdk/mb_usb_hdmi_top/tempdsa
TRACE::2024-10-21.18:27:39::SCWPlatform:: Platform Path C:/Users/jkali/ece385/lab6/lab62/lab62_sdk/mb_usb_hdmi_top/tempdsa/mb_usb_hdmi_top.xsa
TRACE::2024-10-21.18:27:39::SCWPlatform:: Unique name xilinx:::0.0
TRACE::2024-10-21.18:27:39::SCWPlatform::Found the Hw Db part of the input DSA
TRACE::2024-10-21.18:27:39::SCWMssOS::Doing hw sync for the mss in domain: standalone_microblaze_0
TRACE::2024-10-21.18:27:39::SCWPlatform::Trying to open the hw design at C:/Users/jkali/ece385/lab6/lab62/lab62_sdk/mb_usb_hdmi_top/hw/mb_usb_hdmi_top.xsa
TRACE::2024-10-21.18:27:39::SCWPlatform::DSA given C:/Users/jkali/ece385/lab6/lab62/lab62_sdk/mb_usb_hdmi_top/hw/mb_usb_hdmi_top.xsa
TRACE::2024-10-21.18:27:39::SCWPlatform::DSA absoulate path C:/Users/jkali/ece385/lab6/lab62/lab62_sdk/mb_usb_hdmi_top/hw/mb_usb_hdmi_top.xsa
TRACE::2024-10-21.18:27:39::SCWPlatform::DSA directory C:/Users/jkali/ece385/lab6/lab62/lab62_sdk/mb_usb_hdmi_top/hw
TRACE::2024-10-21.18:27:39::SCWPlatform:: Platform Path C:/Users/jkali/ece385/lab6/lab62/lab62_sdk/mb_usb_hdmi_top/hw/mb_usb_hdmi_top.xsa
TRACE::2024-10-21.18:27:39::SCWPlatform:: Unique name xilinx:::0.0
TRACE::2024-10-21.18:27:39::SCWPlatform::Trying to set the existing hwdb with name mb_usb_hdmi_top_3
TRACE::2024-10-21.18:27:39::SCWPlatform::Opened existing hwdb mb_usb_hdmi_top_3
TRACE::2024-10-21.18:27:39::SCWPlatform::Found the Hw Db part of the input DSA
TRACE::2024-10-21.18:27:39::SCWPlatform::Trying to open the hw design at C:/Users/jkali/ece385/lab6/lab62/lab62_sdk/mb_usb_hdmi_top/hw/mb_usb_hdmi_top.xsa
TRACE::2024-10-21.18:27:39::SCWPlatform::DSA given C:/Users/jkali/ece385/lab6/lab62/lab62_sdk/mb_usb_hdmi_top/hw/mb_usb_hdmi_top.xsa
TRACE::2024-10-21.18:27:39::SCWPlatform::DSA absoulate path C:/Users/jkali/ece385/lab6/lab62/lab62_sdk/mb_usb_hdmi_top/hw/mb_usb_hdmi_top.xsa
TRACE::2024-10-21.18:27:39::SCWPlatform::DSA directory C:/Users/jkali/ece385/lab6/lab62/lab62_sdk/mb_usb_hdmi_top/hw
TRACE::2024-10-21.18:27:39::SCWPlatform:: Platform Path C:/Users/jkali/ece385/lab6/lab62/lab62_sdk/mb_usb_hdmi_top/hw/mb_usb_hdmi_top.xsa
TRACE::2024-10-21.18:27:39::SCWPlatform:: Unique name xilinx:::0.0
TRACE::2024-10-21.18:27:39::SCWPlatform::Trying to set the existing hwdb with name mb_usb_hdmi_top_3
TRACE::2024-10-21.18:27:39::SCWPlatform::Opened existing hwdb mb_usb_hdmi_top_3
TRACE::2024-10-21.18:27:39::SCWPlatform::Found the Hw Db part of the input DSA
TRACE::2024-10-21.18:27:39::SCWMssOS::Checking the sw design at  C:/Users/jkali/ece385/lab6/lab62/lab62_sdk/mb_usb_hdmi_top/microblaze_0/standalone_microblaze_0/bsp/system.mss
TRACE::2024-10-21.18:27:39::SCWMssOS::DEBUG:  swdes dump  C:/Users/jkali/ece385/lab6/lab62/lab62_sdk/mb_usb_hdmi_top/microblaze_0/standalone_microblaze_0/bsp/system.mss|system||

TRACE::2024-10-21.18:27:39::SCWMssOS::Sw design exists and opened at  C:/Users/jkali/ece385/lab6/lab62/lab62_sdk/mb_usb_hdmi_top/microblaze_0/standalone_microblaze_0/bsp/system.mss
TRACE::2024-10-21.18:27:39::SCWPlatform::Trying to open the hw design at C:/Users/jkali/ece385/lab6/lab62/lab62_sdk/mb_usb_hdmi_top/tempdsa/mb_usb_hdmi_top.xsa
TRACE::2024-10-21.18:27:39::SCWPlatform::DSA given C:/Users/jkali/ece385/lab6/lab62/lab62_sdk/mb_usb_hdmi_top/tempdsa/mb_usb_hdmi_top.xsa
TRACE::2024-10-21.18:27:39::SCWPlatform::DSA absoulate path C:/Users/jkali/ece385/lab6/lab62/lab62_sdk/mb_usb_hdmi_top/tempdsa/mb_usb_hdmi_top.xsa
TRACE::2024-10-21.18:27:39::SCWPlatform::DSA directory C:/Users/jkali/ece385/lab6/lab62/lab62_sdk/mb_usb_hdmi_top/tempdsa
TRACE::2024-10-21.18:27:39::SCWPlatform:: Platform Path C:/Users/jkali/ece385/lab6/lab62/lab62_sdk/mb_usb_hdmi_top/tempdsa/mb_usb_hdmi_top.xsa
TRACE::2024-10-21.18:27:39::SCWPlatform:: Unique name xilinx:::0.0
TRACE::2024-10-21.18:27:39::SCWPlatform::update - Opened existing hwdb mb_usb_hdmi_top_4
TRACE::2024-10-21.18:27:39::SCWPlatform::Found the Hw Db part of the input DSA
TRACE::2024-10-21.18:27:39::SCWMssOS::Saving the mss changes C:/Users/jkali/ece385/lab6/lab62/lab62_sdk/mb_usb_hdmi_top/microblaze_0/standalone_microblaze_0/bsp/system.mss
TRACE::2024-10-21.18:27:39::SCWMssOS::Found a swdesign opened with the mssfile.
TRACE::2024-10-21.18:27:39::SCWMssOS::Completed writemss as part of save.
TRACE::2024-10-21.18:27:39::SCWMssOS::Commit changes completed.
TRACE::2024-10-21.18:27:39::SCWMssOS::Completed hw sync for the mss in domain: standalone_microblaze_0
TRACE::2024-10-21.18:27:39::SCWMssOS::Removing the swdes entry for  C:/Users/jkali/ece385/lab6/lab62/lab62_sdk/mb_usb_hdmi_top/microblaze_0/standalone_microblaze_0/bsp/system.mss
TRACE::2024-10-21.18:27:39::SCWPlatform::Trying to open the hw design at C:/Users/jkali/ece385/lab6/lab62/lab62_sdk/mb_usb_hdmi_top/hw/mb_usb_hdmi_top.xsa
TRACE::2024-10-21.18:27:39::SCWPlatform::DSA given C:/Users/jkali/ece385/lab6/lab62/lab62_sdk/mb_usb_hdmi_top/hw/mb_usb_hdmi_top.xsa
TRACE::2024-10-21.18:27:39::SCWPlatform::DSA absoulate path C:/Users/jkali/ece385/lab6/lab62/lab62_sdk/mb_usb_hdmi_top/hw/mb_usb_hdmi_top.xsa
TRACE::2024-10-21.18:27:39::SCWPlatform::DSA directory C:/Users/jkali/ece385/lab6/lab62/lab62_sdk/mb_usb_hdmi_top/hw
TRACE::2024-10-21.18:27:39::SCWPlatform:: Platform Path C:/Users/jkali/ece385/lab6/lab62/lab62_sdk/mb_usb_hdmi_top/hw/mb_usb_hdmi_top.xsa
TRACE::2024-10-21.18:27:39::SCWPlatform:: Unique name xilinx:::0.0
TRACE::2024-10-21.18:27:39::SCWPlatform::Do not have an existing db opened. 
TRACE::2024-10-21.18:27:40::SCWPlatform::Opened new HwDB with name mb_usb_hdmi_top_5
TRACE::2024-10-21.18:27:40::SCWMssOS::Saving the mss changes C:/Users/jkali/ece385/lab6/lab62/lab62_sdk/mb_usb_hdmi_top/microblaze_0/standalone_microblaze_0/bsp/system.mss
TRACE::2024-10-21.18:27:40::SCWMssOS::Adding the swdes entry, mss present, able to open swdb C:/Users/jkali/ece385/lab6/lab62/lab62_sdk/mb_usb_hdmi_top/microblaze_0/standalone_microblaze_0/bsp/system.mss with des name system
TRACE::2024-10-21.18:27:40::SCWMssOS::Writing the mss file completed C:/Users/jkali/ece385/lab6/lab62/lab62_sdk/mb_usb_hdmi_top/microblaze_0/standalone_microblaze_0/bsp/system.mss
TRACE::2024-10-21.18:27:40::SCWMssOS::Commit changes completed.
TRACE::2024-10-21.18:27:40::SCWPlatform::Trying to open the hw design at C:/Users/jkali/ece385/lab6/lab62/lab62_sdk/mb_usb_hdmi_top/hw/mb_usb_hdmi_top.xsa
TRACE::2024-10-21.18:27:40::SCWPlatform::DSA given C:/Users/jkali/ece385/lab6/lab62/lab62_sdk/mb_usb_hdmi_top/hw/mb_usb_hdmi_top.xsa
TRACE::2024-10-21.18:27:40::SCWPlatform::DSA absoulate path C:/Users/jkali/ece385/lab6/lab62/lab62_sdk/mb_usb_hdmi_top/hw/mb_usb_hdmi_top.xsa
TRACE::2024-10-21.18:27:40::SCWPlatform::DSA directory C:/Users/jkali/ece385/lab6/lab62/lab62_sdk/mb_usb_hdmi_top/hw
TRACE::2024-10-21.18:27:40::SCWPlatform:: Platform Path C:/Users/jkali/ece385/lab6/lab62/lab62_sdk/mb_usb_hdmi_top/hw/mb_usb_hdmi_top.xsa
TRACE::2024-10-21.18:27:40::SCWPlatform:: Unique name xilinx:::0.0
TRACE::2024-10-21.18:27:40::SCWPlatform::Trying to set the existing hwdb with name mb_usb_hdmi_top_5
TRACE::2024-10-21.18:27:40::SCWPlatform::Opened existing hwdb mb_usb_hdmi_top_5
TRACE::2024-10-21.18:27:40::SCWPlatform::Found the Hw Db part of the input DSA
TRACE::2024-10-21.18:27:40::SCWMssOS::Checking the sw design at  C:/Users/jkali/ece385/lab6/lab62/lab62_sdk/mb_usb_hdmi_top/microblaze_0/standalone_microblaze_0/bsp/system.mss
TRACE::2024-10-21.18:27:40::SCWMssOS::DEBUG:  swdes dump  C:/Users/jkali/ece385/lab6/lab62/lab62_sdk/mb_usb_hdmi_top/microblaze_0/standalone_microblaze_0/bsp/system.mss|system||

TRACE::2024-10-21.18:27:40::SCWMssOS::Sw design exists and opened at  C:/Users/jkali/ece385/lab6/lab62/lab62_sdk/mb_usb_hdmi_top/microblaze_0/standalone_microblaze_0/bsp/system.mss
TRACE::2024-10-21.18:27:40::SCWWriter::formatted JSON is {
	"platformName":	"mb_usb_hdmi_top",
	"sprVersion":	"2.0",
	"mode":	"gui",
	"dsaType":	"Fixed",
	"platformDesc":	"mb_usb_hdmi_top",
	"platHandOff":	"C:/Users/jkali/ece385/lab6/lab62/mb_usb_hdmi_top.xsa",
	"platIntHandOff":	"<platformDir>/hw/mb_usb_hdmi_top.xsa",
	"deviceType":	"FPGA",
	"platIsPrebuiltAutogen":	"false",
	"platIsNoBootBsp":	"false",
	"hasFsblMakeHasChanges":	"false",
	"hasPmufwMakeHasChanges":	"false",
	"platPreBuiltFlag":	false,
	"platformSamplesDir":	"",
	"platActiveSys":	"mb_usb_hdmi_top",
	"systems":	[{
			"systemName":	"mb_usb_hdmi_top",
			"systemDesc":	"mb_usb_hdmi_top",
			"sysIsBootAutoGen":	"true",
			"systemDispName":	"mb_usb_hdmi_top",
			"sysActiveDom":	"standalone_microblaze_0",
			"sysDefaultDom":	"standalone_microblaze_0",
			"domains":	[{
					"domainName":	"standalone_microblaze_0",
					"domainDispName":	"standalone_microblaze_0",
					"domainDesc":	"standalone_microblaze_0",
					"processors":	"microblaze_0",
					"os":	"standalone",
					"sdxOs":	"standalone",
					"debugEnable":	"False",
					"domRuntimes":	["cpp"],
					"swRepo":	"",
					"mssOsVer":	"8.0",
					"mssFile":	"",
					"md5Digest":	"304529987e879521ca977c68d163f3621",
					"compatibleApp":	"",
					"domType":	"mssDomain",
					"arch":	"32-bit",
					"appSettings":	{
						"appCompilerFlags":	"",
						"appLinkerFlags":	""
					},
					"addedLibs":	[],
					"libOptions":	{
						"libsContainingOptions":	[]
					},
					"prebuiltLibs":	{
						"prebuiltIncPath":	[],
						"prebuiltLibPath":	[]
					},
					"isolation":	{
					}
				}]
		}]
}
TRACE::2024-10-21.18:27:54::SCWMssOS::cleaning the bsp 
TRACE::2024-10-21.18:27:54::SCWMssOS::System Command Ran  C: & cd  C:/Users/jkali/ece385/lab6/lab62/lab62_sdk/mb_usb_hdmi_top/microblaze_0/standalone_microblaze_0/bsp & make clean 
TRACE::2024-10-21.18:27:54::SCWMssOS::make -C microblaze_0/libsrc/bram_v4_8/src -s clean 

TRACE::2024-10-21.18:27:54::SCWMssOS::make -C microblaze_0/libsrc/cpu_v2_16/src -s clean 

TRACE::2024-10-21.18:27:55::SCWMssOS::make -C microblaze_0/libsrc/gpio_v4_9/src -s clean 

TRACE::2024-10-21.18:27:55::SCWMssOS::make -C microblaze_0/libsrc/intc_v3_15/src -s clean 

TRACE::2024-10-21.18:27:55::SCWMssOS::make -C microblaze_0/libsrc/spi_v4_9/src -s clean 

TRACE::2024-10-21.18:27:55::SCWMssOS::make -C microblaze_0/libsrc/standalone_v8_0/src -s clean 

TRACE::2024-10-21.18:27:56::SCWMssOS::make -C microblaze_0/libsrc/tmrctr_v4_9/src -s clean 

TRACE::2024-10-21.18:27:56::SCWMssOS::make -C microblaze_0/libsrc/uartlite_v3_7/src -s clean 

TRACE::2024-10-21.18:27:56::SCWMssOS::rm -f microblaze_0/lib/libxil.a

LOG::2024-10-21.18:28:01::SCWPlatform::Started generating the artifacts platform mb_usb_hdmi_top
TRACE::2024-10-21.18:28:01::SCWPlatform::Sanity checking of platform is completed
LOG::2024-10-21.18:28:01::SCWPlatform::Started generating the artifacts for system configuration mb_usb_hdmi_top
LOG::2024-10-21.18:28:01::SCWSystem::Checking the domain standalone_microblaze_0
LOG::2024-10-21.18:28:01::SCWSystem::Not a boot domain 
LOG::2024-10-21.18:28:01::SCWSystem::Started Processing the domain standalone_microblaze_0
TRACE::2024-10-21.18:28:01::SCWDomain::Generating domain artifcats
TRACE::2024-10-21.18:28:01::SCWMssOS::Generating standalone artifcats
TRACE::2024-10-21.18:28:01::SCWMssOS:: Copying the user libraries. 
TRACE::2024-10-21.18:28:01::SCWPlatform::Trying to open the hw design at C:/Users/jkali/ece385/lab6/lab62/lab62_sdk/mb_usb_hdmi_top/hw/mb_usb_hdmi_top.xsa
TRACE::2024-10-21.18:28:01::SCWPlatform::DSA given C:/Users/jkali/ece385/lab6/lab62/lab62_sdk/mb_usb_hdmi_top/hw/mb_usb_hdmi_top.xsa
TRACE::2024-10-21.18:28:01::SCWPlatform::DSA absoulate path C:/Users/jkali/ece385/lab6/lab62/lab62_sdk/mb_usb_hdmi_top/hw/mb_usb_hdmi_top.xsa
TRACE::2024-10-21.18:28:01::SCWPlatform::DSA directory C:/Users/jkali/ece385/lab6/lab62/lab62_sdk/mb_usb_hdmi_top/hw
TRACE::2024-10-21.18:28:01::SCWPlatform:: Platform Path C:/Users/jkali/ece385/lab6/lab62/lab62_sdk/mb_usb_hdmi_top/hw/mb_usb_hdmi_top.xsa
TRACE::2024-10-21.18:28:01::SCWPlatform:: Unique name xilinx:::0.0
TRACE::2024-10-21.18:28:01::SCWPlatform::Trying to set the existing hwdb with name mb_usb_hdmi_top_5
TRACE::2024-10-21.18:28:01::SCWPlatform::Opened existing hwdb mb_usb_hdmi_top_5
TRACE::2024-10-21.18:28:01::SCWPlatform::Found the Hw Db part of the input DSA
TRACE::2024-10-21.18:28:01::SCWMssOS::Checking the sw design at  C:/Users/jkali/ece385/lab6/lab62/lab62_sdk/mb_usb_hdmi_top/microblaze_0/standalone_microblaze_0/bsp/system.mss
TRACE::2024-10-21.18:28:01::SCWMssOS::DEBUG:  swdes dump  C:/Users/jkali/ece385/lab6/lab62/lab62_sdk/mb_usb_hdmi_top/microblaze_0/standalone_microblaze_0/bsp/system.mss|system||

TRACE::2024-10-21.18:28:01::SCWMssOS::Sw design exists and opened at  C:/Users/jkali/ece385/lab6/lab62/lab62_sdk/mb_usb_hdmi_top/microblaze_0/standalone_microblaze_0/bsp/system.mss
TRACE::2024-10-21.18:28:01::SCWMssOS::Completed writing the mss file at C:/Users/jkali/ece385/lab6/lab62/lab62_sdk/mb_usb_hdmi_top/microblaze_0/standalone_microblaze_0/bsp
TRACE::2024-10-21.18:28:01::SCWMssOS::Mss edits present, copying mssfile into export location C:/Users/jkali/ece385/lab6/lab62/lab62_sdk/mb_usb_hdmi_top/microblaze_0/standalone_microblaze_0/bsp/system.mss
TRACE::2024-10-21.18:28:01::SCWMssOS::bsp generated is stale removing and regenerating. 
TRACE::2024-10-21.18:28:04::SCWMssOS::doing bsp build ... 
TRACE::2024-10-21.18:28:04::SCWMssOS::System Command Ran  C: & cd  C:/Users/jkali/ece385/lab6/lab62/lab62_sdk/mb_usb_hdmi_top/microblaze_0/standalone_microblaze_0/bsp & make 
TRACE::2024-10-21.18:28:04::SCWMssOS::make --no-print-directory seq_libs

TRACE::2024-10-21.18:28:04::SCWMssOS::'Finished building libraries sequentially.'

TRACE::2024-10-21.18:28:04::SCWMssOS::make -j 18 --no-print-directory par_libs

TRACE::2024-10-21.18:28:04::SCWMssOS::"Running Make include in microblaze_0/libsrc/bram_v4_8/src"

TRACE::2024-10-21.18:28:04::SCWMssOS::make -C microblaze_0/libsrc/bram_v4_8/src -s include  "SHELL=CMD" "COMPILER=mb-gcc" "ASSEMBLER=mb-as" "ARCHIVER=mb-ar" "COMPILE
TRACE::2024-10-21.18:28:04::SCWMssOS::R_FLAGS=  -O2 -c -mcpu=v11.0 -mlittle-endian -mno-xl-reorder -mno-xl-soft-mul -mxl-barrel-shift -mxl-pattern-compare" "EXTRA_CO
TRACE::2024-10-21.18:28:04::SCWMssOS::MPILER_FLAGS=-g -ffunction-sections -fdata-sections -Wall -Wextra -fno-tree-loop-distribute-patterns"

TRACE::2024-10-21.18:28:04::SCWMssOS::"Running Make include in microblaze_0/libsrc/cpu_v2_16/src"

TRACE::2024-10-21.18:28:04::SCWMssOS::make -C microblaze_0/libsrc/cpu_v2_16/src -s include  "SHELL=CMD" "COMPILER=mb-gcc" "ASSEMBLER=mb-as" "ARCHIVER=mb-ar" "COMPILE
TRACE::2024-10-21.18:28:04::SCWMssOS::R_FLAGS=  -O2 -c -mcpu=v11.0 -mlittle-endian -mno-xl-reorder -mno-xl-soft-mul -mxl-barrel-shift -mxl-pattern-compare" "EXTRA_CO
TRACE::2024-10-21.18:28:04::SCWMssOS::MPILER_FLAGS=-g -ffunction-sections -fdata-sections -Wall -Wextra -fno-tree-loop-distribute-patterns"

TRACE::2024-10-21.18:28:04::SCWMssOS::"Running Make include in microblaze_0/libsrc/gpio_v4_9/src"

TRACE::2024-10-21.18:28:04::SCWMssOS::make -C microblaze_0/libsrc/gpio_v4_9/src -s include  "SHELL=CMD" "COMPILER=mb-gcc" "ASSEMBLER=mb-as" "ARCHIVER=mb-ar" "COMPILE
TRACE::2024-10-21.18:28:04::SCWMssOS::R_FLAGS=  -O2 -c -mcpu=v11.0 -mlittle-endian -mno-xl-reorder -mno-xl-soft-mul -mxl-barrel-shift -mxl-pattern-compare" "EXTRA_CO
TRACE::2024-10-21.18:28:04::SCWMssOS::MPILER_FLAGS=-g -ffunction-sections -fdata-sections -Wall -Wextra -fno-tree-loop-distribute-patterns"

TRACE::2024-10-21.18:28:04::SCWMssOS::"Running Make include in microblaze_0/libsrc/intc_v3_15/src"

TRACE::2024-10-21.18:28:04::SCWMssOS::make -C microblaze_0/libsrc/intc_v3_15/src -s include  "SHELL=CMD" "COMPILER=mb-gcc" "ASSEMBLER=mb-as" "ARCHIVER=mb-ar" "COMPIL
TRACE::2024-10-21.18:28:04::SCWMssOS::ER_FLAGS=  -O2 -c -mcpu=v11.0 -mlittle-endian -mno-xl-reorder -mno-xl-soft-mul -mxl-barrel-shift -mxl-pattern-compare" "EXTRA_C
TRACE::2024-10-21.18:28:04::SCWMssOS::OMPILER_FLAGS=-g -ffunction-sections -fdata-sections -Wall -Wextra -fno-tree-loop-distribute-patterns"

TRACE::2024-10-21.18:28:04::SCWMssOS::"Running Make include in microblaze_0/libsrc/spi_v4_9/src"

TRACE::2024-10-21.18:28:04::SCWMssOS::make -C microblaze_0/libsrc/spi_v4_9/src -s include  "SHELL=CMD" "COMPILER=mb-gcc" "ASSEMBLER=mb-as" "ARCHIVER=mb-ar" "COMPILER
TRACE::2024-10-21.18:28:04::SCWMssOS::_FLAGS=  -O2 -c -mcpu=v11.0 -mlittle-endian -mno-xl-reorder -mno-xl-soft-mul -mxl-barrel-shift -mxl-pattern-compare" "EXTRA_COM
TRACE::2024-10-21.18:28:04::SCWMssOS::PILER_FLAGS=-g -ffunction-sections -fdata-sections -Wall -Wextra -fno-tree-loop-distribute-patterns"

TRACE::2024-10-21.18:28:04::SCWMssOS::"Running Make include in microblaze_0/libsrc/standalone_v8_0/src"

TRACE::2024-10-21.18:28:04::SCWMssOS::make -C microblaze_0/libsrc/standalone_v8_0/src -s include  "SHELL=CMD" "COMPILER=mb-gcc" "ASSEMBLER=mb-as" "ARCHIVER=mb-ar" "C
TRACE::2024-10-21.18:28:04::SCWMssOS::OMPILER_FLAGS=  -O2 -c -mcpu=v11.0 -mlittle-endian -mno-xl-reorder -mno-xl-soft-mul -mxl-barrel-shift -mxl-pattern-compare" "EX
TRACE::2024-10-21.18:28:04::SCWMssOS::TRA_COMPILER_FLAGS=-g -ffunction-sections -fdata-sections -Wall -Wextra -fno-tree-loop-distribute-patterns"

TRACE::2024-10-21.18:28:04::SCWMssOS::"Running Make include in microblaze_0/libsrc/tmrctr_v4_9/src"

TRACE::2024-10-21.18:28:04::SCWMssOS::make -C microblaze_0/libsrc/tmrctr_v4_9/src -s include  "SHELL=CMD" "COMPILER=mb-gcc" "ASSEMBLER=mb-as" "ARCHIVER=mb-ar" "COMPI
TRACE::2024-10-21.18:28:04::SCWMssOS::LER_FLAGS=  -O2 -c -mcpu=v11.0 -mlittle-endian -mno-xl-reorder -mno-xl-soft-mul -mxl-barrel-shift -mxl-pattern-compare" "EXTRA_
TRACE::2024-10-21.18:28:04::SCWMssOS::COMPILER_FLAGS=-g -ffunction-sections -fdata-sections -Wall -Wextra -fno-tree-loop-distribute-patterns"

TRACE::2024-10-21.18:28:04::SCWMssOS::"Running Make include in microblaze_0/libsrc/uartlite_v3_7/src"

TRACE::2024-10-21.18:28:05::SCWMssOS::make -C microblaze_0/libsrc/uartlite_v3_7/src -s include  "SHELL=CMD" "COMPILER=mb-gcc" "ASSEMBLER=mb-as" "ARCHIVER=mb-ar" "COM
TRACE::2024-10-21.18:28:05::SCWMssOS::PILER_FLAGS=  -O2 -c -mcpu=v11.0 -mlittle-endian -mno-xl-reorder -mno-xl-soft-mul -mxl-barrel-shift -mxl-pattern-compare" "EXTR
TRACE::2024-10-21.18:28:05::SCWMssOS::A_COMPILER_FLAGS=-g -ffunction-sections -fdata-sections -Wall -Wextra -fno-tree-loop-distribute-patterns"

TRACE::2024-10-21.18:28:05::SCWMssOS::"Running Make libs in microblaze_0/libsrc/bram_v4_8/src"

TRACE::2024-10-21.18:28:05::SCWMssOS::make -C microblaze_0/libsrc/bram_v4_8/src -s libs  "SHELL=CMD" "COMPILER=mb-gcc" "ASSEMBLER=mb-as" "ARCHIVER=mb-ar" "COMPILER_F
TRACE::2024-10-21.18:28:05::SCWMssOS::LAGS=  -O2 -c -mcpu=v11.0 -mlittle-endian -mno-xl-reorder -mno-xl-soft-mul -mxl-barrel-shift -mxl-pattern-compare" "EXTRA_COMPI
TRACE::2024-10-21.18:28:05::SCWMssOS::LER_FLAGS=-g -ffunction-sections -fdata-sections -Wall -Wextra -fno-tree-loop-distribute-patterns"

TRACE::2024-10-21.18:28:05::SCWMssOS::"Running Make libs in microblaze_0/libsrc/cpu_v2_16/src"

TRACE::2024-10-21.18:28:05::SCWMssOS::make -C microblaze_0/libsrc/cpu_v2_16/src -s libs  "SHELL=CMD" "COMPILER=mb-gcc" "ASSEMBLER=mb-as" "ARCHIVER=mb-ar" "COMPILER_F
TRACE::2024-10-21.18:28:05::SCWMssOS::LAGS=  -O2 -c -mcpu=v11.0 -mlittle-endian -mno-xl-reorder -mno-xl-soft-mul -mxl-barrel-shift -mxl-pattern-compare" "EXTRA_COMPI
TRACE::2024-10-21.18:28:05::SCWMssOS::LER_FLAGS=-g -ffunction-sections -fdata-sections -Wall -Wextra -fno-tree-loop-distribute-patterns"

TRACE::2024-10-21.18:28:05::SCWMssOS::"Running Make libs in microblaze_0/libsrc/gpio_v4_9/src"

TRACE::2024-10-21.18:28:05::SCWMssOS::make -C microblaze_0/libsrc/gpio_v4_9/src -s libs  "SHELL=CMD" "COMPILER=mb-gcc" "ASSEMBLER=mb-as" "ARCHIVER=mb-ar" "COMPILER_F
TRACE::2024-10-21.18:28:05::SCWMssOS::LAGS=  -O2 -c -mcpu=v11.0 -mlittle-endian -mno-xl-reorder -mno-xl-soft-mul -mxl-barrel-shift -mxl-pattern-compare" "EXTRA_COMPI
TRACE::2024-10-21.18:28:05::SCWMssOS::LER_FLAGS=-g -ffunction-sections -fdata-sections -Wall -Wextra -fno-tree-loop-distribute-patterns"

TRACE::2024-10-21.18:28:05::SCWMssOS::"Running Make libs in microblaze_0/libsrc/intc_v3_15/src"

TRACE::2024-10-21.18:28:05::SCWMssOS::make -C microblaze_0/libsrc/intc_v3_15/src -s libs  "SHELL=CMD" "COMPILER=mb-gcc" "ASSEMBLER=mb-as" "ARCHIVER=mb-ar" "COMPILER_
TRACE::2024-10-21.18:28:05::SCWMssOS::FLAGS=  -O2 -c -mcpu=v11.0 -mlittle-endian -mno-xl-reorder -mno-xl-soft-mul -mxl-barrel-shift -mxl-pattern-compare" "EXTRA_COMP
TRACE::2024-10-21.18:28:05::SCWMssOS::ILER_FLAGS=-g -ffunction-sections -fdata-sections -Wall -Wextra -fno-tree-loop-distribute-patterns"

TRACE::2024-10-21.18:28:05::SCWMssOS::"Running Make libs in microblaze_0/libsrc/spi_v4_9/src"

TRACE::2024-10-21.18:28:05::SCWMssOS::make -C microblaze_0/libsrc/spi_v4_9/src -s libs  "SHELL=CMD" "COMPILER=mb-gcc" "ASSEMBLER=mb-as" "ARCHIVER=mb-ar" "COMPILER_FL
TRACE::2024-10-21.18:28:05::SCWMssOS::AGS=  -O2 -c -mcpu=v11.0 -mlittle-endian -mno-xl-reorder -mno-xl-soft-mul -mxl-barrel-shift -mxl-pattern-compare" "EXTRA_COMPIL
TRACE::2024-10-21.18:28:05::SCWMssOS::ER_FLAGS=-g -ffunction-sections -fdata-sections -Wall -Wextra -fno-tree-loop-distribute-patterns"

TRACE::2024-10-21.18:28:05::SCWMssOS::"Running Make libs in microblaze_0/libsrc/standalone_v8_0/src"

TRACE::2024-10-21.18:28:05::SCWMssOS::make -C microblaze_0/libsrc/standalone_v8_0/src -s libs  "SHELL=CMD" "COMPILER=mb-gcc" "ASSEMBLER=mb-as" "ARCHIVER=mb-ar" "COMP
TRACE::2024-10-21.18:28:05::SCWMssOS::ILER_FLAGS=  -O2 -c -mcpu=v11.0 -mlittle-endian -mno-xl-reorder -mno-xl-soft-mul -mxl-barrel-shift -mxl-pattern-compare" "EXTRA
TRACE::2024-10-21.18:28:05::SCWMssOS::_COMPILER_FLAGS=-g -ffunction-sections -fdata-sections -Wall -Wextra -fno-tree-loop-distribute-patterns"

TRACE::2024-10-21.18:28:05::SCWMssOS::"Running Make libs in microblaze_0/libsrc/tmrctr_v4_9/src"

TRACE::2024-10-21.18:28:05::SCWMssOS::make -C microblaze_0/libsrc/tmrctr_v4_9/src -s libs  "SHELL=CMD" "COMPILER=mb-gcc" "ASSEMBLER=mb-as" "ARCHIVER=mb-ar" "COMPILER
TRACE::2024-10-21.18:28:05::SCWMssOS::_FLAGS=  -O2 -c -mcpu=v11.0 -mlittle-endian -mno-xl-reorder -mno-xl-soft-mul -mxl-barrel-shift -mxl-pattern-compare" "EXTRA_COM
TRACE::2024-10-21.18:28:05::SCWMssOS::PILER_FLAGS=-g -ffunction-sections -fdata-sections -Wall -Wextra -fno-tree-loop-distribute-patterns"

TRACE::2024-10-21.18:28:05::SCWMssOS::"Running Make libs in microblaze_0/libsrc/uartlite_v3_7/src"

TRACE::2024-10-21.18:28:05::SCWMssOS::make -C microblaze_0/libsrc/uartlite_v3_7/src -s libs  "SHELL=CMD" "COMPILER=mb-gcc" "ASSEMBLER=mb-as" "ARCHIVER=mb-ar" "COMPIL
TRACE::2024-10-21.18:28:05::SCWMssOS::ER_FLAGS=  -O2 -c -mcpu=v11.0 -mlittle-endian -mno-xl-reorder -mno-xl-soft-mul -mxl-barrel-shift -mxl-pattern-compare" "EXTRA_C
TRACE::2024-10-21.18:28:05::SCWMssOS::OMPILER_FLAGS=-g -ffunction-sections -fdata-sections -Wall -Wextra -fno-tree-loop-distribute-patterns"

TRACE::2024-10-21.18:28:07::SCWMssOS::"DEBUG NON_LTO_OBJECTS is ../../../lib/microblaze_interrupt_handler.o"

TRACE::2024-10-21.18:28:08::SCWMssOS::'Finished building libraries parallelly.'

TRACE::2024-10-21.18:28:08::SCWMssOS::make --no-print-directory archive

TRACE::2024-10-21.18:28:08::SCWMssOS::mb-ar -r  microblaze_0/lib/libxil.a microblaze_0/lib/_exit.o microblaze_0/lib/errno.o microblaze_0/lib/fcntl.o microblaze_0/lib
TRACE::2024-10-21.18:28:08::SCWMssOS::/hw_exception_handler.o microblaze_0/lib/inbyte.o microblaze_0/lib/microblaze_disable_dcache.o microblaze_0/lib/microblaze_disa
TRACE::2024-10-21.18:28:08::SCWMssOS::ble_exceptions.o microblaze_0/lib/microblaze_disable_icache.o microblaze_0/lib/microblaze_disable_interrupts.o microblaze_0/lib
TRACE::2024-10-21.18:28:08::SCWMssOS::/microblaze_enable_dcache.o microblaze_0/lib/microblaze_enable_exceptions.o microblaze_0/lib/microblaze_enable_icache.o microbl
TRACE::2024-10-21.18:28:08::SCWMssOS::aze_0/lib/microblaze_enable_interrupts.o microblaze_0/lib/microblaze_exception_handler.o microblaze_0/lib/microblaze_flush_cach
TRACE::2024-10-21.18:28:08::SCWMssOS::e_ext.o microblaze_0/lib/microblaze_flush_cache_ext_range.o microblaze_0/lib/microblaze_flush_dcache.o microblaze_0/lib/microbl
TRACE::2024-10-21.18:28:08::SCWMssOS::aze_flush_dcache_range.o microblaze_0/lib/microblaze_init_dcache_range.o microblaze_0/lib/microblaze_init_icache_range.o microb
TRACE::2024-10-21.18:28:08::SCWMssOS::laze_0/lib/microblaze_interrupt_handler.o microblaze_0/lib/microblaze_interrupts_g.o microblaze_0/lib/microblaze_invalidate_cac
TRACE::2024-10-21.18:28:08::SCWMssOS::he_ext.o microblaze_0/lib/microblaze_invalidate_cache_ext_range.o microblaze_0/lib/microblaze_invalidate_dcache.o microblaze_0/
TRACE::2024-10-21.18:28:08::SCWMssOS::lib/microblaze_invalidate_dcache_range.o microblaze_0/lib/microblaze_invalidate_icache.o microblaze_0/lib/microblaze_invalidate
TRACE::2024-10-21.18:28:08::SCWMssOS::_icache_range.o microblaze_0/lib/microblaze_scrub.o microblaze_0/lib/microblaze_selftest.o microblaze_0/lib/microblaze_sleep.o 
TRACE::2024-10-21.18:28:08::SCWMssOS::microblaze_0/lib/microblaze_update_dcache.o microblaze_0/lib/microblaze_update_icache.o microblaze_0/lib/outbyte.o microblaze_0
TRACE::2024-10-21.18:28:08::SCWMssOS::/lib/print.o microblaze_0/lib/pvr.o microblaze_0/lib/xbram.o microblaze_0/lib/xbram_g.o microblaze_0/lib/xbram_intr.o microblaz
TRACE::2024-10-21.18:28:08::SCWMssOS::e_0/lib/xbram_selftest.o microblaze_0/lib/xbram_sinit.o microblaze_0/lib/xgpio.o microblaze_0/lib/xgpio_extra.o microblaze_0/li
TRACE::2024-10-21.18:28:08::SCWMssOS::b/xgpio_g.o microblaze_0/lib/xgpio_intr.o microblaze_0/lib/xgpio_selftest.o microblaze_0/lib/xgpio_sinit.o microblaze_0/lib/xil
TRACE::2024-10-21.18:28:08::SCWMssOS::_assert.o microblaze_0/lib/xil_cache.o microblaze_0/lib/xil_clocking.o microblaze_0/lib/xil_exception.o microblaze_0/lib/xil_me
TRACE::2024-10-21.18:28:08::SCWMssOS::m.o microblaze_0/lib/xil_misc_psreset_api.o microblaze_0/lib/xil_printf.o microblaze_0/lib/xil_sleepcommon.o microblaze_0/lib/x
TRACE::2024-10-21.18:28:08::SCWMssOS::il_testcache.o microblaze_0/lib/xil_testio.o microblaze_0/lib/xil_testmem.o microblaze_0/lib/xil_util.o microblaze_0/lib/xintc.
TRACE::2024-10-21.18:28:08::SCWMssOS::o microblaze_0/lib/xintc_g.o microblaze_0/lib/xintc_intr.o microblaze_0/lib/xintc_l.o microblaze_0/lib/xintc_options.o microbla
TRACE::2024-10-21.18:28:08::SCWMssOS::ze_0/lib/xintc_selftest.o microblaze_0/lib/xinterrupt_wrap.o microblaze_0/lib/xio.o microblaze_0/lib/xplatform_info.o microblaz
TRACE::2024-10-21.18:28:08::SCWMssOS::e_0/lib/xspi.o microblaze_0/lib/xspi_g.o microblaze_0/lib/xspi_options.o microblaze_0/lib/xspi_selftest.o microblaze_0/lib/xspi
TRACE::2024-10-21.18:28:08::SCWMssOS::_sinit.o microblaze_0/lib/xspi_stats.o microblaze_0/lib/xtmrctr.o microblaze_0/lib/xtmrctr_g.o microblaze_0/lib/xtmrctr_intr.o 
TRACE::2024-10-21.18:28:08::SCWMssOS::microblaze_0/lib/xtmrctr_l.o microblaze_0/lib/xtmrctr_options.o microblaze_0/lib/xtmrctr_selftest.o microblaze_0/lib/xtmrctr_si
TRACE::2024-10-21.18:28:08::SCWMssOS::nit.o microblaze_0/lib/xtmrctr_stats.o microblaze_0/lib/xuartlite.o microblaze_0/lib/xuartlite_g.o microblaze_0/lib/xuartlite_i
TRACE::2024-10-21.18:28:08::SCWMssOS::ntr.o microblaze_0/lib/xuartlite_l.o microblaze_0/lib/xuartlite_selftest.o microblaze_0/lib/xuartlite_sinit.o microblaze_0/lib/
TRACE::2024-10-21.18:28:08::SCWMssOS::xuartlite_stats.o

TRACE::2024-10-21.18:28:08::SCWMssOS::'Finished building libraries'

TRACE::2024-10-21.18:28:08::SCWMssOS:: Checking if to create the Supporting Applications
TRACE::2024-10-21.18:28:08::SCWMssOS:: No Linux domain exists, trying to generate FSBL 
LOG::2024-10-21.18:28:08::SCWSystem::Completed Processing the domain standalone_microblaze_0
LOG::2024-10-21.18:28:08::SCWSystem::Completed Processing the sysconfig mb_usb_hdmi_top
LOG::2024-10-21.18:28:08::SCWPlatform::Completed generating the artifacts for system configuration mb_usb_hdmi_top
TRACE::2024-10-21.18:28:08::SCWPlatform::Started preparing the platform 
TRACE::2024-10-21.18:28:08::SCWSystem::Writing the bif file for system config mb_usb_hdmi_top
TRACE::2024-10-21.18:28:08::SCWSystem::dir created 
TRACE::2024-10-21.18:28:08::SCWSystem::Writing the bif 
TRACE::2024-10-21.18:28:08::SCWPlatform::Started writing the spfm file 
TRACE::2024-10-21.18:28:08::SCWPlatform::Started writing the xpfm file 
TRACE::2024-10-21.18:28:08::SCWPlatform::Completed generating the platform
TRACE::2024-10-21.18:28:08::SCWMssOS::Saving the mss changes C:/Users/jkali/ece385/lab6/lab62/lab62_sdk/mb_usb_hdmi_top/microblaze_0/standalone_microblaze_0/bsp/system.mss
TRACE::2024-10-21.18:28:08::SCWMssOS::Adding the swdes entry, mss present, able to open swdb C:/Users/jkali/ece385/lab6/lab62/lab62_sdk/mb_usb_hdmi_top/microblaze_0/standalone_microblaze_0/bsp/system.mss with des name system
TRACE::2024-10-21.18:28:08::SCWMssOS::Writing the mss file completed C:/Users/jkali/ece385/lab6/lab62/lab62_sdk/mb_usb_hdmi_top/microblaze_0/standalone_microblaze_0/bsp/system.mss
TRACE::2024-10-21.18:28:08::SCWMssOS::Commit changes completed.
TRACE::2024-10-21.18:28:08::SCWPlatform::Trying to open the hw design at C:/Users/jkali/ece385/lab6/lab62/lab62_sdk/mb_usb_hdmi_top/hw/mb_usb_hdmi_top.xsa
TRACE::2024-10-21.18:28:08::SCWPlatform::DSA given C:/Users/jkali/ece385/lab6/lab62/lab62_sdk/mb_usb_hdmi_top/hw/mb_usb_hdmi_top.xsa
TRACE::2024-10-21.18:28:08::SCWPlatform::DSA absoulate path C:/Users/jkali/ece385/lab6/lab62/lab62_sdk/mb_usb_hdmi_top/hw/mb_usb_hdmi_top.xsa
TRACE::2024-10-21.18:28:08::SCWPlatform::DSA directory C:/Users/jkali/ece385/lab6/lab62/lab62_sdk/mb_usb_hdmi_top/hw
TRACE::2024-10-21.18:28:08::SCWPlatform:: Platform Path C:/Users/jkali/ece385/lab6/lab62/lab62_sdk/mb_usb_hdmi_top/hw/mb_usb_hdmi_top.xsa
TRACE::2024-10-21.18:28:08::SCWPlatform:: Unique name xilinx:::0.0
TRACE::2024-10-21.18:28:08::SCWPlatform::Trying to set the existing hwdb with name mb_usb_hdmi_top_5
TRACE::2024-10-21.18:28:08::SCWPlatform::Opened existing hwdb mb_usb_hdmi_top_5
TRACE::2024-10-21.18:28:08::SCWPlatform::Found the Hw Db part of the input DSA
TRACE::2024-10-21.18:28:08::SCWMssOS::Checking the sw design at  C:/Users/jkali/ece385/lab6/lab62/lab62_sdk/mb_usb_hdmi_top/microblaze_0/standalone_microblaze_0/bsp/system.mss
TRACE::2024-10-21.18:28:08::SCWMssOS::DEBUG:  swdes dump  C:/Users/jkali/ece385/lab6/lab62/lab62_sdk/mb_usb_hdmi_top/microblaze_0/standalone_microblaze_0/bsp/system.mss|system||

TRACE::2024-10-21.18:28:08::SCWMssOS::Sw design exists and opened at  C:/Users/jkali/ece385/lab6/lab62/lab62_sdk/mb_usb_hdmi_top/microblaze_0/standalone_microblaze_0/bsp/system.mss
TRACE::2024-10-21.18:28:08::SCWWriter::formatted JSON is {
	"platformName":	"mb_usb_hdmi_top",
	"sprVersion":	"2.0",
	"mode":	"gui",
	"dsaType":	"Fixed",
	"platformDesc":	"mb_usb_hdmi_top",
	"platHandOff":	"C:/Users/jkali/ece385/lab6/lab62/mb_usb_hdmi_top.xsa",
	"platIntHandOff":	"<platformDir>/hw/mb_usb_hdmi_top.xsa",
	"deviceType":	"FPGA",
	"platIsPrebuiltAutogen":	"false",
	"platIsNoBootBsp":	"false",
	"hasFsblMakeHasChanges":	"false",
	"hasPmufwMakeHasChanges":	"false",
	"platPreBuiltFlag":	false,
	"platformSamplesDir":	"",
	"platActiveSys":	"mb_usb_hdmi_top",
	"systems":	[{
			"systemName":	"mb_usb_hdmi_top",
			"systemDesc":	"mb_usb_hdmi_top",
			"sysIsBootAutoGen":	"true",
			"systemDispName":	"mb_usb_hdmi_top",
			"sysActiveDom":	"standalone_microblaze_0",
			"sysDefaultDom":	"standalone_microblaze_0",
			"domains":	[{
					"domainName":	"standalone_microblaze_0",
					"domainDispName":	"standalone_microblaze_0",
					"domainDesc":	"standalone_microblaze_0",
					"processors":	"microblaze_0",
					"os":	"standalone",
					"sdxOs":	"standalone",
					"debugEnable":	"False",
					"domRuntimes":	["cpp"],
					"swRepo":	"",
					"mssOsVer":	"8.0",
					"mssFile":	"",
					"md5Digest":	"304529987e879521ca977c68d163f362",
					"compatibleApp":	"",
					"domType":	"mssDomain",
					"arch":	"32-bit",
					"appSettings":	{
						"appCompilerFlags":	"",
						"appLinkerFlags":	""
					},
					"addedLibs":	[],
					"libOptions":	{
						"libsContainingOptions":	[]
					},
					"prebuiltLibs":	{
						"prebuiltIncPath":	[],
						"prebuiltLibPath":	[]
					},
					"isolation":	{
					}
				}]
		}]
}
KEYINFO::2024-10-21.18:28:08::SCWPlatform::updated the xpfm file.
TRACE::2024-10-21.18:28:08::SCWPlatform::Trying to open the hw design at C:/Users/jkali/ece385/lab6/lab62/lab62_sdk/mb_usb_hdmi_top/hw/mb_usb_hdmi_top.xsa
TRACE::2024-10-21.18:28:08::SCWPlatform::DSA given C:/Users/jkali/ece385/lab6/lab62/lab62_sdk/mb_usb_hdmi_top/hw/mb_usb_hdmi_top.xsa
TRACE::2024-10-21.18:28:08::SCWPlatform::DSA absoulate path C:/Users/jkali/ece385/lab6/lab62/lab62_sdk/mb_usb_hdmi_top/hw/mb_usb_hdmi_top.xsa
TRACE::2024-10-21.18:28:08::SCWPlatform::DSA directory C:/Users/jkali/ece385/lab6/lab62/lab62_sdk/mb_usb_hdmi_top/hw
TRACE::2024-10-21.18:28:08::SCWPlatform:: Platform Path C:/Users/jkali/ece385/lab6/lab62/lab62_sdk/mb_usb_hdmi_top/hw/mb_usb_hdmi_top.xsa
TRACE::2024-10-21.18:28:08::SCWPlatform:: Unique name xilinx:::0.0
TRACE::2024-10-21.18:28:08::SCWPlatform::Trying to set the existing hwdb with name mb_usb_hdmi_top_5
TRACE::2024-10-21.18:28:08::SCWPlatform::Opened existing hwdb mb_usb_hdmi_top_5
TRACE::2024-10-21.18:28:08::SCWPlatform::Found the Hw Db part of the input DSA
TRACE::2024-10-21.18:28:08::SCWMssOS::Checking the sw design at  C:/Users/jkali/ece385/lab6/lab62/lab62_sdk/mb_usb_hdmi_top/microblaze_0/standalone_microblaze_0/bsp/system.mss
TRACE::2024-10-21.18:28:08::SCWMssOS::DEBUG:  swdes dump  C:/Users/jkali/ece385/lab6/lab62/lab62_sdk/mb_usb_hdmi_top/microblaze_0/standalone_microblaze_0/bsp/system.mss|system||

TRACE::2024-10-21.18:28:08::SCWMssOS::Sw design exists and opened at  C:/Users/jkali/ece385/lab6/lab62/lab62_sdk/mb_usb_hdmi_top/microblaze_0/standalone_microblaze_0/bsp/system.mss
TRACE::2024-10-21.19:07:52::SCWMssOS::cleaning the bsp 
TRACE::2024-10-21.19:07:52::SCWMssOS::System Command Ran  C: & cd  C:/Users/jkali/ece385/lab6/lab62/lab62_sdk/mb_usb_hdmi_top/microblaze_0/standalone_microblaze_0/bsp & make clean 
TRACE::2024-10-21.19:07:52::SCWMssOS::make -C microblaze_0/libsrc/bram_v4_8/src -s clean 

TRACE::2024-10-21.19:07:52::SCWMssOS::make -C microblaze_0/libsrc/cpu_v2_16/src -s clean 

TRACE::2024-10-21.19:07:52::SCWMssOS::make -C microblaze_0/libsrc/gpio_v4_9/src -s clean 

TRACE::2024-10-21.19:07:52::SCWMssOS::make -C microblaze_0/libsrc/intc_v3_15/src -s clean 

TRACE::2024-10-21.19:07:52::SCWMssOS::make -C microblaze_0/libsrc/spi_v4_9/src -s clean 

TRACE::2024-10-21.19:07:52::SCWMssOS::make -C microblaze_0/libsrc/standalone_v8_0/src -s clean 

TRACE::2024-10-21.19:07:52::SCWMssOS::make -C microblaze_0/libsrc/tmrctr_v4_9/src -s clean 

TRACE::2024-10-21.19:07:52::SCWMssOS::make -C microblaze_0/libsrc/uartlite_v3_7/src -s clean 

TRACE::2024-10-21.19:07:53::SCWMssOS::rm -f microblaze_0/lib/libxil.a

LOG::2024-10-21.19:07:55::SCWPlatform::Started generating the artifacts platform mb_usb_hdmi_top
TRACE::2024-10-21.19:07:55::SCWPlatform::Sanity checking of platform is completed
LOG::2024-10-21.19:07:55::SCWPlatform::Started generating the artifacts for system configuration mb_usb_hdmi_top
LOG::2024-10-21.19:07:55::SCWSystem::Checking the domain standalone_microblaze_0
LOG::2024-10-21.19:07:55::SCWSystem::Not a boot domain 
LOG::2024-10-21.19:07:55::SCWSystem::Started Processing the domain standalone_microblaze_0
TRACE::2024-10-21.19:07:55::SCWDomain::Generating domain artifcats
TRACE::2024-10-21.19:07:55::SCWMssOS::Generating standalone artifcats
TRACE::2024-10-21.19:07:55::SCWMssOS:: Copying the user libraries. 
TRACE::2024-10-21.19:07:55::SCWPlatform::Trying to open the hw design at C:/Users/jkali/ece385/lab6/lab62/lab62_sdk/mb_usb_hdmi_top/hw/mb_usb_hdmi_top.xsa
TRACE::2024-10-21.19:07:55::SCWPlatform::DSA given C:/Users/jkali/ece385/lab6/lab62/lab62_sdk/mb_usb_hdmi_top/hw/mb_usb_hdmi_top.xsa
TRACE::2024-10-21.19:07:55::SCWPlatform::DSA absoulate path C:/Users/jkali/ece385/lab6/lab62/lab62_sdk/mb_usb_hdmi_top/hw/mb_usb_hdmi_top.xsa
TRACE::2024-10-21.19:07:55::SCWPlatform::DSA directory C:/Users/jkali/ece385/lab6/lab62/lab62_sdk/mb_usb_hdmi_top/hw
TRACE::2024-10-21.19:07:55::SCWPlatform:: Platform Path C:/Users/jkali/ece385/lab6/lab62/lab62_sdk/mb_usb_hdmi_top/hw/mb_usb_hdmi_top.xsa
TRACE::2024-10-21.19:07:55::SCWPlatform:: Unique name xilinx:::0.0
TRACE::2024-10-21.19:07:55::SCWPlatform::Trying to set the existing hwdb with name mb_usb_hdmi_top_5
TRACE::2024-10-21.19:07:55::SCWPlatform::Opened existing hwdb mb_usb_hdmi_top_5
TRACE::2024-10-21.19:07:55::SCWPlatform::Found the Hw Db part of the input DSA
TRACE::2024-10-21.19:07:55::SCWMssOS::Checking the sw design at  C:/Users/jkali/ece385/lab6/lab62/lab62_sdk/mb_usb_hdmi_top/microblaze_0/standalone_microblaze_0/bsp/system.mss
TRACE::2024-10-21.19:07:55::SCWMssOS::DEBUG:  swdes dump  C:/Users/jkali/ece385/lab6/lab62/lab62_sdk/mb_usb_hdmi_top/microblaze_0/standalone_microblaze_0/bsp/system.mss|system||

TRACE::2024-10-21.19:07:55::SCWMssOS::Sw design exists and opened at  C:/Users/jkali/ece385/lab6/lab62/lab62_sdk/mb_usb_hdmi_top/microblaze_0/standalone_microblaze_0/bsp/system.mss
TRACE::2024-10-21.19:07:55::SCWMssOS::Completed writing the mss file at C:/Users/jkali/ece385/lab6/lab62/lab62_sdk/mb_usb_hdmi_top/microblaze_0/standalone_microblaze_0/bsp
TRACE::2024-10-21.19:07:55::SCWMssOS::Mss edits present, copying mssfile into export location C:/Users/jkali/ece385/lab6/lab62/lab62_sdk/mb_usb_hdmi_top/microblaze_0/standalone_microblaze_0/bsp/system.mss
TRACE::2024-10-21.19:07:55::SCWMssOS::bsp generated is upto date with the mss file. Skipping bsp generation.
TRACE::2024-10-21.19:07:55::SCWMssOS::BSP is already built. skipping the bsp build ... 
TRACE::2024-10-21.19:07:55::SCWDomain::Building the domain as part of full build :  standalone_microblaze_0
TRACE::2024-10-21.19:07:55::SCWMssOS::doing bsp build ... 
TRACE::2024-10-21.19:07:55::SCWMssOS::System Command Ran  C: & cd  C:/Users/jkali/ece385/lab6/lab62/lab62_sdk/mb_usb_hdmi_top/microblaze_0/standalone_microblaze_0/bsp & make 
TRACE::2024-10-21.19:07:55::SCWMssOS::make --no-print-directory seq_libs

TRACE::2024-10-21.19:07:55::SCWMssOS::'Finished building libraries sequentially.'

TRACE::2024-10-21.19:07:55::SCWMssOS::make -j 18 --no-print-directory par_libs

TRACE::2024-10-21.19:07:55::SCWMssOS::"Running Make include in microblaze_0/libsrc/bram_v4_8/src"

TRACE::2024-10-21.19:07:55::SCWMssOS::make -C microblaze_0/libsrc/bram_v4_8/src -s include  "SHELL=CMD" "COMPILER=mb-gcc" "ASSEMBLER=mb-as" "ARCHIVER=mb-ar" "COMPILE
TRACE::2024-10-21.19:07:55::SCWMssOS::R_FLAGS=  -O2 -c -mcpu=v11.0 -mlittle-endian -mno-xl-reorder -mno-xl-soft-mul -mxl-barrel-shift -mxl-pattern-compare" "EXTRA_CO
TRACE::2024-10-21.19:07:55::SCWMssOS::MPILER_FLAGS=-g -ffunction-sections -fdata-sections -Wall -Wextra -fno-tree-loop-distribute-patterns"

TRACE::2024-10-21.19:07:55::SCWMssOS::"Running Make include in microblaze_0/libsrc/cpu_v2_16/src"

TRACE::2024-10-21.19:07:55::SCWMssOS::make -C microblaze_0/libsrc/cpu_v2_16/src -s include  "SHELL=CMD" "COMPILER=mb-gcc" "ASSEMBLER=mb-as" "ARCHIVER=mb-ar" "COMPILE
TRACE::2024-10-21.19:07:55::SCWMssOS::R_FLAGS=  -O2 -c -mcpu=v11.0 -mlittle-endian -mno-xl-reorder -mno-xl-soft-mul -mxl-barrel-shift -mxl-pattern-compare" "EXTRA_CO
TRACE::2024-10-21.19:07:55::SCWMssOS::MPILER_FLAGS=-g -ffunction-sections -fdata-sections -Wall -Wextra -fno-tree-loop-distribute-patterns"

TRACE::2024-10-21.19:07:55::SCWMssOS::"Running Make include in microblaze_0/libsrc/gpio_v4_9/src"

TRACE::2024-10-21.19:07:55::SCWMssOS::make -C microblaze_0/libsrc/gpio_v4_9/src -s include  "SHELL=CMD" "COMPILER=mb-gcc" "ASSEMBLER=mb-as" "ARCHIVER=mb-ar" "COMPILE
TRACE::2024-10-21.19:07:55::SCWMssOS::R_FLAGS=  -O2 -c -mcpu=v11.0 -mlittle-endian -mno-xl-reorder -mno-xl-soft-mul -mxl-barrel-shift -mxl-pattern-compare" "EXTRA_CO
TRACE::2024-10-21.19:07:55::SCWMssOS::MPILER_FLAGS=-g -ffunction-sections -fdata-sections -Wall -Wextra -fno-tree-loop-distribute-patterns"

TRACE::2024-10-21.19:07:55::SCWMssOS::"Running Make include in microblaze_0/libsrc/intc_v3_15/src"

TRACE::2024-10-21.19:07:55::SCWMssOS::make -C microblaze_0/libsrc/intc_v3_15/src -s include  "SHELL=CMD" "COMPILER=mb-gcc" "ASSEMBLER=mb-as" "ARCHIVER=mb-ar" "COMPIL
TRACE::2024-10-21.19:07:55::SCWMssOS::ER_FLAGS=  -O2 -c -mcpu=v11.0 -mlittle-endian -mno-xl-reorder -mno-xl-soft-mul -mxl-barrel-shift -mxl-pattern-compare" "EXTRA_C
TRACE::2024-10-21.19:07:55::SCWMssOS::OMPILER_FLAGS=-g -ffunction-sections -fdata-sections -Wall -Wextra -fno-tree-loop-distribute-patterns"

TRACE::2024-10-21.19:07:55::SCWMssOS::"Running Make include in microblaze_0/libsrc/spi_v4_9/src"

TRACE::2024-10-21.19:07:55::SCWMssOS::make -C microblaze_0/libsrc/spi_v4_9/src -s include  "SHELL=CMD" "COMPILER=mb-gcc" "ASSEMBLER=mb-as" "ARCHIVER=mb-ar" "COMPILER
TRACE::2024-10-21.19:07:55::SCWMssOS::_FLAGS=  -O2 -c -mcpu=v11.0 -mlittle-endian -mno-xl-reorder -mno-xl-soft-mul -mxl-barrel-shift -mxl-pattern-compare" "EXTRA_COM
TRACE::2024-10-21.19:07:55::SCWMssOS::PILER_FLAGS=-g -ffunction-sections -fdata-sections -Wall -Wextra -fno-tree-loop-distribute-patterns"

TRACE::2024-10-21.19:07:55::SCWMssOS::"Running Make include in microblaze_0/libsrc/standalone_v8_0/src"

TRACE::2024-10-21.19:07:55::SCWMssOS::make -C microblaze_0/libsrc/standalone_v8_0/src -s include  "SHELL=CMD" "COMPILER=mb-gcc" "ASSEMBLER=mb-as" "ARCHIVER=mb-ar" "C
TRACE::2024-10-21.19:07:55::SCWMssOS::OMPILER_FLAGS=  -O2 -c -mcpu=v11.0 -mlittle-endian -mno-xl-reorder -mno-xl-soft-mul -mxl-barrel-shift -mxl-pattern-compare" "EX
TRACE::2024-10-21.19:07:55::SCWMssOS::TRA_COMPILER_FLAGS=-g -ffunction-sections -fdata-sections -Wall -Wextra -fno-tree-loop-distribute-patterns"

TRACE::2024-10-21.19:07:55::SCWMssOS::"Running Make include in microblaze_0/libsrc/tmrctr_v4_9/src"

TRACE::2024-10-21.19:07:55::SCWMssOS::make -C microblaze_0/libsrc/tmrctr_v4_9/src -s include  "SHELL=CMD" "COMPILER=mb-gcc" "ASSEMBLER=mb-as" "ARCHIVER=mb-ar" "COMPI
TRACE::2024-10-21.19:07:55::SCWMssOS::LER_FLAGS=  -O2 -c -mcpu=v11.0 -mlittle-endian -mno-xl-reorder -mno-xl-soft-mul -mxl-barrel-shift -mxl-pattern-compare" "EXTRA_
TRACE::2024-10-21.19:07:55::SCWMssOS::COMPILER_FLAGS=-g -ffunction-sections -fdata-sections -Wall -Wextra -fno-tree-loop-distribute-patterns"

TRACE::2024-10-21.19:07:55::SCWMssOS::"Running Make include in microblaze_0/libsrc/uartlite_v3_7/src"

TRACE::2024-10-21.19:07:55::SCWMssOS::make -C microblaze_0/libsrc/uartlite_v3_7/src -s include  "SHELL=CMD" "COMPILER=mb-gcc" "ASSEMBLER=mb-as" "ARCHIVER=mb-ar" "COM
TRACE::2024-10-21.19:07:55::SCWMssOS::PILER_FLAGS=  -O2 -c -mcpu=v11.0 -mlittle-endian -mno-xl-reorder -mno-xl-soft-mul -mxl-barrel-shift -mxl-pattern-compare" "EXTR
TRACE::2024-10-21.19:07:55::SCWMssOS::A_COMPILER_FLAGS=-g -ffunction-sections -fdata-sections -Wall -Wextra -fno-tree-loop-distribute-patterns"

TRACE::2024-10-21.19:07:55::SCWMssOS::"Running Make libs in microblaze_0/libsrc/bram_v4_8/src"

TRACE::2024-10-21.19:07:55::SCWMssOS::make -C microblaze_0/libsrc/bram_v4_8/src -s libs  "SHELL=CMD" "COMPILER=mb-gcc" "ASSEMBLER=mb-as" "ARCHIVER=mb-ar" "COMPILER_F
TRACE::2024-10-21.19:07:55::SCWMssOS::LAGS=  -O2 -c -mcpu=v11.0 -mlittle-endian -mno-xl-reorder -mno-xl-soft-mul -mxl-barrel-shift -mxl-pattern-compare" "EXTRA_COMPI
TRACE::2024-10-21.19:07:55::SCWMssOS::LER_FLAGS=-g -ffunction-sections -fdata-sections -Wall -Wextra -fno-tree-loop-distribute-patterns"

TRACE::2024-10-21.19:07:55::SCWMssOS::"Running Make libs in microblaze_0/libsrc/cpu_v2_16/src"

TRACE::2024-10-21.19:07:55::SCWMssOS::make -C microblaze_0/libsrc/cpu_v2_16/src -s libs  "SHELL=CMD" "COMPILER=mb-gcc" "ASSEMBLER=mb-as" "ARCHIVER=mb-ar" "COMPILER_F
TRACE::2024-10-21.19:07:55::SCWMssOS::LAGS=  -O2 -c -mcpu=v11.0 -mlittle-endian -mno-xl-reorder -mno-xl-soft-mul -mxl-barrel-shift -mxl-pattern-compare" "EXTRA_COMPI
TRACE::2024-10-21.19:07:55::SCWMssOS::LER_FLAGS=-g -ffunction-sections -fdata-sections -Wall -Wextra -fno-tree-loop-distribute-patterns"

TRACE::2024-10-21.19:07:55::SCWMssOS::"Running Make libs in microblaze_0/libsrc/gpio_v4_9/src"

TRACE::2024-10-21.19:07:55::SCWMssOS::make -C microblaze_0/libsrc/gpio_v4_9/src -s libs  "SHELL=CMD" "COMPILER=mb-gcc" "ASSEMBLER=mb-as" "ARCHIVER=mb-ar" "COMPILER_F
TRACE::2024-10-21.19:07:55::SCWMssOS::LAGS=  -O2 -c -mcpu=v11.0 -mlittle-endian -mno-xl-reorder -mno-xl-soft-mul -mxl-barrel-shift -mxl-pattern-compare" "EXTRA_COMPI
TRACE::2024-10-21.19:07:55::SCWMssOS::LER_FLAGS=-g -ffunction-sections -fdata-sections -Wall -Wextra -fno-tree-loop-distribute-patterns"

TRACE::2024-10-21.19:07:55::SCWMssOS::"Running Make libs in microblaze_0/libsrc/intc_v3_15/src"

TRACE::2024-10-21.19:07:55::SCWMssOS::make -C microblaze_0/libsrc/intc_v3_15/src -s libs  "SHELL=CMD" "COMPILER=mb-gcc" "ASSEMBLER=mb-as" "ARCHIVER=mb-ar" "COMPILER_
TRACE::2024-10-21.19:07:55::SCWMssOS::FLAGS=  -O2 -c -mcpu=v11.0 -mlittle-endian -mno-xl-reorder -mno-xl-soft-mul -mxl-barrel-shift -mxl-pattern-compare" "EXTRA_COMP
TRACE::2024-10-21.19:07:55::SCWMssOS::ILER_FLAGS=-g -ffunction-sections -fdata-sections -Wall -Wextra -fno-tree-loop-distribute-patterns"

TRACE::2024-10-21.19:07:55::SCWMssOS::"Running Make libs in microblaze_0/libsrc/spi_v4_9/src"

TRACE::2024-10-21.19:07:55::SCWMssOS::make -C microblaze_0/libsrc/spi_v4_9/src -s libs  "SHELL=CMD" "COMPILER=mb-gcc" "ASSEMBLER=mb-as" "ARCHIVER=mb-ar" "COMPILER_FL
TRACE::2024-10-21.19:07:55::SCWMssOS::AGS=  -O2 -c -mcpu=v11.0 -mlittle-endian -mno-xl-reorder -mno-xl-soft-mul -mxl-barrel-shift -mxl-pattern-compare" "EXTRA_COMPIL
TRACE::2024-10-21.19:07:55::SCWMssOS::ER_FLAGS=-g -ffunction-sections -fdata-sections -Wall -Wextra -fno-tree-loop-distribute-patterns"

TRACE::2024-10-21.19:07:55::SCWMssOS::"Running Make libs in microblaze_0/libsrc/standalone_v8_0/src"

TRACE::2024-10-21.19:07:55::SCWMssOS::make -C microblaze_0/libsrc/standalone_v8_0/src -s libs  "SHELL=CMD" "COMPILER=mb-gcc" "ASSEMBLER=mb-as" "ARCHIVER=mb-ar" "COMP
TRACE::2024-10-21.19:07:55::SCWMssOS::ILER_FLAGS=  -O2 -c -mcpu=v11.0 -mlittle-endian -mno-xl-reorder -mno-xl-soft-mul -mxl-barrel-shift -mxl-pattern-compare" "EXTRA
TRACE::2024-10-21.19:07:55::SCWMssOS::_COMPILER_FLAGS=-g -ffunction-sections -fdata-sections -Wall -Wextra -fno-tree-loop-distribute-patterns"

TRACE::2024-10-21.19:07:55::SCWMssOS::"Running Make libs in microblaze_0/libsrc/tmrctr_v4_9/src"

TRACE::2024-10-21.19:07:55::SCWMssOS::make -C microblaze_0/libsrc/tmrctr_v4_9/src -s libs  "SHELL=CMD" "COMPILER=mb-gcc" "ASSEMBLER=mb-as" "ARCHIVER=mb-ar" "COMPILER
TRACE::2024-10-21.19:07:55::SCWMssOS::_FLAGS=  -O2 -c -mcpu=v11.0 -mlittle-endian -mno-xl-reorder -mno-xl-soft-mul -mxl-barrel-shift -mxl-pattern-compare" "EXTRA_COM
TRACE::2024-10-21.19:07:55::SCWMssOS::PILER_FLAGS=-g -ffunction-sections -fdata-sections -Wall -Wextra -fno-tree-loop-distribute-patterns"

TRACE::2024-10-21.19:07:56::SCWMssOS::"Running Make libs in microblaze_0/libsrc/uartlite_v3_7/src"

TRACE::2024-10-21.19:07:56::SCWMssOS::make -C microblaze_0/libsrc/uartlite_v3_7/src -s libs  "SHELL=CMD" "COMPILER=mb-gcc" "ASSEMBLER=mb-as" "ARCHIVER=mb-ar" "COMPIL
TRACE::2024-10-21.19:07:56::SCWMssOS::ER_FLAGS=  -O2 -c -mcpu=v11.0 -mlittle-endian -mno-xl-reorder -mno-xl-soft-mul -mxl-barrel-shift -mxl-pattern-compare" "EXTRA_C
TRACE::2024-10-21.19:07:56::SCWMssOS::OMPILER_FLAGS=-g -ffunction-sections -fdata-sections -Wall -Wextra -fno-tree-loop-distribute-patterns"

TRACE::2024-10-21.19:07:56::SCWMssOS::"DEBUG NON_LTO_OBJECTS is ../../../lib/microblaze_interrupt_handler.o"

TRACE::2024-10-21.19:07:56::SCWMssOS::'Finished building libraries parallelly.'

TRACE::2024-10-21.19:07:56::SCWMssOS::make --no-print-directory archive

TRACE::2024-10-21.19:07:56::SCWMssOS::mb-ar -r  microblaze_0/lib/libxil.a microblaze_0/lib/_exit.o microblaze_0/lib/errno.o microblaze_0/lib/fcntl.o microblaze_0/lib
TRACE::2024-10-21.19:07:56::SCWMssOS::/hw_exception_handler.o microblaze_0/lib/inbyte.o microblaze_0/lib/microblaze_disable_dcache.o microblaze_0/lib/microblaze_disa
TRACE::2024-10-21.19:07:56::SCWMssOS::ble_exceptions.o microblaze_0/lib/microblaze_disable_icache.o microblaze_0/lib/microblaze_disable_interrupts.o microblaze_0/lib
TRACE::2024-10-21.19:07:56::SCWMssOS::/microblaze_enable_dcache.o microblaze_0/lib/microblaze_enable_exceptions.o microblaze_0/lib/microblaze_enable_icache.o microbl
TRACE::2024-10-21.19:07:56::SCWMssOS::aze_0/lib/microblaze_enable_interrupts.o microblaze_0/lib/microblaze_exception_handler.o microblaze_0/lib/microblaze_flush_cach
TRACE::2024-10-21.19:07:56::SCWMssOS::e_ext.o microblaze_0/lib/microblaze_flush_cache_ext_range.o microblaze_0/lib/microblaze_flush_dcache.o microblaze_0/lib/microbl
TRACE::2024-10-21.19:07:56::SCWMssOS::aze_flush_dcache_range.o microblaze_0/lib/microblaze_init_dcache_range.o microblaze_0/lib/microblaze_init_icache_range.o microb
TRACE::2024-10-21.19:07:56::SCWMssOS::laze_0/lib/microblaze_interrupt_handler.o microblaze_0/lib/microblaze_interrupts_g.o microblaze_0/lib/microblaze_invalidate_cac
TRACE::2024-10-21.19:07:56::SCWMssOS::he_ext.o microblaze_0/lib/microblaze_invalidate_cache_ext_range.o microblaze_0/lib/microblaze_invalidate_dcache.o microblaze_0/
TRACE::2024-10-21.19:07:56::SCWMssOS::lib/microblaze_invalidate_dcache_range.o microblaze_0/lib/microblaze_invalidate_icache.o microblaze_0/lib/microblaze_invalidate
TRACE::2024-10-21.19:07:56::SCWMssOS::_icache_range.o microblaze_0/lib/microblaze_scrub.o microblaze_0/lib/microblaze_selftest.o microblaze_0/lib/microblaze_sleep.o 
TRACE::2024-10-21.19:07:56::SCWMssOS::microblaze_0/lib/microblaze_update_dcache.o microblaze_0/lib/microblaze_update_icache.o microblaze_0/lib/outbyte.o microblaze_0
TRACE::2024-10-21.19:07:56::SCWMssOS::/lib/print.o microblaze_0/lib/pvr.o microblaze_0/lib/xbram.o microblaze_0/lib/xbram_g.o microblaze_0/lib/xbram_intr.o microblaz
TRACE::2024-10-21.19:07:56::SCWMssOS::e_0/lib/xbram_selftest.o microblaze_0/lib/xbram_sinit.o microblaze_0/lib/xgpio.o microblaze_0/lib/xgpio_extra.o microblaze_0/li
TRACE::2024-10-21.19:07:56::SCWMssOS::b/xgpio_g.o microblaze_0/lib/xgpio_intr.o microblaze_0/lib/xgpio_selftest.o microblaze_0/lib/xgpio_sinit.o microblaze_0/lib/xil
TRACE::2024-10-21.19:07:56::SCWMssOS::_assert.o microblaze_0/lib/xil_cache.o microblaze_0/lib/xil_clocking.o microblaze_0/lib/xil_exception.o microblaze_0/lib/xil_me
TRACE::2024-10-21.19:07:56::SCWMssOS::m.o microblaze_0/lib/xil_misc_psreset_api.o microblaze_0/lib/xil_printf.o microblaze_0/lib/xil_sleepcommon.o microblaze_0/lib/x
TRACE::2024-10-21.19:07:56::SCWMssOS::il_testcache.o microblaze_0/lib/xil_testio.o microblaze_0/lib/xil_testmem.o microblaze_0/lib/xil_util.o microblaze_0/lib/xintc.
TRACE::2024-10-21.19:07:56::SCWMssOS::o microblaze_0/lib/xintc_g.o microblaze_0/lib/xintc_intr.o microblaze_0/lib/xintc_l.o microblaze_0/lib/xintc_options.o microbla
TRACE::2024-10-21.19:07:56::SCWMssOS::ze_0/lib/xintc_selftest.o microblaze_0/lib/xinterrupt_wrap.o microblaze_0/lib/xio.o microblaze_0/lib/xplatform_info.o microblaz
TRACE::2024-10-21.19:07:56::SCWMssOS::e_0/lib/xspi.o microblaze_0/lib/xspi_g.o microblaze_0/lib/xspi_options.o microblaze_0/lib/xspi_selftest.o microblaze_0/lib/xspi
TRACE::2024-10-21.19:07:56::SCWMssOS::_sinit.o microblaze_0/lib/xspi_stats.o microblaze_0/lib/xtmrctr.o microblaze_0/lib/xtmrctr_g.o microblaze_0/lib/xtmrctr_intr.o 
TRACE::2024-10-21.19:07:56::SCWMssOS::microblaze_0/lib/xtmrctr_l.o microblaze_0/lib/xtmrctr_options.o microblaze_0/lib/xtmrctr_selftest.o microblaze_0/lib/xtmrctr_si
TRACE::2024-10-21.19:07:56::SCWMssOS::nit.o microblaze_0/lib/xtmrctr_stats.o microblaze_0/lib/xuartlite.o microblaze_0/lib/xuartlite_g.o microblaze_0/lib/xuartlite_i
TRACE::2024-10-21.19:07:56::SCWMssOS::ntr.o microblaze_0/lib/xuartlite_l.o microblaze_0/lib/xuartlite_selftest.o microblaze_0/lib/xuartlite_sinit.o microblaze_0/lib/
TRACE::2024-10-21.19:07:56::SCWMssOS::xuartlite_stats.o

TRACE::2024-10-21.19:07:56::SCWMssOS::'Finished building libraries'

TRACE::2024-10-21.19:07:57::SCWMssOS::Copying to export directory.
TRACE::2024-10-21.19:07:57::SCWMssOS:: Checking if to create the Supporting Applications
TRACE::2024-10-21.19:07:57::SCWMssOS:: No Linux domain exists, trying to generate FSBL 
LOG::2024-10-21.19:07:57::SCWSystem::Completed Processing the domain standalone_microblaze_0
LOG::2024-10-21.19:07:57::SCWSystem::Completed Processing the sysconfig mb_usb_hdmi_top
LOG::2024-10-21.19:07:57::SCWPlatform::Completed generating the artifacts for system configuration mb_usb_hdmi_top
TRACE::2024-10-21.19:07:57::SCWPlatform::Started preparing the platform 
TRACE::2024-10-21.19:07:57::SCWSystem::Writing the bif file for system config mb_usb_hdmi_top
TRACE::2024-10-21.19:07:57::SCWSystem::dir created 
TRACE::2024-10-21.19:07:57::SCWSystem::Writing the bif 
TRACE::2024-10-21.19:07:57::SCWPlatform::Started writing the spfm file 
TRACE::2024-10-21.19:07:57::SCWPlatform::Started writing the xpfm file 
TRACE::2024-10-21.19:07:57::SCWPlatform::Completed generating the platform
TRACE::2024-10-21.19:07:57::SCWMssOS::Saving the mss changes C:/Users/jkali/ece385/lab6/lab62/lab62_sdk/mb_usb_hdmi_top/microblaze_0/standalone_microblaze_0/bsp/system.mss
TRACE::2024-10-21.19:07:57::SCWMssOS::Found a swdesign opened with the mssfile.
TRACE::2024-10-21.19:07:57::SCWMssOS::Completed writemss as part of save.
TRACE::2024-10-21.19:07:57::SCWMssOS::Commit changes completed.
TRACE::2024-10-21.19:07:57::SCWPlatform::Trying to open the hw design at C:/Users/jkali/ece385/lab6/lab62/lab62_sdk/mb_usb_hdmi_top/hw/mb_usb_hdmi_top.xsa
TRACE::2024-10-21.19:07:57::SCWPlatform::DSA given C:/Users/jkali/ece385/lab6/lab62/lab62_sdk/mb_usb_hdmi_top/hw/mb_usb_hdmi_top.xsa
TRACE::2024-10-21.19:07:57::SCWPlatform::DSA absoulate path C:/Users/jkali/ece385/lab6/lab62/lab62_sdk/mb_usb_hdmi_top/hw/mb_usb_hdmi_top.xsa
TRACE::2024-10-21.19:07:57::SCWPlatform::DSA directory C:/Users/jkali/ece385/lab6/lab62/lab62_sdk/mb_usb_hdmi_top/hw
TRACE::2024-10-21.19:07:57::SCWPlatform:: Platform Path C:/Users/jkali/ece385/lab6/lab62/lab62_sdk/mb_usb_hdmi_top/hw/mb_usb_hdmi_top.xsa
TRACE::2024-10-21.19:07:57::SCWPlatform:: Unique name xilinx:::0.0
TRACE::2024-10-21.19:07:57::SCWPlatform::Trying to set the existing hwdb with name mb_usb_hdmi_top_5
TRACE::2024-10-21.19:07:57::SCWPlatform::Opened existing hwdb mb_usb_hdmi_top_5
TRACE::2024-10-21.19:07:57::SCWPlatform::Found the Hw Db part of the input DSA
TRACE::2024-10-21.19:07:57::SCWMssOS::Checking the sw design at  C:/Users/jkali/ece385/lab6/lab62/lab62_sdk/mb_usb_hdmi_top/microblaze_0/standalone_microblaze_0/bsp/system.mss
TRACE::2024-10-21.19:07:57::SCWMssOS::DEBUG:  swdes dump  C:/Users/jkali/ece385/lab6/lab62/lab62_sdk/mb_usb_hdmi_top/microblaze_0/standalone_microblaze_0/bsp/system.mss|system||

TRACE::2024-10-21.19:07:57::SCWMssOS::Sw design exists and opened at  C:/Users/jkali/ece385/lab6/lab62/lab62_sdk/mb_usb_hdmi_top/microblaze_0/standalone_microblaze_0/bsp/system.mss
TRACE::2024-10-21.19:07:57::SCWWriter::formatted JSON is {
	"platformName":	"mb_usb_hdmi_top",
	"sprVersion":	"2.0",
	"mode":	"gui",
	"dsaType":	"Fixed",
	"platformDesc":	"mb_usb_hdmi_top",
	"platHandOff":	"C:/Users/jkali/ece385/lab6/lab62/mb_usb_hdmi_top.xsa",
	"platIntHandOff":	"<platformDir>/hw/mb_usb_hdmi_top.xsa",
	"deviceType":	"FPGA",
	"platIsPrebuiltAutogen":	"false",
	"platIsNoBootBsp":	"false",
	"hasFsblMakeHasChanges":	"false",
	"hasPmufwMakeHasChanges":	"false",
	"platPreBuiltFlag":	false,
	"platformSamplesDir":	"",
	"platActiveSys":	"mb_usb_hdmi_top",
	"systems":	[{
			"systemName":	"mb_usb_hdmi_top",
			"systemDesc":	"mb_usb_hdmi_top",
			"sysIsBootAutoGen":	"true",
			"systemDispName":	"mb_usb_hdmi_top",
			"sysActiveDom":	"standalone_microblaze_0",
			"sysDefaultDom":	"standalone_microblaze_0",
			"domains":	[{
					"domainName":	"standalone_microblaze_0",
					"domainDispName":	"standalone_microblaze_0",
					"domainDesc":	"standalone_microblaze_0",
					"processors":	"microblaze_0",
					"os":	"standalone",
					"sdxOs":	"standalone",
					"debugEnable":	"False",
					"domRuntimes":	["cpp"],
					"swRepo":	"",
					"mssOsVer":	"8.0",
					"mssFile":	"",
					"md5Digest":	"304529987e879521ca977c68d163f362",
					"compatibleApp":	"",
					"domType":	"mssDomain",
					"arch":	"32-bit",
					"appSettings":	{
						"appCompilerFlags":	"",
						"appLinkerFlags":	""
					},
					"addedLibs":	[],
					"libOptions":	{
						"libsContainingOptions":	[]
					},
					"prebuiltLibs":	{
						"prebuiltIncPath":	[],
						"prebuiltLibPath":	[]
					},
					"isolation":	{
					}
				}]
		}]
}
KEYINFO::2024-10-21.19:07:57::SCWPlatform::updated the xpfm file.
TRACE::2024-10-21.19:07:57::SCWPlatform::Trying to open the hw design at C:/Users/jkali/ece385/lab6/lab62/lab62_sdk/mb_usb_hdmi_top/hw/mb_usb_hdmi_top.xsa
TRACE::2024-10-21.19:07:57::SCWPlatform::DSA given C:/Users/jkali/ece385/lab6/lab62/lab62_sdk/mb_usb_hdmi_top/hw/mb_usb_hdmi_top.xsa
TRACE::2024-10-21.19:07:57::SCWPlatform::DSA absoulate path C:/Users/jkali/ece385/lab6/lab62/lab62_sdk/mb_usb_hdmi_top/hw/mb_usb_hdmi_top.xsa
TRACE::2024-10-21.19:07:57::SCWPlatform::DSA directory C:/Users/jkali/ece385/lab6/lab62/lab62_sdk/mb_usb_hdmi_top/hw
TRACE::2024-10-21.19:07:57::SCWPlatform:: Platform Path C:/Users/jkali/ece385/lab6/lab62/lab62_sdk/mb_usb_hdmi_top/hw/mb_usb_hdmi_top.xsa
TRACE::2024-10-21.19:07:57::SCWPlatform:: Unique name xilinx:::0.0
TRACE::2024-10-21.19:07:57::SCWPlatform::Trying to set the existing hwdb with name mb_usb_hdmi_top_5
TRACE::2024-10-21.19:07:57::SCWPlatform::Opened existing hwdb mb_usb_hdmi_top_5
TRACE::2024-10-21.19:07:57::SCWPlatform::Found the Hw Db part of the input DSA
TRACE::2024-10-21.19:07:57::SCWMssOS::Checking the sw design at  C:/Users/jkali/ece385/lab6/lab62/lab62_sdk/mb_usb_hdmi_top/microblaze_0/standalone_microblaze_0/bsp/system.mss
TRACE::2024-10-21.19:07:57::SCWMssOS::DEBUG:  swdes dump  C:/Users/jkali/ece385/lab6/lab62/lab62_sdk/mb_usb_hdmi_top/microblaze_0/standalone_microblaze_0/bsp/system.mss|system||

TRACE::2024-10-21.19:07:57::SCWMssOS::Sw design exists and opened at  C:/Users/jkali/ece385/lab6/lab62/lab62_sdk/mb_usb_hdmi_top/microblaze_0/standalone_microblaze_0/bsp/system.mss
TRACE::2024-10-21.19:08:10::SCWPlatform::Clearing the existing platform
TRACE::2024-10-21.19:08:10::SCWSystem::Clearing the existing sysconfig
TRACE::2024-10-21.19:08:10::SCWMssOS::Removing the swdes entry for  C:/Users/jkali/ece385/lab6/lab62/lab62_sdk/mb_usb_hdmi_top/microblaze_0/standalone_microblaze_0/bsp/system.mss
TRACE::2024-10-21.19:08:10::SCWSystem::Clearing the domains completed.
TRACE::2024-10-21.19:08:10::SCWPlatform::Clearing the opened hw db.
TRACE::2024-10-21.19:08:10::SCWPlatform::DSA given C:/Users/jkali/ece385/lab6/lab62/lab62_sdk/mb_usb_hdmi_top/hw/mb_usb_hdmi_top.xsa
TRACE::2024-10-21.19:08:10::SCWPlatform::DSA absoulate path C:/Users/jkali/ece385/lab6/lab62/lab62_sdk/mb_usb_hdmi_top/hw/mb_usb_hdmi_top.xsa
TRACE::2024-10-21.19:08:10::SCWPlatform:: Platform location is C:/Users/jkali/ece385/lab6/lab62/lab62_sdk/mb_usb_hdmi_top/hw
TRACE::2024-10-21.19:08:10::SCWPlatform:: Platform Path C:/Users/jkali/ece385/lab6/lab62/lab62_sdk/mb_usb_hdmi_top/hw/mb_usb_hdmi_top.xsa
TRACE::2024-10-21.19:08:10::SCWPlatform:: Unique name xilinx:::0.0
TRACE::2024-10-21.19:08:10::SCWPlatform::Removing the HwDB with name C:/Users/jkali/ece385/lab6/lab62/lab62_sdk/mb_usb_hdmi_top/hw/mb_usb_hdmi_top.xsa
TRACE::2024-10-21.19:08:10::SCWPlatform::Trying to open the hw design at C:/Users/jkali/ece385/lab6/lab62/lab62_sdk/mb_usb_hdmi_top/hw/mb_usb_hdmi_top.xsa
TRACE::2024-10-21.19:08:10::SCWPlatform::DSA given C:/Users/jkali/ece385/lab6/lab62/lab62_sdk/mb_usb_hdmi_top/hw/mb_usb_hdmi_top.xsa
TRACE::2024-10-21.19:08:10::SCWPlatform::DSA absoulate path C:/Users/jkali/ece385/lab6/lab62/lab62_sdk/mb_usb_hdmi_top/hw/mb_usb_hdmi_top.xsa
TRACE::2024-10-21.19:08:10::SCWPlatform::DSA directory C:/Users/jkali/ece385/lab6/lab62/lab62_sdk/mb_usb_hdmi_top/hw
TRACE::2024-10-21.19:08:10::SCWPlatform:: Platform Path C:/Users/jkali/ece385/lab6/lab62/lab62_sdk/mb_usb_hdmi_top/hw/mb_usb_hdmi_top.xsa
TRACE::2024-10-21.19:08:10::SCWPlatform:: Unique name xilinx:::0.0
TRACE::2024-10-21.19:08:10::SCWPlatform::Do not have an existing db opened. 
TRACE::2024-10-21.19:08:10::SCWPlatform::Opened new HwDB with name mb_usb_hdmi_top_8
TRACE::2024-10-21.19:08:10::SCWReader::Active system found as  mb_usb_hdmi_top
TRACE::2024-10-21.19:08:10::SCWReader::Handling sysconfig mb_usb_hdmi_top
TRACE::2024-10-21.19:08:10::SCWDomain::checking for install qemu data   : 
TRACE::2024-10-21.19:08:10::SCWPlatform::Trying to open the hw design at C:/Users/jkali/ece385/lab6/lab62/lab62_sdk/mb_usb_hdmi_top/hw/mb_usb_hdmi_top.xsa
TRACE::2024-10-21.19:08:10::SCWPlatform::DSA given C:/Users/jkali/ece385/lab6/lab62/lab62_sdk/mb_usb_hdmi_top/hw/mb_usb_hdmi_top.xsa
TRACE::2024-10-21.19:08:10::SCWPlatform::DSA absoulate path C:/Users/jkali/ece385/lab6/lab62/lab62_sdk/mb_usb_hdmi_top/hw/mb_usb_hdmi_top.xsa
TRACE::2024-10-21.19:08:10::SCWPlatform::DSA directory C:/Users/jkali/ece385/lab6/lab62/lab62_sdk/mb_usb_hdmi_top/hw
TRACE::2024-10-21.19:08:10::SCWPlatform:: Platform Path C:/Users/jkali/ece385/lab6/lab62/lab62_sdk/mb_usb_hdmi_top/hw/mb_usb_hdmi_top.xsa
TRACE::2024-10-21.19:08:10::SCWPlatform:: Unique name xilinx:::0.0
TRACE::2024-10-21.19:08:10::SCWPlatform::Trying to set the existing hwdb with name mb_usb_hdmi_top_8
TRACE::2024-10-21.19:08:10::SCWPlatform::Opened existing hwdb mb_usb_hdmi_top_8
TRACE::2024-10-21.19:08:10::SCWPlatform::Found the Hw Db part of the input DSA
TRACE::2024-10-21.19:08:10::SCWPlatform::Trying to open the hw design at C:/Users/jkali/ece385/lab6/lab62/lab62_sdk/mb_usb_hdmi_top/hw/mb_usb_hdmi_top.xsa
TRACE::2024-10-21.19:08:10::SCWPlatform::DSA given C:/Users/jkali/ece385/lab6/lab62/lab62_sdk/mb_usb_hdmi_top/hw/mb_usb_hdmi_top.xsa
TRACE::2024-10-21.19:08:10::SCWPlatform::DSA absoulate path C:/Users/jkali/ece385/lab6/lab62/lab62_sdk/mb_usb_hdmi_top/hw/mb_usb_hdmi_top.xsa
TRACE::2024-10-21.19:08:10::SCWPlatform::DSA directory C:/Users/jkali/ece385/lab6/lab62/lab62_sdk/mb_usb_hdmi_top/hw
TRACE::2024-10-21.19:08:10::SCWPlatform:: Platform Path C:/Users/jkali/ece385/lab6/lab62/lab62_sdk/mb_usb_hdmi_top/hw/mb_usb_hdmi_top.xsa
TRACE::2024-10-21.19:08:10::SCWPlatform:: Unique name xilinx:::0.0
TRACE::2024-10-21.19:08:10::SCWPlatform::Trying to set the existing hwdb with name mb_usb_hdmi_top_8
TRACE::2024-10-21.19:08:10::SCWPlatform::Opened existing hwdb mb_usb_hdmi_top_8
TRACE::2024-10-21.19:08:10::SCWPlatform::Found the Hw Db part of the input DSA
TRACE::2024-10-21.19:08:10::SCWPlatform::Trying to open the hw design at C:/Users/jkali/ece385/lab6/lab62/lab62_sdk/mb_usb_hdmi_top/hw/mb_usb_hdmi_top.xsa
TRACE::2024-10-21.19:08:10::SCWPlatform::DSA given C:/Users/jkali/ece385/lab6/lab62/lab62_sdk/mb_usb_hdmi_top/hw/mb_usb_hdmi_top.xsa
TRACE::2024-10-21.19:08:10::SCWPlatform::DSA absoulate path C:/Users/jkali/ece385/lab6/lab62/lab62_sdk/mb_usb_hdmi_top/hw/mb_usb_hdmi_top.xsa
TRACE::2024-10-21.19:08:10::SCWPlatform::DSA directory C:/Users/jkali/ece385/lab6/lab62/lab62_sdk/mb_usb_hdmi_top/hw
TRACE::2024-10-21.19:08:10::SCWPlatform:: Platform Path C:/Users/jkali/ece385/lab6/lab62/lab62_sdk/mb_usb_hdmi_top/hw/mb_usb_hdmi_top.xsa
TRACE::2024-10-21.19:08:10::SCWPlatform:: Unique name xilinx:::0.0
TRACE::2024-10-21.19:08:10::SCWPlatform::Trying to set the existing hwdb with name mb_usb_hdmi_top_8
TRACE::2024-10-21.19:08:10::SCWPlatform::Opened existing hwdb mb_usb_hdmi_top_8
TRACE::2024-10-21.19:08:10::SCWPlatform::Found the Hw Db part of the input DSA
TRACE::2024-10-21.19:08:10::SCWPlatform::Trying to open the hw design at C:/Users/jkali/ece385/lab6/lab62/lab62_sdk/mb_usb_hdmi_top/hw/mb_usb_hdmi_top.xsa
TRACE::2024-10-21.19:08:10::SCWPlatform::DSA given C:/Users/jkali/ece385/lab6/lab62/lab62_sdk/mb_usb_hdmi_top/hw/mb_usb_hdmi_top.xsa
TRACE::2024-10-21.19:08:10::SCWPlatform::DSA absoulate path C:/Users/jkali/ece385/lab6/lab62/lab62_sdk/mb_usb_hdmi_top/hw/mb_usb_hdmi_top.xsa
TRACE::2024-10-21.19:08:10::SCWPlatform::DSA directory C:/Users/jkali/ece385/lab6/lab62/lab62_sdk/mb_usb_hdmi_top/hw
TRACE::2024-10-21.19:08:10::SCWPlatform:: Platform Path C:/Users/jkali/ece385/lab6/lab62/lab62_sdk/mb_usb_hdmi_top/hw/mb_usb_hdmi_top.xsa
TRACE::2024-10-21.19:08:10::SCWPlatform:: Unique name xilinx:::0.0
TRACE::2024-10-21.19:08:10::SCWPlatform::Trying to set the existing hwdb with name mb_usb_hdmi_top_8
TRACE::2024-10-21.19:08:10::SCWPlatform::Opened existing hwdb mb_usb_hdmi_top_8
TRACE::2024-10-21.19:08:10::SCWPlatform::Found the Hw Db part of the input DSA
TRACE::2024-10-21.19:08:10::SCWMssOS::Checking the sw design at  C:/Users/jkali/ece385/lab6/lab62/lab62_sdk/mb_usb_hdmi_top/microblaze_0/standalone_microblaze_0/bsp/system.mss
TRACE::2024-10-21.19:08:10::SCWMssOS::DEBUG:  swdes dump  
TRACE::2024-10-21.19:08:10::SCWMssOS::No sw design opened at  C:/Users/jkali/ece385/lab6/lab62/lab62_sdk/mb_usb_hdmi_top/microblaze_0/standalone_microblaze_0/bsp/system.mss
TRACE::2024-10-21.19:08:10::SCWMssOS::mss exists loading the mss file  C:/Users/jkali/ece385/lab6/lab62/lab62_sdk/mb_usb_hdmi_top/microblaze_0/standalone_microblaze_0/bsp/system.mss
TRACE::2024-10-21.19:08:10::SCWMssOS::Opened the sw design from mss  C:/Users/jkali/ece385/lab6/lab62/lab62_sdk/mb_usb_hdmi_top/microblaze_0/standalone_microblaze_0/bsp/system.mss
TRACE::2024-10-21.19:08:10::SCWMssOS::Adding the swdes entry C:/Users/jkali/ece385/lab6/lab62/lab62_sdk/mb_usb_hdmi_top/microblaze_0/standalone_microblaze_0/bsp/system.mss with des name system
TRACE::2024-10-21.19:08:10::SCWMssOS::updating the scw layer about changes
TRACE::2024-10-21.19:08:10::SCWMssOS::Opened the sw design.  C:/Users/jkali/ece385/lab6/lab62/lab62_sdk/mb_usb_hdmi_top/microblaze_0/standalone_microblaze_0/bsp/system.mss
TRACE::2024-10-21.19:08:10::SCWMssOS::Saving the mss changes C:/Users/jkali/ece385/lab6/lab62/lab62_sdk/mb_usb_hdmi_top/microblaze_0/standalone_microblaze_0/bsp/system.mss
TRACE::2024-10-21.19:08:10::SCWMssOS::Found a swdesign opened with the mssfile.
TRACE::2024-10-21.19:08:10::SCWMssOS::Completed writemss as part of save.
TRACE::2024-10-21.19:08:10::SCWMssOS::Commit changes completed.
TRACE::2024-10-21.19:08:10::SCWReader::Adding prebuilt librarypaths as   
TRACE::2024-10-21.19:08:10::SCWReader::Adding prebuilt incpaths  as   
TRACE::2024-10-21.19:08:10::SCWPlatform::Trying to open the hw design at C:/Users/jkali/ece385/lab6/lab62/lab62_sdk/mb_usb_hdmi_top/hw/mb_usb_hdmi_top.xsa
TRACE::2024-10-21.19:08:10::SCWPlatform::DSA given C:/Users/jkali/ece385/lab6/lab62/lab62_sdk/mb_usb_hdmi_top/hw/mb_usb_hdmi_top.xsa
TRACE::2024-10-21.19:08:10::SCWPlatform::DSA absoulate path C:/Users/jkali/ece385/lab6/lab62/lab62_sdk/mb_usb_hdmi_top/hw/mb_usb_hdmi_top.xsa
TRACE::2024-10-21.19:08:10::SCWPlatform::DSA directory C:/Users/jkali/ece385/lab6/lab62/lab62_sdk/mb_usb_hdmi_top/hw
TRACE::2024-10-21.19:08:10::SCWPlatform:: Platform Path C:/Users/jkali/ece385/lab6/lab62/lab62_sdk/mb_usb_hdmi_top/hw/mb_usb_hdmi_top.xsa
TRACE::2024-10-21.19:08:10::SCWPlatform:: Unique name xilinx:::0.0
TRACE::2024-10-21.19:08:10::SCWPlatform::Trying to set the existing hwdb with name mb_usb_hdmi_top_8
TRACE::2024-10-21.19:08:10::SCWPlatform::Opened existing hwdb mb_usb_hdmi_top_8
TRACE::2024-10-21.19:08:10::SCWPlatform::Found the Hw Db part of the input DSA
TRACE::2024-10-21.19:08:10::SCWMssOS::Checking the sw design at  C:/Users/jkali/ece385/lab6/lab62/lab62_sdk/mb_usb_hdmi_top/microblaze_0/standalone_microblaze_0/bsp/system.mss
TRACE::2024-10-21.19:08:10::SCWMssOS::DEBUG:  swdes dump  C:/Users/jkali/ece385/lab6/lab62/lab62_sdk/mb_usb_hdmi_top/microblaze_0/standalone_microblaze_0/bsp/system.mss|system||

TRACE::2024-10-21.19:08:10::SCWMssOS::Sw design exists and opened at  C:/Users/jkali/ece385/lab6/lab62/lab62_sdk/mb_usb_hdmi_top/microblaze_0/standalone_microblaze_0/bsp/system.mss
TRACE::2024-10-21.19:08:10::SCWReader::No isolation master present  
TRACE::2024-10-21.19:08:13::SCWPlatform::DSA given C:/Users/jkali/ece385/lab6/lab62/lab62_sdk/mb_usb_hdmi_top/tempdsa/mb_usb_hdmi_top.xsa
TRACE::2024-10-21.19:08:13::SCWPlatform::DSA absoulate path C:/Users/jkali/ece385/lab6/lab62/lab62_sdk/mb_usb_hdmi_top/tempdsa/mb_usb_hdmi_top.xsa
TRACE::2024-10-21.19:08:13::SCWPlatform:: Platform location is C:/Users/jkali/ece385/lab6/lab62/lab62_sdk/mb_usb_hdmi_top/tempdsa
TRACE::2024-10-21.19:08:13::SCWPlatform:: Platform Path C:/Users/jkali/ece385/lab6/lab62/lab62_sdk/mb_usb_hdmi_top/tempdsa/mb_usb_hdmi_top.xsa
TRACE::2024-10-21.19:08:13::SCWPlatform:: Unique name xilinx:::0.0
TRACE::2024-10-21.19:08:13::SCWPlatform::Found the Hw Db part of the input DSA
TRACE::2024-10-21.19:08:13::SCWMssOS::Doing hw sync for the mss in domain: standalone_microblaze_0
TRACE::2024-10-21.19:08:13::SCWPlatform::Trying to open the hw design at C:/Users/jkali/ece385/lab6/lab62/lab62_sdk/mb_usb_hdmi_top/hw/mb_usb_hdmi_top.xsa
TRACE::2024-10-21.19:08:13::SCWPlatform::DSA given C:/Users/jkali/ece385/lab6/lab62/lab62_sdk/mb_usb_hdmi_top/hw/mb_usb_hdmi_top.xsa
TRACE::2024-10-21.19:08:13::SCWPlatform::DSA absoulate path C:/Users/jkali/ece385/lab6/lab62/lab62_sdk/mb_usb_hdmi_top/hw/mb_usb_hdmi_top.xsa
TRACE::2024-10-21.19:08:13::SCWPlatform::DSA directory C:/Users/jkali/ece385/lab6/lab62/lab62_sdk/mb_usb_hdmi_top/hw
TRACE::2024-10-21.19:08:13::SCWPlatform:: Platform Path C:/Users/jkali/ece385/lab6/lab62/lab62_sdk/mb_usb_hdmi_top/hw/mb_usb_hdmi_top.xsa
TRACE::2024-10-21.19:08:13::SCWPlatform:: Unique name xilinx:::0.0
TRACE::2024-10-21.19:08:13::SCWPlatform::Trying to set the existing hwdb with name mb_usb_hdmi_top_8
TRACE::2024-10-21.19:08:13::SCWPlatform::Opened existing hwdb mb_usb_hdmi_top_8
TRACE::2024-10-21.19:08:13::SCWPlatform::Found the Hw Db part of the input DSA
TRACE::2024-10-21.19:08:13::SCWPlatform::Trying to open the hw design at C:/Users/jkali/ece385/lab6/lab62/lab62_sdk/mb_usb_hdmi_top/hw/mb_usb_hdmi_top.xsa
TRACE::2024-10-21.19:08:13::SCWPlatform::DSA given C:/Users/jkali/ece385/lab6/lab62/lab62_sdk/mb_usb_hdmi_top/hw/mb_usb_hdmi_top.xsa
TRACE::2024-10-21.19:08:13::SCWPlatform::DSA absoulate path C:/Users/jkali/ece385/lab6/lab62/lab62_sdk/mb_usb_hdmi_top/hw/mb_usb_hdmi_top.xsa
TRACE::2024-10-21.19:08:13::SCWPlatform::DSA directory C:/Users/jkali/ece385/lab6/lab62/lab62_sdk/mb_usb_hdmi_top/hw
TRACE::2024-10-21.19:08:13::SCWPlatform:: Platform Path C:/Users/jkali/ece385/lab6/lab62/lab62_sdk/mb_usb_hdmi_top/hw/mb_usb_hdmi_top.xsa
TRACE::2024-10-21.19:08:13::SCWPlatform:: Unique name xilinx:::0.0
TRACE::2024-10-21.19:08:13::SCWPlatform::Trying to set the existing hwdb with name mb_usb_hdmi_top_8
TRACE::2024-10-21.19:08:13::SCWPlatform::Opened existing hwdb mb_usb_hdmi_top_8
TRACE::2024-10-21.19:08:13::SCWPlatform::Found the Hw Db part of the input DSA
TRACE::2024-10-21.19:08:13::SCWMssOS::Checking the sw design at  C:/Users/jkali/ece385/lab6/lab62/lab62_sdk/mb_usb_hdmi_top/microblaze_0/standalone_microblaze_0/bsp/system.mss
TRACE::2024-10-21.19:08:13::SCWMssOS::DEBUG:  swdes dump  C:/Users/jkali/ece385/lab6/lab62/lab62_sdk/mb_usb_hdmi_top/microblaze_0/standalone_microblaze_0/bsp/system.mss|system||

TRACE::2024-10-21.19:08:13::SCWMssOS::Sw design exists and opened at  C:/Users/jkali/ece385/lab6/lab62/lab62_sdk/mb_usb_hdmi_top/microblaze_0/standalone_microblaze_0/bsp/system.mss
TRACE::2024-10-21.19:08:13::SCWPlatform::Trying to open the hw design at C:/Users/jkali/ece385/lab6/lab62/lab62_sdk/mb_usb_hdmi_top/tempdsa/mb_usb_hdmi_top.xsa
TRACE::2024-10-21.19:08:13::SCWPlatform::DSA given C:/Users/jkali/ece385/lab6/lab62/lab62_sdk/mb_usb_hdmi_top/tempdsa/mb_usb_hdmi_top.xsa
TRACE::2024-10-21.19:08:13::SCWPlatform::DSA absoulate path C:/Users/jkali/ece385/lab6/lab62/lab62_sdk/mb_usb_hdmi_top/tempdsa/mb_usb_hdmi_top.xsa
TRACE::2024-10-21.19:08:13::SCWPlatform::DSA directory C:/Users/jkali/ece385/lab6/lab62/lab62_sdk/mb_usb_hdmi_top/tempdsa
TRACE::2024-10-21.19:08:13::SCWPlatform:: Platform Path C:/Users/jkali/ece385/lab6/lab62/lab62_sdk/mb_usb_hdmi_top/tempdsa/mb_usb_hdmi_top.xsa
TRACE::2024-10-21.19:08:13::SCWPlatform:: Unique name xilinx:::0.0
TRACE::2024-10-21.19:08:13::SCWPlatform::update - Opened existing hwdb mb_usb_hdmi_top_9
TRACE::2024-10-21.19:08:13::SCWPlatform::Found the Hw Db part of the input DSA
TRACE::2024-10-21.19:08:13::SCWMssOS::Saving the mss changes C:/Users/jkali/ece385/lab6/lab62/lab62_sdk/mb_usb_hdmi_top/microblaze_0/standalone_microblaze_0/bsp/system.mss
TRACE::2024-10-21.19:08:13::SCWMssOS::Found a swdesign opened with the mssfile.
TRACE::2024-10-21.19:08:13::SCWMssOS::Completed writemss as part of save.
TRACE::2024-10-21.19:08:13::SCWMssOS::Commit changes completed.
TRACE::2024-10-21.19:08:13::SCWMssOS::Completed hw sync for the mss in domain: standalone_microblaze_0
TRACE::2024-10-21.19:08:13::SCWMssOS::Removing the swdes entry for  C:/Users/jkali/ece385/lab6/lab62/lab62_sdk/mb_usb_hdmi_top/microblaze_0/standalone_microblaze_0/bsp/system.mss
TRACE::2024-10-21.19:08:13::SCWPlatform::Trying to open the hw design at C:/Users/jkali/ece385/lab6/lab62/lab62_sdk/mb_usb_hdmi_top/hw/mb_usb_hdmi_top.xsa
TRACE::2024-10-21.19:08:13::SCWPlatform::DSA given C:/Users/jkali/ece385/lab6/lab62/lab62_sdk/mb_usb_hdmi_top/hw/mb_usb_hdmi_top.xsa
TRACE::2024-10-21.19:08:13::SCWPlatform::DSA absoulate path C:/Users/jkali/ece385/lab6/lab62/lab62_sdk/mb_usb_hdmi_top/hw/mb_usb_hdmi_top.xsa
TRACE::2024-10-21.19:08:13::SCWPlatform::DSA directory C:/Users/jkali/ece385/lab6/lab62/lab62_sdk/mb_usb_hdmi_top/hw
TRACE::2024-10-21.19:08:13::SCWPlatform:: Platform Path C:/Users/jkali/ece385/lab6/lab62/lab62_sdk/mb_usb_hdmi_top/hw/mb_usb_hdmi_top.xsa
TRACE::2024-10-21.19:08:13::SCWPlatform:: Unique name xilinx:::0.0
TRACE::2024-10-21.19:08:13::SCWPlatform::Do not have an existing db opened. 
TRACE::2024-10-21.19:08:14::SCWPlatform::Opened new HwDB with name mb_usb_hdmi_top_10
TRACE::2024-10-21.19:08:14::SCWMssOS::Saving the mss changes C:/Users/jkali/ece385/lab6/lab62/lab62_sdk/mb_usb_hdmi_top/microblaze_0/standalone_microblaze_0/bsp/system.mss
TRACE::2024-10-21.19:08:14::SCWMssOS::Adding the swdes entry, mss present, able to open swdb C:/Users/jkali/ece385/lab6/lab62/lab62_sdk/mb_usb_hdmi_top/microblaze_0/standalone_microblaze_0/bsp/system.mss with des name system
TRACE::2024-10-21.19:08:14::SCWMssOS::Writing the mss file completed C:/Users/jkali/ece385/lab6/lab62/lab62_sdk/mb_usb_hdmi_top/microblaze_0/standalone_microblaze_0/bsp/system.mss
TRACE::2024-10-21.19:08:14::SCWMssOS::Commit changes completed.
TRACE::2024-10-21.19:08:14::SCWPlatform::Trying to open the hw design at C:/Users/jkali/ece385/lab6/lab62/lab62_sdk/mb_usb_hdmi_top/hw/mb_usb_hdmi_top.xsa
TRACE::2024-10-21.19:08:14::SCWPlatform::DSA given C:/Users/jkali/ece385/lab6/lab62/lab62_sdk/mb_usb_hdmi_top/hw/mb_usb_hdmi_top.xsa
TRACE::2024-10-21.19:08:14::SCWPlatform::DSA absoulate path C:/Users/jkali/ece385/lab6/lab62/lab62_sdk/mb_usb_hdmi_top/hw/mb_usb_hdmi_top.xsa
TRACE::2024-10-21.19:08:14::SCWPlatform::DSA directory C:/Users/jkali/ece385/lab6/lab62/lab62_sdk/mb_usb_hdmi_top/hw
TRACE::2024-10-21.19:08:14::SCWPlatform:: Platform Path C:/Users/jkali/ece385/lab6/lab62/lab62_sdk/mb_usb_hdmi_top/hw/mb_usb_hdmi_top.xsa
TRACE::2024-10-21.19:08:14::SCWPlatform:: Unique name xilinx:::0.0
TRACE::2024-10-21.19:08:14::SCWPlatform::Trying to set the existing hwdb with name mb_usb_hdmi_top_10
TRACE::2024-10-21.19:08:14::SCWPlatform::Opened existing hwdb mb_usb_hdmi_top_10
TRACE::2024-10-21.19:08:14::SCWPlatform::Found the Hw Db part of the input DSA
TRACE::2024-10-21.19:08:14::SCWMssOS::Checking the sw design at  C:/Users/jkali/ece385/lab6/lab62/lab62_sdk/mb_usb_hdmi_top/microblaze_0/standalone_microblaze_0/bsp/system.mss
TRACE::2024-10-21.19:08:14::SCWMssOS::DEBUG:  swdes dump  C:/Users/jkali/ece385/lab6/lab62/lab62_sdk/mb_usb_hdmi_top/microblaze_0/standalone_microblaze_0/bsp/system.mss|system||

TRACE::2024-10-21.19:08:14::SCWMssOS::Sw design exists and opened at  C:/Users/jkali/ece385/lab6/lab62/lab62_sdk/mb_usb_hdmi_top/microblaze_0/standalone_microblaze_0/bsp/system.mss
TRACE::2024-10-21.19:08:14::SCWWriter::formatted JSON is {
	"platformName":	"mb_usb_hdmi_top",
	"sprVersion":	"2.0",
	"mode":	"gui",
	"dsaType":	"Fixed",
	"platformDesc":	"mb_usb_hdmi_top",
	"platHandOff":	"C:/Users/jkali/ece385/lab6/lab62/mb_usb_hdmi_top.xsa",
	"platIntHandOff":	"<platformDir>/hw/mb_usb_hdmi_top.xsa",
	"deviceType":	"FPGA",
	"platIsPrebuiltAutogen":	"false",
	"platIsNoBootBsp":	"false",
	"hasFsblMakeHasChanges":	"false",
	"hasPmufwMakeHasChanges":	"false",
	"platPreBuiltFlag":	false,
	"platformSamplesDir":	"",
	"platActiveSys":	"mb_usb_hdmi_top",
	"systems":	[{
			"systemName":	"mb_usb_hdmi_top",
			"systemDesc":	"mb_usb_hdmi_top",
			"sysIsBootAutoGen":	"true",
			"systemDispName":	"mb_usb_hdmi_top",
			"sysActiveDom":	"standalone_microblaze_0",
			"sysDefaultDom":	"standalone_microblaze_0",
			"domains":	[{
					"domainName":	"standalone_microblaze_0",
					"domainDispName":	"standalone_microblaze_0",
					"domainDesc":	"standalone_microblaze_0",
					"processors":	"microblaze_0",
					"os":	"standalone",
					"sdxOs":	"standalone",
					"debugEnable":	"False",
					"domRuntimes":	["cpp"],
					"swRepo":	"",
					"mssOsVer":	"8.0",
					"mssFile":	"",
					"md5Digest":	"304529987e879521ca977c68d163f3621",
					"compatibleApp":	"",
					"domType":	"mssDomain",
					"arch":	"32-bit",
					"appSettings":	{
						"appCompilerFlags":	"",
						"appLinkerFlags":	""
					},
					"addedLibs":	[],
					"libOptions":	{
						"libsContainingOptions":	[]
					},
					"prebuiltLibs":	{
						"prebuiltIncPath":	[],
						"prebuiltLibPath":	[]
					},
					"isolation":	{
					}
				}]
		}]
}
TRACE::2024-10-21.19:08:24::SCWMssOS::cleaning the bsp 
TRACE::2024-10-21.19:08:24::SCWMssOS::System Command Ran  C: & cd  C:/Users/jkali/ece385/lab6/lab62/lab62_sdk/mb_usb_hdmi_top/microblaze_0/standalone_microblaze_0/bsp & make clean 
TRACE::2024-10-21.19:08:24::SCWMssOS::make -C microblaze_0/libsrc/bram_v4_8/src -s clean 

TRACE::2024-10-21.19:08:24::SCWMssOS::make -C microblaze_0/libsrc/cpu_v2_16/src -s clean 

TRACE::2024-10-21.19:08:24::SCWMssOS::make -C microblaze_0/libsrc/gpio_v4_9/src -s clean 

TRACE::2024-10-21.19:08:24::SCWMssOS::make -C microblaze_0/libsrc/intc_v3_15/src -s clean 

TRACE::2024-10-21.19:08:24::SCWMssOS::make -C microblaze_0/libsrc/spi_v4_9/src -s clean 

TRACE::2024-10-21.19:08:24::SCWMssOS::make -C microblaze_0/libsrc/standalone_v8_0/src -s clean 

TRACE::2024-10-21.19:08:25::SCWMssOS::make -C microblaze_0/libsrc/tmrctr_v4_9/src -s clean 

TRACE::2024-10-21.19:08:25::SCWMssOS::make -C microblaze_0/libsrc/uartlite_v3_7/src -s clean 

TRACE::2024-10-21.19:08:25::SCWMssOS::rm -f microblaze_0/lib/libxil.a

LOG::2024-10-21.19:08:27::SCWPlatform::Started generating the artifacts platform mb_usb_hdmi_top
TRACE::2024-10-21.19:08:27::SCWPlatform::Sanity checking of platform is completed
LOG::2024-10-21.19:08:27::SCWPlatform::Started generating the artifacts for system configuration mb_usb_hdmi_top
LOG::2024-10-21.19:08:27::SCWSystem::Checking the domain standalone_microblaze_0
LOG::2024-10-21.19:08:27::SCWSystem::Not a boot domain 
LOG::2024-10-21.19:08:27::SCWSystem::Started Processing the domain standalone_microblaze_0
TRACE::2024-10-21.19:08:27::SCWDomain::Generating domain artifcats
TRACE::2024-10-21.19:08:27::SCWMssOS::Generating standalone artifcats
TRACE::2024-10-21.19:08:27::SCWMssOS:: Copying the user libraries. 
TRACE::2024-10-21.19:08:27::SCWPlatform::Trying to open the hw design at C:/Users/jkali/ece385/lab6/lab62/lab62_sdk/mb_usb_hdmi_top/hw/mb_usb_hdmi_top.xsa
TRACE::2024-10-21.19:08:27::SCWPlatform::DSA given C:/Users/jkali/ece385/lab6/lab62/lab62_sdk/mb_usb_hdmi_top/hw/mb_usb_hdmi_top.xsa
TRACE::2024-10-21.19:08:27::SCWPlatform::DSA absoulate path C:/Users/jkali/ece385/lab6/lab62/lab62_sdk/mb_usb_hdmi_top/hw/mb_usb_hdmi_top.xsa
TRACE::2024-10-21.19:08:27::SCWPlatform::DSA directory C:/Users/jkali/ece385/lab6/lab62/lab62_sdk/mb_usb_hdmi_top/hw
TRACE::2024-10-21.19:08:27::SCWPlatform:: Platform Path C:/Users/jkali/ece385/lab6/lab62/lab62_sdk/mb_usb_hdmi_top/hw/mb_usb_hdmi_top.xsa
TRACE::2024-10-21.19:08:27::SCWPlatform:: Unique name xilinx:::0.0
TRACE::2024-10-21.19:08:27::SCWPlatform::Trying to set the existing hwdb with name mb_usb_hdmi_top_10
TRACE::2024-10-21.19:08:27::SCWPlatform::Opened existing hwdb mb_usb_hdmi_top_10
TRACE::2024-10-21.19:08:27::SCWPlatform::Found the Hw Db part of the input DSA
TRACE::2024-10-21.19:08:27::SCWMssOS::Checking the sw design at  C:/Users/jkali/ece385/lab6/lab62/lab62_sdk/mb_usb_hdmi_top/microblaze_0/standalone_microblaze_0/bsp/system.mss
TRACE::2024-10-21.19:08:27::SCWMssOS::DEBUG:  swdes dump  C:/Users/jkali/ece385/lab6/lab62/lab62_sdk/mb_usb_hdmi_top/microblaze_0/standalone_microblaze_0/bsp/system.mss|system||

TRACE::2024-10-21.19:08:27::SCWMssOS::Sw design exists and opened at  C:/Users/jkali/ece385/lab6/lab62/lab62_sdk/mb_usb_hdmi_top/microblaze_0/standalone_microblaze_0/bsp/system.mss
TRACE::2024-10-21.19:08:27::SCWMssOS::Completed writing the mss file at C:/Users/jkali/ece385/lab6/lab62/lab62_sdk/mb_usb_hdmi_top/microblaze_0/standalone_microblaze_0/bsp
TRACE::2024-10-21.19:08:27::SCWMssOS::Mss edits present, copying mssfile into export location C:/Users/jkali/ece385/lab6/lab62/lab62_sdk/mb_usb_hdmi_top/microblaze_0/standalone_microblaze_0/bsp/system.mss
TRACE::2024-10-21.19:08:27::SCWMssOS::bsp generated is stale removing and regenerating. 
TRACE::2024-10-21.19:08:28::SCWMssOS::doing bsp build ... 
TRACE::2024-10-21.19:08:28::SCWMssOS::System Command Ran  C: & cd  C:/Users/jkali/ece385/lab6/lab62/lab62_sdk/mb_usb_hdmi_top/microblaze_0/standalone_microblaze_0/bsp & make 
TRACE::2024-10-21.19:08:28::SCWMssOS::make --no-print-directory seq_libs

TRACE::2024-10-21.19:08:28::SCWMssOS::'Finished building libraries sequentially.'

TRACE::2024-10-21.19:08:28::SCWMssOS::make -j 18 --no-print-directory par_libs

TRACE::2024-10-21.19:08:28::SCWMssOS::"Running Make include in microblaze_0/libsrc/bram_v4_8/src"

TRACE::2024-10-21.19:08:28::SCWMssOS::make -C microblaze_0/libsrc/bram_v4_8/src -s include  "SHELL=CMD" "COMPILER=mb-gcc" "ASSEMBLER=mb-as" "ARCHIVER=mb-ar" "COMPILE
TRACE::2024-10-21.19:08:28::SCWMssOS::R_FLAGS=  -O2 -c -mcpu=v11.0 -mlittle-endian -mno-xl-reorder -mno-xl-soft-mul -mxl-barrel-shift -mxl-pattern-compare" "EXTRA_CO
TRACE::2024-10-21.19:08:28::SCWMssOS::MPILER_FLAGS=-g -ffunction-sections -fdata-sections -Wall -Wextra -fno-tree-loop-distribute-patterns"

TRACE::2024-10-21.19:08:28::SCWMssOS::"Running Make include in microblaze_0/libsrc/cpu_v2_16/src"

TRACE::2024-10-21.19:08:28::SCWMssOS::make -C microblaze_0/libsrc/cpu_v2_16/src -s include  "SHELL=CMD" "COMPILER=mb-gcc" "ASSEMBLER=mb-as" "ARCHIVER=mb-ar" "COMPILE
TRACE::2024-10-21.19:08:28::SCWMssOS::R_FLAGS=  -O2 -c -mcpu=v11.0 -mlittle-endian -mno-xl-reorder -mno-xl-soft-mul -mxl-barrel-shift -mxl-pattern-compare" "EXTRA_CO
TRACE::2024-10-21.19:08:28::SCWMssOS::MPILER_FLAGS=-g -ffunction-sections -fdata-sections -Wall -Wextra -fno-tree-loop-distribute-patterns"

TRACE::2024-10-21.19:08:28::SCWMssOS::"Running Make include in microblaze_0/libsrc/gpio_v4_9/src"

TRACE::2024-10-21.19:08:28::SCWMssOS::make -C microblaze_0/libsrc/gpio_v4_9/src -s include  "SHELL=CMD" "COMPILER=mb-gcc" "ASSEMBLER=mb-as" "ARCHIVER=mb-ar" "COMPILE
TRACE::2024-10-21.19:08:28::SCWMssOS::R_FLAGS=  -O2 -c -mcpu=v11.0 -mlittle-endian -mno-xl-reorder -mno-xl-soft-mul -mxl-barrel-shift -mxl-pattern-compare" "EXTRA_CO
TRACE::2024-10-21.19:08:28::SCWMssOS::MPILER_FLAGS=-g -ffunction-sections -fdata-sections -Wall -Wextra -fno-tree-loop-distribute-patterns"

TRACE::2024-10-21.19:08:28::SCWMssOS::"Running Make include in microblaze_0/libsrc/intc_v3_15/src"

TRACE::2024-10-21.19:08:28::SCWMssOS::make -C microblaze_0/libsrc/intc_v3_15/src -s include  "SHELL=CMD" "COMPILER=mb-gcc" "ASSEMBLER=mb-as" "ARCHIVER=mb-ar" "COMPIL
TRACE::2024-10-21.19:08:28::SCWMssOS::ER_FLAGS=  -O2 -c -mcpu=v11.0 -mlittle-endian -mno-xl-reorder -mno-xl-soft-mul -mxl-barrel-shift -mxl-pattern-compare" "EXTRA_C
TRACE::2024-10-21.19:08:28::SCWMssOS::OMPILER_FLAGS=-g -ffunction-sections -fdata-sections -Wall -Wextra -fno-tree-loop-distribute-patterns"

TRACE::2024-10-21.19:08:28::SCWMssOS::"Running Make include in microblaze_0/libsrc/spi_v4_9/src"

TRACE::2024-10-21.19:08:28::SCWMssOS::make -C microblaze_0/libsrc/spi_v4_9/src -s include  "SHELL=CMD" "COMPILER=mb-gcc" "ASSEMBLER=mb-as" "ARCHIVER=mb-ar" "COMPILER
TRACE::2024-10-21.19:08:28::SCWMssOS::_FLAGS=  -O2 -c -mcpu=v11.0 -mlittle-endian -mno-xl-reorder -mno-xl-soft-mul -mxl-barrel-shift -mxl-pattern-compare" "EXTRA_COM
TRACE::2024-10-21.19:08:28::SCWMssOS::PILER_FLAGS=-g -ffunction-sections -fdata-sections -Wall -Wextra -fno-tree-loop-distribute-patterns"

TRACE::2024-10-21.19:08:28::SCWMssOS::"Running Make include in microblaze_0/libsrc/standalone_v8_0/src"

TRACE::2024-10-21.19:08:28::SCWMssOS::make -C microblaze_0/libsrc/standalone_v8_0/src -s include  "SHELL=CMD" "COMPILER=mb-gcc" "ASSEMBLER=mb-as" "ARCHIVER=mb-ar" "C
TRACE::2024-10-21.19:08:28::SCWMssOS::OMPILER_FLAGS=  -O2 -c -mcpu=v11.0 -mlittle-endian -mno-xl-reorder -mno-xl-soft-mul -mxl-barrel-shift -mxl-pattern-compare" "EX
TRACE::2024-10-21.19:08:28::SCWMssOS::TRA_COMPILER_FLAGS=-g -ffunction-sections -fdata-sections -Wall -Wextra -fno-tree-loop-distribute-patterns"

TRACE::2024-10-21.19:08:28::SCWMssOS::"Running Make include in microblaze_0/libsrc/tmrctr_v4_9/src"

TRACE::2024-10-21.19:08:28::SCWMssOS::make -C microblaze_0/libsrc/tmrctr_v4_9/src -s include  "SHELL=CMD" "COMPILER=mb-gcc" "ASSEMBLER=mb-as" "ARCHIVER=mb-ar" "COMPI
TRACE::2024-10-21.19:08:28::SCWMssOS::LER_FLAGS=  -O2 -c -mcpu=v11.0 -mlittle-endian -mno-xl-reorder -mno-xl-soft-mul -mxl-barrel-shift -mxl-pattern-compare" "EXTRA_
TRACE::2024-10-21.19:08:28::SCWMssOS::COMPILER_FLAGS=-g -ffunction-sections -fdata-sections -Wall -Wextra -fno-tree-loop-distribute-patterns"

TRACE::2024-10-21.19:08:28::SCWMssOS::"Running Make include in microblaze_0/libsrc/uartlite_v3_7/src"

TRACE::2024-10-21.19:08:28::SCWMssOS::make -C microblaze_0/libsrc/uartlite_v3_7/src -s include  "SHELL=CMD" "COMPILER=mb-gcc" "ASSEMBLER=mb-as" "ARCHIVER=mb-ar" "COM
TRACE::2024-10-21.19:08:28::SCWMssOS::PILER_FLAGS=  -O2 -c -mcpu=v11.0 -mlittle-endian -mno-xl-reorder -mno-xl-soft-mul -mxl-barrel-shift -mxl-pattern-compare" "EXTR
TRACE::2024-10-21.19:08:28::SCWMssOS::A_COMPILER_FLAGS=-g -ffunction-sections -fdata-sections -Wall -Wextra -fno-tree-loop-distribute-patterns"

TRACE::2024-10-21.19:08:29::SCWMssOS::"Running Make libs in microblaze_0/libsrc/bram_v4_8/src"

TRACE::2024-10-21.19:08:29::SCWMssOS::make -C microblaze_0/libsrc/bram_v4_8/src -s libs  "SHELL=CMD" "COMPILER=mb-gcc" "ASSEMBLER=mb-as" "ARCHIVER=mb-ar" "COMPILER_F
TRACE::2024-10-21.19:08:29::SCWMssOS::LAGS=  -O2 -c -mcpu=v11.0 -mlittle-endian -mno-xl-reorder -mno-xl-soft-mul -mxl-barrel-shift -mxl-pattern-compare" "EXTRA_COMPI
TRACE::2024-10-21.19:08:29::SCWMssOS::LER_FLAGS=-g -ffunction-sections -fdata-sections -Wall -Wextra -fno-tree-loop-distribute-patterns"

TRACE::2024-10-21.19:08:29::SCWMssOS::"Running Make libs in microblaze_0/libsrc/cpu_v2_16/src"

TRACE::2024-10-21.19:08:29::SCWMssOS::make -C microblaze_0/libsrc/cpu_v2_16/src -s libs  "SHELL=CMD" "COMPILER=mb-gcc" "ASSEMBLER=mb-as" "ARCHIVER=mb-ar" "COMPILER_F
TRACE::2024-10-21.19:08:29::SCWMssOS::LAGS=  -O2 -c -mcpu=v11.0 -mlittle-endian -mno-xl-reorder -mno-xl-soft-mul -mxl-barrel-shift -mxl-pattern-compare" "EXTRA_COMPI
TRACE::2024-10-21.19:08:29::SCWMssOS::LER_FLAGS=-g -ffunction-sections -fdata-sections -Wall -Wextra -fno-tree-loop-distribute-patterns"

TRACE::2024-10-21.19:08:29::SCWMssOS::"Running Make libs in microblaze_0/libsrc/gpio_v4_9/src"

TRACE::2024-10-21.19:08:29::SCWMssOS::make -C microblaze_0/libsrc/gpio_v4_9/src -s libs  "SHELL=CMD" "COMPILER=mb-gcc" "ASSEMBLER=mb-as" "ARCHIVER=mb-ar" "COMPILER_F
TRACE::2024-10-21.19:08:29::SCWMssOS::LAGS=  -O2 -c -mcpu=v11.0 -mlittle-endian -mno-xl-reorder -mno-xl-soft-mul -mxl-barrel-shift -mxl-pattern-compare" "EXTRA_COMPI
TRACE::2024-10-21.19:08:29::SCWMssOS::LER_FLAGS=-g -ffunction-sections -fdata-sections -Wall -Wextra -fno-tree-loop-distribute-patterns"

TRACE::2024-10-21.19:08:29::SCWMssOS::"Running Make libs in microblaze_0/libsrc/intc_v3_15/src"

TRACE::2024-10-21.19:08:29::SCWMssOS::make -C microblaze_0/libsrc/intc_v3_15/src -s libs  "SHELL=CMD" "COMPILER=mb-gcc" "ASSEMBLER=mb-as" "ARCHIVER=mb-ar" "COMPILER_
TRACE::2024-10-21.19:08:29::SCWMssOS::FLAGS=  -O2 -c -mcpu=v11.0 -mlittle-endian -mno-xl-reorder -mno-xl-soft-mul -mxl-barrel-shift -mxl-pattern-compare" "EXTRA_COMP
TRACE::2024-10-21.19:08:29::SCWMssOS::ILER_FLAGS=-g -ffunction-sections -fdata-sections -Wall -Wextra -fno-tree-loop-distribute-patterns"

TRACE::2024-10-21.19:08:29::SCWMssOS::"Running Make libs in microblaze_0/libsrc/spi_v4_9/src"

TRACE::2024-10-21.19:08:29::SCWMssOS::make -C microblaze_0/libsrc/spi_v4_9/src -s libs  "SHELL=CMD" "COMPILER=mb-gcc" "ASSEMBLER=mb-as" "ARCHIVER=mb-ar" "COMPILER_FL
TRACE::2024-10-21.19:08:29::SCWMssOS::AGS=  -O2 -c -mcpu=v11.0 -mlittle-endian -mno-xl-reorder -mno-xl-soft-mul -mxl-barrel-shift -mxl-pattern-compare" "EXTRA_COMPIL
TRACE::2024-10-21.19:08:29::SCWMssOS::ER_FLAGS=-g -ffunction-sections -fdata-sections -Wall -Wextra -fno-tree-loop-distribute-patterns"

TRACE::2024-10-21.19:08:29::SCWMssOS::"Running Make libs in microblaze_0/libsrc/standalone_v8_0/src"

TRACE::2024-10-21.19:08:29::SCWMssOS::make -C microblaze_0/libsrc/standalone_v8_0/src -s libs  "SHELL=CMD" "COMPILER=mb-gcc" "ASSEMBLER=mb-as" "ARCHIVER=mb-ar" "COMP
TRACE::2024-10-21.19:08:29::SCWMssOS::ILER_FLAGS=  -O2 -c -mcpu=v11.0 -mlittle-endian -mno-xl-reorder -mno-xl-soft-mul -mxl-barrel-shift -mxl-pattern-compare" "EXTRA
TRACE::2024-10-21.19:08:29::SCWMssOS::_COMPILER_FLAGS=-g -ffunction-sections -fdata-sections -Wall -Wextra -fno-tree-loop-distribute-patterns"

TRACE::2024-10-21.19:08:29::SCWMssOS::"Running Make libs in microblaze_0/libsrc/tmrctr_v4_9/src"

TRACE::2024-10-21.19:08:29::SCWMssOS::make -C microblaze_0/libsrc/tmrctr_v4_9/src -s libs  "SHELL=CMD" "COMPILER=mb-gcc" "ASSEMBLER=mb-as" "ARCHIVER=mb-ar" "COMPILER
TRACE::2024-10-21.19:08:29::SCWMssOS::_FLAGS=  -O2 -c -mcpu=v11.0 -mlittle-endian -mno-xl-reorder -mno-xl-soft-mul -mxl-barrel-shift -mxl-pattern-compare" "EXTRA_COM
TRACE::2024-10-21.19:08:29::SCWMssOS::PILER_FLAGS=-g -ffunction-sections -fdata-sections -Wall -Wextra -fno-tree-loop-distribute-patterns"

TRACE::2024-10-21.19:08:29::SCWMssOS::"Running Make libs in microblaze_0/libsrc/uartlite_v3_7/src"

TRACE::2024-10-21.19:08:29::SCWMssOS::make -C microblaze_0/libsrc/uartlite_v3_7/src -s libs  "SHELL=CMD" "COMPILER=mb-gcc" "ASSEMBLER=mb-as" "ARCHIVER=mb-ar" "COMPIL
TRACE::2024-10-21.19:08:29::SCWMssOS::ER_FLAGS=  -O2 -c -mcpu=v11.0 -mlittle-endian -mno-xl-reorder -mno-xl-soft-mul -mxl-barrel-shift -mxl-pattern-compare" "EXTRA_C
TRACE::2024-10-21.19:08:29::SCWMssOS::OMPILER_FLAGS=-g -ffunction-sections -fdata-sections -Wall -Wextra -fno-tree-loop-distribute-patterns"

TRACE::2024-10-21.19:08:30::SCWMssOS::"DEBUG NON_LTO_OBJECTS is ../../../lib/microblaze_interrupt_handler.o"

TRACE::2024-10-21.19:08:30::SCWMssOS::'Finished building libraries parallelly.'

TRACE::2024-10-21.19:08:30::SCWMssOS::make --no-print-directory archive

TRACE::2024-10-21.19:08:30::SCWMssOS::mb-ar -r  microblaze_0/lib/libxil.a microblaze_0/lib/_exit.o microblaze_0/lib/errno.o microblaze_0/lib/fcntl.o microblaze_0/lib
TRACE::2024-10-21.19:08:30::SCWMssOS::/hw_exception_handler.o microblaze_0/lib/inbyte.o microblaze_0/lib/microblaze_disable_dcache.o microblaze_0/lib/microblaze_disa
TRACE::2024-10-21.19:08:30::SCWMssOS::ble_exceptions.o microblaze_0/lib/microblaze_disable_icache.o microblaze_0/lib/microblaze_disable_interrupts.o microblaze_0/lib
TRACE::2024-10-21.19:08:30::SCWMssOS::/microblaze_enable_dcache.o microblaze_0/lib/microblaze_enable_exceptions.o microblaze_0/lib/microblaze_enable_icache.o microbl
TRACE::2024-10-21.19:08:30::SCWMssOS::aze_0/lib/microblaze_enable_interrupts.o microblaze_0/lib/microblaze_exception_handler.o microblaze_0/lib/microblaze_flush_cach
TRACE::2024-10-21.19:08:30::SCWMssOS::e_ext.o microblaze_0/lib/microblaze_flush_cache_ext_range.o microblaze_0/lib/microblaze_flush_dcache.o microblaze_0/lib/microbl
TRACE::2024-10-21.19:08:30::SCWMssOS::aze_flush_dcache_range.o microblaze_0/lib/microblaze_init_dcache_range.o microblaze_0/lib/microblaze_init_icache_range.o microb
TRACE::2024-10-21.19:08:30::SCWMssOS::laze_0/lib/microblaze_interrupt_handler.o microblaze_0/lib/microblaze_interrupts_g.o microblaze_0/lib/microblaze_invalidate_cac
TRACE::2024-10-21.19:08:30::SCWMssOS::he_ext.o microblaze_0/lib/microblaze_invalidate_cache_ext_range.o microblaze_0/lib/microblaze_invalidate_dcache.o microblaze_0/
TRACE::2024-10-21.19:08:30::SCWMssOS::lib/microblaze_invalidate_dcache_range.o microblaze_0/lib/microblaze_invalidate_icache.o microblaze_0/lib/microblaze_invalidate
TRACE::2024-10-21.19:08:30::SCWMssOS::_icache_range.o microblaze_0/lib/microblaze_scrub.o microblaze_0/lib/microblaze_selftest.o microblaze_0/lib/microblaze_sleep.o 
TRACE::2024-10-21.19:08:30::SCWMssOS::microblaze_0/lib/microblaze_update_dcache.o microblaze_0/lib/microblaze_update_icache.o microblaze_0/lib/outbyte.o microblaze_0
TRACE::2024-10-21.19:08:30::SCWMssOS::/lib/print.o microblaze_0/lib/pvr.o microblaze_0/lib/xbram.o microblaze_0/lib/xbram_g.o microblaze_0/lib/xbram_intr.o microblaz
TRACE::2024-10-21.19:08:30::SCWMssOS::e_0/lib/xbram_selftest.o microblaze_0/lib/xbram_sinit.o microblaze_0/lib/xgpio.o microblaze_0/lib/xgpio_extra.o microblaze_0/li
TRACE::2024-10-21.19:08:30::SCWMssOS::b/xgpio_g.o microblaze_0/lib/xgpio_intr.o microblaze_0/lib/xgpio_selftest.o microblaze_0/lib/xgpio_sinit.o microblaze_0/lib/xil
TRACE::2024-10-21.19:08:30::SCWMssOS::_assert.o microblaze_0/lib/xil_cache.o microblaze_0/lib/xil_clocking.o microblaze_0/lib/xil_exception.o microblaze_0/lib/xil_me
TRACE::2024-10-21.19:08:30::SCWMssOS::m.o microblaze_0/lib/xil_misc_psreset_api.o microblaze_0/lib/xil_printf.o microblaze_0/lib/xil_sleepcommon.o microblaze_0/lib/x
TRACE::2024-10-21.19:08:30::SCWMssOS::il_testcache.o microblaze_0/lib/xil_testio.o microblaze_0/lib/xil_testmem.o microblaze_0/lib/xil_util.o microblaze_0/lib/xintc.
TRACE::2024-10-21.19:08:30::SCWMssOS::o microblaze_0/lib/xintc_g.o microblaze_0/lib/xintc_intr.o microblaze_0/lib/xintc_l.o microblaze_0/lib/xintc_options.o microbla
TRACE::2024-10-21.19:08:30::SCWMssOS::ze_0/lib/xintc_selftest.o microblaze_0/lib/xinterrupt_wrap.o microblaze_0/lib/xio.o microblaze_0/lib/xplatform_info.o microblaz
TRACE::2024-10-21.19:08:30::SCWMssOS::e_0/lib/xspi.o microblaze_0/lib/xspi_g.o microblaze_0/lib/xspi_options.o microblaze_0/lib/xspi_selftest.o microblaze_0/lib/xspi
TRACE::2024-10-21.19:08:30::SCWMssOS::_sinit.o microblaze_0/lib/xspi_stats.o microblaze_0/lib/xtmrctr.o microblaze_0/lib/xtmrctr_g.o microblaze_0/lib/xtmrctr_intr.o 
TRACE::2024-10-21.19:08:30::SCWMssOS::microblaze_0/lib/xtmrctr_l.o microblaze_0/lib/xtmrctr_options.o microblaze_0/lib/xtmrctr_selftest.o microblaze_0/lib/xtmrctr_si
TRACE::2024-10-21.19:08:30::SCWMssOS::nit.o microblaze_0/lib/xtmrctr_stats.o microblaze_0/lib/xuartlite.o microblaze_0/lib/xuartlite_g.o microblaze_0/lib/xuartlite_i
TRACE::2024-10-21.19:08:30::SCWMssOS::ntr.o microblaze_0/lib/xuartlite_l.o microblaze_0/lib/xuartlite_selftest.o microblaze_0/lib/xuartlite_sinit.o microblaze_0/lib/
TRACE::2024-10-21.19:08:30::SCWMssOS::xuartlite_stats.o

TRACE::2024-10-21.19:08:30::SCWMssOS::'Finished building libraries'

TRACE::2024-10-21.19:08:30::SCWMssOS:: Checking if to create the Supporting Applications
TRACE::2024-10-21.19:08:30::SCWMssOS:: No Linux domain exists, trying to generate FSBL 
LOG::2024-10-21.19:08:30::SCWSystem::Completed Processing the domain standalone_microblaze_0
LOG::2024-10-21.19:08:30::SCWSystem::Completed Processing the sysconfig mb_usb_hdmi_top
LOG::2024-10-21.19:08:30::SCWPlatform::Completed generating the artifacts for system configuration mb_usb_hdmi_top
TRACE::2024-10-21.19:08:30::SCWPlatform::Started preparing the platform 
TRACE::2024-10-21.19:08:30::SCWSystem::Writing the bif file for system config mb_usb_hdmi_top
TRACE::2024-10-21.19:08:30::SCWSystem::dir created 
TRACE::2024-10-21.19:08:30::SCWSystem::Writing the bif 
TRACE::2024-10-21.19:08:30::SCWPlatform::Started writing the spfm file 
TRACE::2024-10-21.19:08:30::SCWPlatform::Started writing the xpfm file 
TRACE::2024-10-21.19:08:30::SCWPlatform::Completed generating the platform
TRACE::2024-10-21.19:08:30::SCWMssOS::Saving the mss changes C:/Users/jkali/ece385/lab6/lab62/lab62_sdk/mb_usb_hdmi_top/microblaze_0/standalone_microblaze_0/bsp/system.mss
TRACE::2024-10-21.19:08:30::SCWMssOS::Adding the swdes entry, mss present, able to open swdb C:/Users/jkali/ece385/lab6/lab62/lab62_sdk/mb_usb_hdmi_top/microblaze_0/standalone_microblaze_0/bsp/system.mss with des name system
TRACE::2024-10-21.19:08:30::SCWMssOS::Writing the mss file completed C:/Users/jkali/ece385/lab6/lab62/lab62_sdk/mb_usb_hdmi_top/microblaze_0/standalone_microblaze_0/bsp/system.mss
TRACE::2024-10-21.19:08:30::SCWMssOS::Commit changes completed.
TRACE::2024-10-21.19:08:30::SCWPlatform::Trying to open the hw design at C:/Users/jkali/ece385/lab6/lab62/lab62_sdk/mb_usb_hdmi_top/hw/mb_usb_hdmi_top.xsa
TRACE::2024-10-21.19:08:30::SCWPlatform::DSA given C:/Users/jkali/ece385/lab6/lab62/lab62_sdk/mb_usb_hdmi_top/hw/mb_usb_hdmi_top.xsa
TRACE::2024-10-21.19:08:30::SCWPlatform::DSA absoulate path C:/Users/jkali/ece385/lab6/lab62/lab62_sdk/mb_usb_hdmi_top/hw/mb_usb_hdmi_top.xsa
TRACE::2024-10-21.19:08:30::SCWPlatform::DSA directory C:/Users/jkali/ece385/lab6/lab62/lab62_sdk/mb_usb_hdmi_top/hw
TRACE::2024-10-21.19:08:30::SCWPlatform:: Platform Path C:/Users/jkali/ece385/lab6/lab62/lab62_sdk/mb_usb_hdmi_top/hw/mb_usb_hdmi_top.xsa
TRACE::2024-10-21.19:08:30::SCWPlatform:: Unique name xilinx:::0.0
TRACE::2024-10-21.19:08:30::SCWPlatform::Trying to set the existing hwdb with name mb_usb_hdmi_top_10
TRACE::2024-10-21.19:08:30::SCWPlatform::Opened existing hwdb mb_usb_hdmi_top_10
TRACE::2024-10-21.19:08:30::SCWPlatform::Found the Hw Db part of the input DSA
TRACE::2024-10-21.19:08:30::SCWMssOS::Checking the sw design at  C:/Users/jkali/ece385/lab6/lab62/lab62_sdk/mb_usb_hdmi_top/microblaze_0/standalone_microblaze_0/bsp/system.mss
TRACE::2024-10-21.19:08:30::SCWMssOS::DEBUG:  swdes dump  C:/Users/jkali/ece385/lab6/lab62/lab62_sdk/mb_usb_hdmi_top/microblaze_0/standalone_microblaze_0/bsp/system.mss|system||

TRACE::2024-10-21.19:08:30::SCWMssOS::Sw design exists and opened at  C:/Users/jkali/ece385/lab6/lab62/lab62_sdk/mb_usb_hdmi_top/microblaze_0/standalone_microblaze_0/bsp/system.mss
TRACE::2024-10-21.19:08:30::SCWWriter::formatted JSON is {
	"platformName":	"mb_usb_hdmi_top",
	"sprVersion":	"2.0",
	"mode":	"gui",
	"dsaType":	"Fixed",
	"platformDesc":	"mb_usb_hdmi_top",
	"platHandOff":	"C:/Users/jkali/ece385/lab6/lab62/mb_usb_hdmi_top.xsa",
	"platIntHandOff":	"<platformDir>/hw/mb_usb_hdmi_top.xsa",
	"deviceType":	"FPGA",
	"platIsPrebuiltAutogen":	"false",
	"platIsNoBootBsp":	"false",
	"hasFsblMakeHasChanges":	"false",
	"hasPmufwMakeHasChanges":	"false",
	"platPreBuiltFlag":	false,
	"platformSamplesDir":	"",
	"platActiveSys":	"mb_usb_hdmi_top",
	"systems":	[{
			"systemName":	"mb_usb_hdmi_top",
			"systemDesc":	"mb_usb_hdmi_top",
			"sysIsBootAutoGen":	"true",
			"systemDispName":	"mb_usb_hdmi_top",
			"sysActiveDom":	"standalone_microblaze_0",
			"sysDefaultDom":	"standalone_microblaze_0",
			"domains":	[{
					"domainName":	"standalone_microblaze_0",
					"domainDispName":	"standalone_microblaze_0",
					"domainDesc":	"standalone_microblaze_0",
					"processors":	"microblaze_0",
					"os":	"standalone",
					"sdxOs":	"standalone",
					"debugEnable":	"False",
					"domRuntimes":	["cpp"],
					"swRepo":	"",
					"mssOsVer":	"8.0",
					"mssFile":	"",
					"md5Digest":	"304529987e879521ca977c68d163f362",
					"compatibleApp":	"",
					"domType":	"mssDomain",
					"arch":	"32-bit",
					"appSettings":	{
						"appCompilerFlags":	"",
						"appLinkerFlags":	""
					},
					"addedLibs":	[],
					"libOptions":	{
						"libsContainingOptions":	[]
					},
					"prebuiltLibs":	{
						"prebuiltIncPath":	[],
						"prebuiltLibPath":	[]
					},
					"isolation":	{
					}
				}]
		}]
}
KEYINFO::2024-10-21.19:08:30::SCWPlatform::updated the xpfm file.
TRACE::2024-10-21.19:08:30::SCWPlatform::Trying to open the hw design at C:/Users/jkali/ece385/lab6/lab62/lab62_sdk/mb_usb_hdmi_top/hw/mb_usb_hdmi_top.xsa
TRACE::2024-10-21.19:08:30::SCWPlatform::DSA given C:/Users/jkali/ece385/lab6/lab62/lab62_sdk/mb_usb_hdmi_top/hw/mb_usb_hdmi_top.xsa
TRACE::2024-10-21.19:08:30::SCWPlatform::DSA absoulate path C:/Users/jkali/ece385/lab6/lab62/lab62_sdk/mb_usb_hdmi_top/hw/mb_usb_hdmi_top.xsa
TRACE::2024-10-21.19:08:30::SCWPlatform::DSA directory C:/Users/jkali/ece385/lab6/lab62/lab62_sdk/mb_usb_hdmi_top/hw
TRACE::2024-10-21.19:08:30::SCWPlatform:: Platform Path C:/Users/jkali/ece385/lab6/lab62/lab62_sdk/mb_usb_hdmi_top/hw/mb_usb_hdmi_top.xsa
TRACE::2024-10-21.19:08:30::SCWPlatform:: Unique name xilinx:::0.0
TRACE::2024-10-21.19:08:30::SCWPlatform::Trying to set the existing hwdb with name mb_usb_hdmi_top_10
TRACE::2024-10-21.19:08:30::SCWPlatform::Opened existing hwdb mb_usb_hdmi_top_10
TRACE::2024-10-21.19:08:30::SCWPlatform::Found the Hw Db part of the input DSA
TRACE::2024-10-21.19:08:30::SCWMssOS::Checking the sw design at  C:/Users/jkali/ece385/lab6/lab62/lab62_sdk/mb_usb_hdmi_top/microblaze_0/standalone_microblaze_0/bsp/system.mss
TRACE::2024-10-21.19:08:30::SCWMssOS::DEBUG:  swdes dump  C:/Users/jkali/ece385/lab6/lab62/lab62_sdk/mb_usb_hdmi_top/microblaze_0/standalone_microblaze_0/bsp/system.mss|system||

TRACE::2024-10-21.19:08:30::SCWMssOS::Sw design exists and opened at  C:/Users/jkali/ece385/lab6/lab62/lab62_sdk/mb_usb_hdmi_top/microblaze_0/standalone_microblaze_0/bsp/system.mss
TRACE::2024-10-21.19:19:12::SCWPlatform::Clearing the existing platform
TRACE::2024-10-21.19:19:12::SCWSystem::Clearing the existing sysconfig
TRACE::2024-10-21.19:19:12::SCWMssOS::Removing the swdes entry for  C:/Users/jkali/ece385/lab6/lab62/lab62_sdk/mb_usb_hdmi_top/microblaze_0/standalone_microblaze_0/bsp/system.mss
TRACE::2024-10-21.19:19:12::SCWSystem::Clearing the domains completed.
TRACE::2024-10-21.19:19:12::SCWPlatform::Clearing the opened hw db.
TRACE::2024-10-21.19:19:12::SCWPlatform::DSA given C:/Users/jkali/ece385/lab6/lab62/lab62_sdk/mb_usb_hdmi_top/hw/mb_usb_hdmi_top.xsa
TRACE::2024-10-21.19:19:12::SCWPlatform::DSA absoulate path C:/Users/jkali/ece385/lab6/lab62/lab62_sdk/mb_usb_hdmi_top/hw/mb_usb_hdmi_top.xsa
TRACE::2024-10-21.19:19:12::SCWPlatform:: Platform location is C:/Users/jkali/ece385/lab6/lab62/lab62_sdk/mb_usb_hdmi_top/hw
TRACE::2024-10-21.19:19:12::SCWPlatform:: Platform Path C:/Users/jkali/ece385/lab6/lab62/lab62_sdk/mb_usb_hdmi_top/hw/mb_usb_hdmi_top.xsa
TRACE::2024-10-21.19:19:12::SCWPlatform:: Unique name xilinx:::0.0
TRACE::2024-10-21.19:19:12::SCWPlatform::Removing the HwDB with name C:/Users/jkali/ece385/lab6/lab62/lab62_sdk/mb_usb_hdmi_top/hw/mb_usb_hdmi_top.xsa
TRACE::2024-10-21.19:19:12::SCWPlatform::Trying to open the hw design at C:/Users/jkali/ece385/lab6/lab62/lab62_sdk/mb_usb_hdmi_top/hw/mb_usb_hdmi_top.xsa
TRACE::2024-10-21.19:19:12::SCWPlatform::DSA given C:/Users/jkali/ece385/lab6/lab62/lab62_sdk/mb_usb_hdmi_top/hw/mb_usb_hdmi_top.xsa
TRACE::2024-10-21.19:19:12::SCWPlatform::DSA absoulate path C:/Users/jkali/ece385/lab6/lab62/lab62_sdk/mb_usb_hdmi_top/hw/mb_usb_hdmi_top.xsa
TRACE::2024-10-21.19:19:12::SCWPlatform::DSA directory C:/Users/jkali/ece385/lab6/lab62/lab62_sdk/mb_usb_hdmi_top/hw
TRACE::2024-10-21.19:19:12::SCWPlatform:: Platform Path C:/Users/jkali/ece385/lab6/lab62/lab62_sdk/mb_usb_hdmi_top/hw/mb_usb_hdmi_top.xsa
TRACE::2024-10-21.19:19:12::SCWPlatform:: Unique name xilinx:::0.0
TRACE::2024-10-21.19:19:12::SCWPlatform::Do not have an existing db opened. 
TRACE::2024-10-21.19:19:12::SCWPlatform::Opened new HwDB with name mb_usb_hdmi_top_12
TRACE::2024-10-21.19:19:12::SCWReader::Active system found as  mb_usb_hdmi_top
TRACE::2024-10-21.19:19:12::SCWReader::Handling sysconfig mb_usb_hdmi_top
TRACE::2024-10-21.19:19:12::SCWDomain::checking for install qemu data   : 
TRACE::2024-10-21.19:19:12::SCWPlatform::Trying to open the hw design at C:/Users/jkali/ece385/lab6/lab62/lab62_sdk/mb_usb_hdmi_top/hw/mb_usb_hdmi_top.xsa
TRACE::2024-10-21.19:19:12::SCWPlatform::DSA given C:/Users/jkali/ece385/lab6/lab62/lab62_sdk/mb_usb_hdmi_top/hw/mb_usb_hdmi_top.xsa
TRACE::2024-10-21.19:19:12::SCWPlatform::DSA absoulate path C:/Users/jkali/ece385/lab6/lab62/lab62_sdk/mb_usb_hdmi_top/hw/mb_usb_hdmi_top.xsa
TRACE::2024-10-21.19:19:12::SCWPlatform::DSA directory C:/Users/jkali/ece385/lab6/lab62/lab62_sdk/mb_usb_hdmi_top/hw
TRACE::2024-10-21.19:19:12::SCWPlatform:: Platform Path C:/Users/jkali/ece385/lab6/lab62/lab62_sdk/mb_usb_hdmi_top/hw/mb_usb_hdmi_top.xsa
TRACE::2024-10-21.19:19:12::SCWPlatform:: Unique name xilinx:::0.0
TRACE::2024-10-21.19:19:12::SCWPlatform::Trying to set the existing hwdb with name mb_usb_hdmi_top_12
TRACE::2024-10-21.19:19:12::SCWPlatform::Opened existing hwdb mb_usb_hdmi_top_12
TRACE::2024-10-21.19:19:12::SCWPlatform::Found the Hw Db part of the input DSA
TRACE::2024-10-21.19:19:12::SCWPlatform::Trying to open the hw design at C:/Users/jkali/ece385/lab6/lab62/lab62_sdk/mb_usb_hdmi_top/hw/mb_usb_hdmi_top.xsa
TRACE::2024-10-21.19:19:12::SCWPlatform::DSA given C:/Users/jkali/ece385/lab6/lab62/lab62_sdk/mb_usb_hdmi_top/hw/mb_usb_hdmi_top.xsa
TRACE::2024-10-21.19:19:12::SCWPlatform::DSA absoulate path C:/Users/jkali/ece385/lab6/lab62/lab62_sdk/mb_usb_hdmi_top/hw/mb_usb_hdmi_top.xsa
TRACE::2024-10-21.19:19:12::SCWPlatform::DSA directory C:/Users/jkali/ece385/lab6/lab62/lab62_sdk/mb_usb_hdmi_top/hw
TRACE::2024-10-21.19:19:12::SCWPlatform:: Platform Path C:/Users/jkali/ece385/lab6/lab62/lab62_sdk/mb_usb_hdmi_top/hw/mb_usb_hdmi_top.xsa
TRACE::2024-10-21.19:19:12::SCWPlatform:: Unique name xilinx:::0.0
TRACE::2024-10-21.19:19:12::SCWPlatform::Trying to set the existing hwdb with name mb_usb_hdmi_top_12
TRACE::2024-10-21.19:19:12::SCWPlatform::Opened existing hwdb mb_usb_hdmi_top_12
TRACE::2024-10-21.19:19:12::SCWPlatform::Found the Hw Db part of the input DSA
TRACE::2024-10-21.19:19:12::SCWPlatform::Trying to open the hw design at C:/Users/jkali/ece385/lab6/lab62/lab62_sdk/mb_usb_hdmi_top/hw/mb_usb_hdmi_top.xsa
TRACE::2024-10-21.19:19:12::SCWPlatform::DSA given C:/Users/jkali/ece385/lab6/lab62/lab62_sdk/mb_usb_hdmi_top/hw/mb_usb_hdmi_top.xsa
TRACE::2024-10-21.19:19:12::SCWPlatform::DSA absoulate path C:/Users/jkali/ece385/lab6/lab62/lab62_sdk/mb_usb_hdmi_top/hw/mb_usb_hdmi_top.xsa
TRACE::2024-10-21.19:19:12::SCWPlatform::DSA directory C:/Users/jkali/ece385/lab6/lab62/lab62_sdk/mb_usb_hdmi_top/hw
TRACE::2024-10-21.19:19:12::SCWPlatform:: Platform Path C:/Users/jkali/ece385/lab6/lab62/lab62_sdk/mb_usb_hdmi_top/hw/mb_usb_hdmi_top.xsa
TRACE::2024-10-21.19:19:12::SCWPlatform:: Unique name xilinx:::0.0
TRACE::2024-10-21.19:19:12::SCWPlatform::Trying to set the existing hwdb with name mb_usb_hdmi_top_12
TRACE::2024-10-21.19:19:12::SCWPlatform::Opened existing hwdb mb_usb_hdmi_top_12
TRACE::2024-10-21.19:19:12::SCWPlatform::Found the Hw Db part of the input DSA
TRACE::2024-10-21.19:19:12::SCWPlatform::Trying to open the hw design at C:/Users/jkali/ece385/lab6/lab62/lab62_sdk/mb_usb_hdmi_top/hw/mb_usb_hdmi_top.xsa
TRACE::2024-10-21.19:19:12::SCWPlatform::DSA given C:/Users/jkali/ece385/lab6/lab62/lab62_sdk/mb_usb_hdmi_top/hw/mb_usb_hdmi_top.xsa
TRACE::2024-10-21.19:19:12::SCWPlatform::DSA absoulate path C:/Users/jkali/ece385/lab6/lab62/lab62_sdk/mb_usb_hdmi_top/hw/mb_usb_hdmi_top.xsa
TRACE::2024-10-21.19:19:12::SCWPlatform::DSA directory C:/Users/jkali/ece385/lab6/lab62/lab62_sdk/mb_usb_hdmi_top/hw
TRACE::2024-10-21.19:19:12::SCWPlatform:: Platform Path C:/Users/jkali/ece385/lab6/lab62/lab62_sdk/mb_usb_hdmi_top/hw/mb_usb_hdmi_top.xsa
TRACE::2024-10-21.19:19:12::SCWPlatform:: Unique name xilinx:::0.0
TRACE::2024-10-21.19:19:12::SCWPlatform::Trying to set the existing hwdb with name mb_usb_hdmi_top_12
TRACE::2024-10-21.19:19:12::SCWPlatform::Opened existing hwdb mb_usb_hdmi_top_12
TRACE::2024-10-21.19:19:12::SCWPlatform::Found the Hw Db part of the input DSA
TRACE::2024-10-21.19:19:12::SCWMssOS::Checking the sw design at  C:/Users/jkali/ece385/lab6/lab62/lab62_sdk/mb_usb_hdmi_top/microblaze_0/standalone_microblaze_0/bsp/system.mss
TRACE::2024-10-21.19:19:12::SCWMssOS::DEBUG:  swdes dump  
TRACE::2024-10-21.19:19:12::SCWMssOS::No sw design opened at  C:/Users/jkali/ece385/lab6/lab62/lab62_sdk/mb_usb_hdmi_top/microblaze_0/standalone_microblaze_0/bsp/system.mss
TRACE::2024-10-21.19:19:12::SCWMssOS::mss exists loading the mss file  C:/Users/jkali/ece385/lab6/lab62/lab62_sdk/mb_usb_hdmi_top/microblaze_0/standalone_microblaze_0/bsp/system.mss
TRACE::2024-10-21.19:19:12::SCWMssOS::Opened the sw design from mss  C:/Users/jkali/ece385/lab6/lab62/lab62_sdk/mb_usb_hdmi_top/microblaze_0/standalone_microblaze_0/bsp/system.mss
TRACE::2024-10-21.19:19:12::SCWMssOS::Adding the swdes entry C:/Users/jkali/ece385/lab6/lab62/lab62_sdk/mb_usb_hdmi_top/microblaze_0/standalone_microblaze_0/bsp/system.mss with des name system
TRACE::2024-10-21.19:19:12::SCWMssOS::updating the scw layer about changes
TRACE::2024-10-21.19:19:12::SCWMssOS::Opened the sw design.  C:/Users/jkali/ece385/lab6/lab62/lab62_sdk/mb_usb_hdmi_top/microblaze_0/standalone_microblaze_0/bsp/system.mss
TRACE::2024-10-21.19:19:12::SCWMssOS::Saving the mss changes C:/Users/jkali/ece385/lab6/lab62/lab62_sdk/mb_usb_hdmi_top/microblaze_0/standalone_microblaze_0/bsp/system.mss
TRACE::2024-10-21.19:19:12::SCWMssOS::Found a swdesign opened with the mssfile.
TRACE::2024-10-21.19:19:12::SCWMssOS::Completed writemss as part of save.
TRACE::2024-10-21.19:19:12::SCWMssOS::Commit changes completed.
TRACE::2024-10-21.19:19:12::SCWReader::Adding prebuilt librarypaths as   
TRACE::2024-10-21.19:19:12::SCWReader::Adding prebuilt incpaths  as   
TRACE::2024-10-21.19:19:12::SCWPlatform::Trying to open the hw design at C:/Users/jkali/ece385/lab6/lab62/lab62_sdk/mb_usb_hdmi_top/hw/mb_usb_hdmi_top.xsa
TRACE::2024-10-21.19:19:12::SCWPlatform::DSA given C:/Users/jkali/ece385/lab6/lab62/lab62_sdk/mb_usb_hdmi_top/hw/mb_usb_hdmi_top.xsa
TRACE::2024-10-21.19:19:12::SCWPlatform::DSA absoulate path C:/Users/jkali/ece385/lab6/lab62/lab62_sdk/mb_usb_hdmi_top/hw/mb_usb_hdmi_top.xsa
TRACE::2024-10-21.19:19:12::SCWPlatform::DSA directory C:/Users/jkali/ece385/lab6/lab62/lab62_sdk/mb_usb_hdmi_top/hw
TRACE::2024-10-21.19:19:12::SCWPlatform:: Platform Path C:/Users/jkali/ece385/lab6/lab62/lab62_sdk/mb_usb_hdmi_top/hw/mb_usb_hdmi_top.xsa
TRACE::2024-10-21.19:19:12::SCWPlatform:: Unique name xilinx:::0.0
TRACE::2024-10-21.19:19:12::SCWPlatform::Trying to set the existing hwdb with name mb_usb_hdmi_top_12
TRACE::2024-10-21.19:19:12::SCWPlatform::Opened existing hwdb mb_usb_hdmi_top_12
TRACE::2024-10-21.19:19:12::SCWPlatform::Found the Hw Db part of the input DSA
TRACE::2024-10-21.19:19:12::SCWMssOS::Checking the sw design at  C:/Users/jkali/ece385/lab6/lab62/lab62_sdk/mb_usb_hdmi_top/microblaze_0/standalone_microblaze_0/bsp/system.mss
TRACE::2024-10-21.19:19:12::SCWMssOS::DEBUG:  swdes dump  C:/Users/jkali/ece385/lab6/lab62/lab62_sdk/mb_usb_hdmi_top/microblaze_0/standalone_microblaze_0/bsp/system.mss|system||

TRACE::2024-10-21.19:19:12::SCWMssOS::Sw design exists and opened at  C:/Users/jkali/ece385/lab6/lab62/lab62_sdk/mb_usb_hdmi_top/microblaze_0/standalone_microblaze_0/bsp/system.mss
TRACE::2024-10-21.19:19:12::SCWReader::No isolation master present  
TRACE::2024-10-21.19:19:15::SCWPlatform::DSA given C:/Users/jkali/ece385/lab6/lab62/lab62_sdk/mb_usb_hdmi_top/tempdsa/mb_usb_hdmi_top.xsa
TRACE::2024-10-21.19:19:15::SCWPlatform::DSA absoulate path C:/Users/jkali/ece385/lab6/lab62/lab62_sdk/mb_usb_hdmi_top/tempdsa/mb_usb_hdmi_top.xsa
TRACE::2024-10-21.19:19:15::SCWPlatform:: Platform location is C:/Users/jkali/ece385/lab6/lab62/lab62_sdk/mb_usb_hdmi_top/tempdsa
TRACE::2024-10-21.19:19:15::SCWPlatform:: Platform Path C:/Users/jkali/ece385/lab6/lab62/lab62_sdk/mb_usb_hdmi_top/tempdsa/mb_usb_hdmi_top.xsa
TRACE::2024-10-21.19:19:15::SCWPlatform:: Unique name xilinx:::0.0
TRACE::2024-10-21.19:19:15::SCWPlatform::Found the Hw Db part of the input DSA
TRACE::2024-10-21.19:19:15::SCWMssOS::Doing hw sync for the mss in domain: standalone_microblaze_0
TRACE::2024-10-21.19:19:15::SCWPlatform::Trying to open the hw design at C:/Users/jkali/ece385/lab6/lab62/lab62_sdk/mb_usb_hdmi_top/hw/mb_usb_hdmi_top.xsa
TRACE::2024-10-21.19:19:15::SCWPlatform::DSA given C:/Users/jkali/ece385/lab6/lab62/lab62_sdk/mb_usb_hdmi_top/hw/mb_usb_hdmi_top.xsa
TRACE::2024-10-21.19:19:15::SCWPlatform::DSA absoulate path C:/Users/jkali/ece385/lab6/lab62/lab62_sdk/mb_usb_hdmi_top/hw/mb_usb_hdmi_top.xsa
TRACE::2024-10-21.19:19:15::SCWPlatform::DSA directory C:/Users/jkali/ece385/lab6/lab62/lab62_sdk/mb_usb_hdmi_top/hw
TRACE::2024-10-21.19:19:15::SCWPlatform:: Platform Path C:/Users/jkali/ece385/lab6/lab62/lab62_sdk/mb_usb_hdmi_top/hw/mb_usb_hdmi_top.xsa
TRACE::2024-10-21.19:19:15::SCWPlatform:: Unique name xilinx:::0.0
TRACE::2024-10-21.19:19:15::SCWPlatform::Trying to set the existing hwdb with name mb_usb_hdmi_top_12
TRACE::2024-10-21.19:19:15::SCWPlatform::Opened existing hwdb mb_usb_hdmi_top_12
TRACE::2024-10-21.19:19:15::SCWPlatform::Found the Hw Db part of the input DSA
TRACE::2024-10-21.19:19:15::SCWPlatform::Trying to open the hw design at C:/Users/jkali/ece385/lab6/lab62/lab62_sdk/mb_usb_hdmi_top/hw/mb_usb_hdmi_top.xsa
TRACE::2024-10-21.19:19:15::SCWPlatform::DSA given C:/Users/jkali/ece385/lab6/lab62/lab62_sdk/mb_usb_hdmi_top/hw/mb_usb_hdmi_top.xsa
TRACE::2024-10-21.19:19:15::SCWPlatform::DSA absoulate path C:/Users/jkali/ece385/lab6/lab62/lab62_sdk/mb_usb_hdmi_top/hw/mb_usb_hdmi_top.xsa
TRACE::2024-10-21.19:19:15::SCWPlatform::DSA directory C:/Users/jkali/ece385/lab6/lab62/lab62_sdk/mb_usb_hdmi_top/hw
TRACE::2024-10-21.19:19:15::SCWPlatform:: Platform Path C:/Users/jkali/ece385/lab6/lab62/lab62_sdk/mb_usb_hdmi_top/hw/mb_usb_hdmi_top.xsa
TRACE::2024-10-21.19:19:15::SCWPlatform:: Unique name xilinx:::0.0
TRACE::2024-10-21.19:19:15::SCWPlatform::Trying to set the existing hwdb with name mb_usb_hdmi_top_12
TRACE::2024-10-21.19:19:15::SCWPlatform::Opened existing hwdb mb_usb_hdmi_top_12
TRACE::2024-10-21.19:19:15::SCWPlatform::Found the Hw Db part of the input DSA
TRACE::2024-10-21.19:19:15::SCWMssOS::Checking the sw design at  C:/Users/jkali/ece385/lab6/lab62/lab62_sdk/mb_usb_hdmi_top/microblaze_0/standalone_microblaze_0/bsp/system.mss
TRACE::2024-10-21.19:19:15::SCWMssOS::DEBUG:  swdes dump  C:/Users/jkali/ece385/lab6/lab62/lab62_sdk/mb_usb_hdmi_top/microblaze_0/standalone_microblaze_0/bsp/system.mss|system||

TRACE::2024-10-21.19:19:15::SCWMssOS::Sw design exists and opened at  C:/Users/jkali/ece385/lab6/lab62/lab62_sdk/mb_usb_hdmi_top/microblaze_0/standalone_microblaze_0/bsp/system.mss
TRACE::2024-10-21.19:19:15::SCWPlatform::Trying to open the hw design at C:/Users/jkali/ece385/lab6/lab62/lab62_sdk/mb_usb_hdmi_top/tempdsa/mb_usb_hdmi_top.xsa
TRACE::2024-10-21.19:19:15::SCWPlatform::DSA given C:/Users/jkali/ece385/lab6/lab62/lab62_sdk/mb_usb_hdmi_top/tempdsa/mb_usb_hdmi_top.xsa
TRACE::2024-10-21.19:19:15::SCWPlatform::DSA absoulate path C:/Users/jkali/ece385/lab6/lab62/lab62_sdk/mb_usb_hdmi_top/tempdsa/mb_usb_hdmi_top.xsa
TRACE::2024-10-21.19:19:15::SCWPlatform::DSA directory C:/Users/jkali/ece385/lab6/lab62/lab62_sdk/mb_usb_hdmi_top/tempdsa
TRACE::2024-10-21.19:19:15::SCWPlatform:: Platform Path C:/Users/jkali/ece385/lab6/lab62/lab62_sdk/mb_usb_hdmi_top/tempdsa/mb_usb_hdmi_top.xsa
TRACE::2024-10-21.19:19:15::SCWPlatform:: Unique name xilinx:::0.0
TRACE::2024-10-21.19:19:15::SCWPlatform::update - Opened existing hwdb mb_usb_hdmi_top_13
TRACE::2024-10-21.19:19:15::SCWPlatform::Found the Hw Db part of the input DSA
TRACE::2024-10-21.19:19:15::SCWMssOS::Saving the mss changes C:/Users/jkali/ece385/lab6/lab62/lab62_sdk/mb_usb_hdmi_top/microblaze_0/standalone_microblaze_0/bsp/system.mss
TRACE::2024-10-21.19:19:15::SCWMssOS::Found a swdesign opened with the mssfile.
TRACE::2024-10-21.19:19:15::SCWMssOS::Completed writemss as part of save.
TRACE::2024-10-21.19:19:15::SCWMssOS::Commit changes completed.
TRACE::2024-10-21.19:19:15::SCWMssOS::Completed hw sync for the mss in domain: standalone_microblaze_0
TRACE::2024-10-21.19:19:15::SCWMssOS::Removing the swdes entry for  C:/Users/jkali/ece385/lab6/lab62/lab62_sdk/mb_usb_hdmi_top/microblaze_0/standalone_microblaze_0/bsp/system.mss
TRACE::2024-10-21.19:19:15::SCWPlatform::Trying to open the hw design at C:/Users/jkali/ece385/lab6/lab62/lab62_sdk/mb_usb_hdmi_top/hw/mb_usb_hdmi_top.xsa
TRACE::2024-10-21.19:19:15::SCWPlatform::DSA given C:/Users/jkali/ece385/lab6/lab62/lab62_sdk/mb_usb_hdmi_top/hw/mb_usb_hdmi_top.xsa
TRACE::2024-10-21.19:19:15::SCWPlatform::DSA absoulate path C:/Users/jkali/ece385/lab6/lab62/lab62_sdk/mb_usb_hdmi_top/hw/mb_usb_hdmi_top.xsa
TRACE::2024-10-21.19:19:15::SCWPlatform::DSA directory C:/Users/jkali/ece385/lab6/lab62/lab62_sdk/mb_usb_hdmi_top/hw
TRACE::2024-10-21.19:19:15::SCWPlatform:: Platform Path C:/Users/jkali/ece385/lab6/lab62/lab62_sdk/mb_usb_hdmi_top/hw/mb_usb_hdmi_top.xsa
TRACE::2024-10-21.19:19:15::SCWPlatform:: Unique name xilinx:::0.0
TRACE::2024-10-21.19:19:15::SCWPlatform::Do not have an existing db opened. 
TRACE::2024-10-21.19:19:16::SCWPlatform::Opened new HwDB with name mb_usb_hdmi_top_14
TRACE::2024-10-21.19:19:16::SCWMssOS::Saving the mss changes C:/Users/jkali/ece385/lab6/lab62/lab62_sdk/mb_usb_hdmi_top/microblaze_0/standalone_microblaze_0/bsp/system.mss
TRACE::2024-10-21.19:19:16::SCWMssOS::Adding the swdes entry, mss present, able to open swdb C:/Users/jkali/ece385/lab6/lab62/lab62_sdk/mb_usb_hdmi_top/microblaze_0/standalone_microblaze_0/bsp/system.mss with des name system
TRACE::2024-10-21.19:19:16::SCWMssOS::Writing the mss file completed C:/Users/jkali/ece385/lab6/lab62/lab62_sdk/mb_usb_hdmi_top/microblaze_0/standalone_microblaze_0/bsp/system.mss
TRACE::2024-10-21.19:19:16::SCWMssOS::Commit changes completed.
TRACE::2024-10-21.19:19:16::SCWPlatform::Trying to open the hw design at C:/Users/jkali/ece385/lab6/lab62/lab62_sdk/mb_usb_hdmi_top/hw/mb_usb_hdmi_top.xsa
TRACE::2024-10-21.19:19:16::SCWPlatform::DSA given C:/Users/jkali/ece385/lab6/lab62/lab62_sdk/mb_usb_hdmi_top/hw/mb_usb_hdmi_top.xsa
TRACE::2024-10-21.19:19:16::SCWPlatform::DSA absoulate path C:/Users/jkali/ece385/lab6/lab62/lab62_sdk/mb_usb_hdmi_top/hw/mb_usb_hdmi_top.xsa
TRACE::2024-10-21.19:19:16::SCWPlatform::DSA directory C:/Users/jkali/ece385/lab6/lab62/lab62_sdk/mb_usb_hdmi_top/hw
TRACE::2024-10-21.19:19:16::SCWPlatform:: Platform Path C:/Users/jkali/ece385/lab6/lab62/lab62_sdk/mb_usb_hdmi_top/hw/mb_usb_hdmi_top.xsa
TRACE::2024-10-21.19:19:16::SCWPlatform:: Unique name xilinx:::0.0
TRACE::2024-10-21.19:19:16::SCWPlatform::Trying to set the existing hwdb with name mb_usb_hdmi_top_14
TRACE::2024-10-21.19:19:16::SCWPlatform::Opened existing hwdb mb_usb_hdmi_top_14
TRACE::2024-10-21.19:19:16::SCWPlatform::Found the Hw Db part of the input DSA
TRACE::2024-10-21.19:19:16::SCWMssOS::Checking the sw design at  C:/Users/jkali/ece385/lab6/lab62/lab62_sdk/mb_usb_hdmi_top/microblaze_0/standalone_microblaze_0/bsp/system.mss
TRACE::2024-10-21.19:19:16::SCWMssOS::DEBUG:  swdes dump  C:/Users/jkali/ece385/lab6/lab62/lab62_sdk/mb_usb_hdmi_top/microblaze_0/standalone_microblaze_0/bsp/system.mss|system||

TRACE::2024-10-21.19:19:16::SCWMssOS::Sw design exists and opened at  C:/Users/jkali/ece385/lab6/lab62/lab62_sdk/mb_usb_hdmi_top/microblaze_0/standalone_microblaze_0/bsp/system.mss
TRACE::2024-10-21.19:19:16::SCWWriter::formatted JSON is {
	"platformName":	"mb_usb_hdmi_top",
	"sprVersion":	"2.0",
	"mode":	"gui",
	"dsaType":	"Fixed",
	"platformDesc":	"mb_usb_hdmi_top",
	"platHandOff":	"C:/Users/jkali/ece385/lab6/lab62/mb_usb_hdmi_top.xsa",
	"platIntHandOff":	"<platformDir>/hw/mb_usb_hdmi_top.xsa",
	"deviceType":	"FPGA",
	"platIsPrebuiltAutogen":	"false",
	"platIsNoBootBsp":	"false",
	"hasFsblMakeHasChanges":	"false",
	"hasPmufwMakeHasChanges":	"false",
	"platPreBuiltFlag":	false,
	"platformSamplesDir":	"",
	"platActiveSys":	"mb_usb_hdmi_top",
	"systems":	[{
			"systemName":	"mb_usb_hdmi_top",
			"systemDesc":	"mb_usb_hdmi_top",
			"sysIsBootAutoGen":	"true",
			"systemDispName":	"mb_usb_hdmi_top",
			"sysActiveDom":	"standalone_microblaze_0",
			"sysDefaultDom":	"standalone_microblaze_0",
			"domains":	[{
					"domainName":	"standalone_microblaze_0",
					"domainDispName":	"standalone_microblaze_0",
					"domainDesc":	"standalone_microblaze_0",
					"processors":	"microblaze_0",
					"os":	"standalone",
					"sdxOs":	"standalone",
					"debugEnable":	"False",
					"domRuntimes":	["cpp"],
					"swRepo":	"",
					"mssOsVer":	"8.0",
					"mssFile":	"",
					"md5Digest":	"304529987e879521ca977c68d163f3621",
					"compatibleApp":	"",
					"domType":	"mssDomain",
					"arch":	"32-bit",
					"appSettings":	{
						"appCompilerFlags":	"",
						"appLinkerFlags":	""
					},
					"addedLibs":	[],
					"libOptions":	{
						"libsContainingOptions":	[]
					},
					"prebuiltLibs":	{
						"prebuiltIncPath":	[],
						"prebuiltLibPath":	[]
					},
					"isolation":	{
					}
				}]
		}]
}
TRACE::2024-10-21.19:19:25::SCWMssOS::cleaning the bsp 
TRACE::2024-10-21.19:19:25::SCWMssOS::System Command Ran  C: & cd  C:/Users/jkali/ece385/lab6/lab62/lab62_sdk/mb_usb_hdmi_top/microblaze_0/standalone_microblaze_0/bsp & make clean 
TRACE::2024-10-21.19:19:25::SCWMssOS::make -C microblaze_0/libsrc/bram_v4_8/src -s clean 

TRACE::2024-10-21.19:19:25::SCWMssOS::make -C microblaze_0/libsrc/cpu_v2_16/src -s clean 

TRACE::2024-10-21.19:19:26::SCWMssOS::make -C microblaze_0/libsrc/gpio_v4_9/src -s clean 

TRACE::2024-10-21.19:19:26::SCWMssOS::make -C microblaze_0/libsrc/intc_v3_15/src -s clean 

TRACE::2024-10-21.19:19:26::SCWMssOS::make -C microblaze_0/libsrc/spi_v4_9/src -s clean 

TRACE::2024-10-21.19:19:26::SCWMssOS::make -C microblaze_0/libsrc/standalone_v8_0/src -s clean 

TRACE::2024-10-21.19:19:26::SCWMssOS::make -C microblaze_0/libsrc/tmrctr_v4_9/src -s clean 

TRACE::2024-10-21.19:19:26::SCWMssOS::make -C microblaze_0/libsrc/uartlite_v3_7/src -s clean 

TRACE::2024-10-21.19:19:26::SCWMssOS::rm -f microblaze_0/lib/libxil.a

LOG::2024-10-21.19:19:28::SCWPlatform::Started generating the artifacts platform mb_usb_hdmi_top
TRACE::2024-10-21.19:19:28::SCWPlatform::Sanity checking of platform is completed
LOG::2024-10-21.19:19:28::SCWPlatform::Started generating the artifacts for system configuration mb_usb_hdmi_top
LOG::2024-10-21.19:19:28::SCWSystem::Checking the domain standalone_microblaze_0
LOG::2024-10-21.19:19:28::SCWSystem::Not a boot domain 
LOG::2024-10-21.19:19:28::SCWSystem::Started Processing the domain standalone_microblaze_0
TRACE::2024-10-21.19:19:28::SCWDomain::Generating domain artifcats
TRACE::2024-10-21.19:19:28::SCWMssOS::Generating standalone artifcats
TRACE::2024-10-21.19:19:28::SCWMssOS:: Copying the user libraries. 
TRACE::2024-10-21.19:19:28::SCWPlatform::Trying to open the hw design at C:/Users/jkali/ece385/lab6/lab62/lab62_sdk/mb_usb_hdmi_top/hw/mb_usb_hdmi_top.xsa
TRACE::2024-10-21.19:19:28::SCWPlatform::DSA given C:/Users/jkali/ece385/lab6/lab62/lab62_sdk/mb_usb_hdmi_top/hw/mb_usb_hdmi_top.xsa
TRACE::2024-10-21.19:19:28::SCWPlatform::DSA absoulate path C:/Users/jkali/ece385/lab6/lab62/lab62_sdk/mb_usb_hdmi_top/hw/mb_usb_hdmi_top.xsa
TRACE::2024-10-21.19:19:28::SCWPlatform::DSA directory C:/Users/jkali/ece385/lab6/lab62/lab62_sdk/mb_usb_hdmi_top/hw
TRACE::2024-10-21.19:19:28::SCWPlatform:: Platform Path C:/Users/jkali/ece385/lab6/lab62/lab62_sdk/mb_usb_hdmi_top/hw/mb_usb_hdmi_top.xsa
TRACE::2024-10-21.19:19:28::SCWPlatform:: Unique name xilinx:::0.0
TRACE::2024-10-21.19:19:28::SCWPlatform::Trying to set the existing hwdb with name mb_usb_hdmi_top_14
TRACE::2024-10-21.19:19:28::SCWPlatform::Opened existing hwdb mb_usb_hdmi_top_14
TRACE::2024-10-21.19:19:28::SCWPlatform::Found the Hw Db part of the input DSA
TRACE::2024-10-21.19:19:28::SCWMssOS::Checking the sw design at  C:/Users/jkali/ece385/lab6/lab62/lab62_sdk/mb_usb_hdmi_top/microblaze_0/standalone_microblaze_0/bsp/system.mss
TRACE::2024-10-21.19:19:28::SCWMssOS::DEBUG:  swdes dump  C:/Users/jkali/ece385/lab6/lab62/lab62_sdk/mb_usb_hdmi_top/microblaze_0/standalone_microblaze_0/bsp/system.mss|system||

TRACE::2024-10-21.19:19:28::SCWMssOS::Sw design exists and opened at  C:/Users/jkali/ece385/lab6/lab62/lab62_sdk/mb_usb_hdmi_top/microblaze_0/standalone_microblaze_0/bsp/system.mss
TRACE::2024-10-21.19:19:28::SCWMssOS::Completed writing the mss file at C:/Users/jkali/ece385/lab6/lab62/lab62_sdk/mb_usb_hdmi_top/microblaze_0/standalone_microblaze_0/bsp
TRACE::2024-10-21.19:19:28::SCWMssOS::Mss edits present, copying mssfile into export location C:/Users/jkali/ece385/lab6/lab62/lab62_sdk/mb_usb_hdmi_top/microblaze_0/standalone_microblaze_0/bsp/system.mss
TRACE::2024-10-21.19:19:28::SCWMssOS::bsp generated is stale removing and regenerating. 
TRACE::2024-10-21.19:19:29::SCWMssOS::doing bsp build ... 
TRACE::2024-10-21.19:19:29::SCWMssOS::System Command Ran  C: & cd  C:/Users/jkali/ece385/lab6/lab62/lab62_sdk/mb_usb_hdmi_top/microblaze_0/standalone_microblaze_0/bsp & make 
TRACE::2024-10-21.19:19:29::SCWMssOS::make --no-print-directory seq_libs

TRACE::2024-10-21.19:19:29::SCWMssOS::'Finished building libraries sequentially.'

TRACE::2024-10-21.19:19:29::SCWMssOS::make -j 18 --no-print-directory par_libs

TRACE::2024-10-21.19:19:29::SCWMssOS::"Running Make include in microblaze_0/libsrc/bram_v4_8/src"

TRACE::2024-10-21.19:19:29::SCWMssOS::make -C microblaze_0/libsrc/bram_v4_8/src -s include  "SHELL=CMD" "COMPILER=mb-gcc" "ASSEMBLER=mb-as" "ARCHIVER=mb-ar" "COMPILE
TRACE::2024-10-21.19:19:29::SCWMssOS::R_FLAGS=  -O2 -c -mcpu=v11.0 -mlittle-endian -mno-xl-reorder -mno-xl-soft-mul -mxl-barrel-shift -mxl-pattern-compare" "EXTRA_CO
TRACE::2024-10-21.19:19:29::SCWMssOS::MPILER_FLAGS=-g -ffunction-sections -fdata-sections -Wall -Wextra -fno-tree-loop-distribute-patterns"

TRACE::2024-10-21.19:19:29::SCWMssOS::"Running Make include in microblaze_0/libsrc/cpu_v2_16/src"

TRACE::2024-10-21.19:19:29::SCWMssOS::make -C microblaze_0/libsrc/cpu_v2_16/src -s include  "SHELL=CMD" "COMPILER=mb-gcc" "ASSEMBLER=mb-as" "ARCHIVER=mb-ar" "COMPILE
TRACE::2024-10-21.19:19:29::SCWMssOS::R_FLAGS=  -O2 -c -mcpu=v11.0 -mlittle-endian -mno-xl-reorder -mno-xl-soft-mul -mxl-barrel-shift -mxl-pattern-compare" "EXTRA_CO
TRACE::2024-10-21.19:19:29::SCWMssOS::MPILER_FLAGS=-g -ffunction-sections -fdata-sections -Wall -Wextra -fno-tree-loop-distribute-patterns"

TRACE::2024-10-21.19:19:29::SCWMssOS::"Running Make include in microblaze_0/libsrc/gpio_v4_9/src"

TRACE::2024-10-21.19:19:29::SCWMssOS::make -C microblaze_0/libsrc/gpio_v4_9/src -s include  "SHELL=CMD" "COMPILER=mb-gcc" "ASSEMBLER=mb-as" "ARCHIVER=mb-ar" "COMPILE
TRACE::2024-10-21.19:19:29::SCWMssOS::R_FLAGS=  -O2 -c -mcpu=v11.0 -mlittle-endian -mno-xl-reorder -mno-xl-soft-mul -mxl-barrel-shift -mxl-pattern-compare" "EXTRA_CO
TRACE::2024-10-21.19:19:29::SCWMssOS::MPILER_FLAGS=-g -ffunction-sections -fdata-sections -Wall -Wextra -fno-tree-loop-distribute-patterns"

TRACE::2024-10-21.19:19:29::SCWMssOS::"Running Make include in microblaze_0/libsrc/intc_v3_15/src"

TRACE::2024-10-21.19:19:29::SCWMssOS::make -C microblaze_0/libsrc/intc_v3_15/src -s include  "SHELL=CMD" "COMPILER=mb-gcc" "ASSEMBLER=mb-as" "ARCHIVER=mb-ar" "COMPIL
TRACE::2024-10-21.19:19:29::SCWMssOS::ER_FLAGS=  -O2 -c -mcpu=v11.0 -mlittle-endian -mno-xl-reorder -mno-xl-soft-mul -mxl-barrel-shift -mxl-pattern-compare" "EXTRA_C
TRACE::2024-10-21.19:19:29::SCWMssOS::OMPILER_FLAGS=-g -ffunction-sections -fdata-sections -Wall -Wextra -fno-tree-loop-distribute-patterns"

TRACE::2024-10-21.19:19:29::SCWMssOS::"Running Make include in microblaze_0/libsrc/spi_v4_9/src"

TRACE::2024-10-21.19:19:29::SCWMssOS::make -C microblaze_0/libsrc/spi_v4_9/src -s include  "SHELL=CMD" "COMPILER=mb-gcc" "ASSEMBLER=mb-as" "ARCHIVER=mb-ar" "COMPILER
TRACE::2024-10-21.19:19:29::SCWMssOS::_FLAGS=  -O2 -c -mcpu=v11.0 -mlittle-endian -mno-xl-reorder -mno-xl-soft-mul -mxl-barrel-shift -mxl-pattern-compare" "EXTRA_COM
TRACE::2024-10-21.19:19:29::SCWMssOS::PILER_FLAGS=-g -ffunction-sections -fdata-sections -Wall -Wextra -fno-tree-loop-distribute-patterns"

TRACE::2024-10-21.19:19:29::SCWMssOS::"Running Make include in microblaze_0/libsrc/standalone_v8_0/src"

TRACE::2024-10-21.19:19:30::SCWMssOS::make -C microblaze_0/libsrc/standalone_v8_0/src -s include  "SHELL=CMD" "COMPILER=mb-gcc" "ASSEMBLER=mb-as" "ARCHIVER=mb-ar" "C
TRACE::2024-10-21.19:19:30::SCWMssOS::OMPILER_FLAGS=  -O2 -c -mcpu=v11.0 -mlittle-endian -mno-xl-reorder -mno-xl-soft-mul -mxl-barrel-shift -mxl-pattern-compare" "EX
TRACE::2024-10-21.19:19:30::SCWMssOS::TRA_COMPILER_FLAGS=-g -ffunction-sections -fdata-sections -Wall -Wextra -fno-tree-loop-distribute-patterns"

TRACE::2024-10-21.19:19:30::SCWMssOS::"Running Make include in microblaze_0/libsrc/tmrctr_v4_9/src"

TRACE::2024-10-21.19:19:30::SCWMssOS::make -C microblaze_0/libsrc/tmrctr_v4_9/src -s include  "SHELL=CMD" "COMPILER=mb-gcc" "ASSEMBLER=mb-as" "ARCHIVER=mb-ar" "COMPI
TRACE::2024-10-21.19:19:30::SCWMssOS::LER_FLAGS=  -O2 -c -mcpu=v11.0 -mlittle-endian -mno-xl-reorder -mno-xl-soft-mul -mxl-barrel-shift -mxl-pattern-compare" "EXTRA_
TRACE::2024-10-21.19:19:30::SCWMssOS::COMPILER_FLAGS=-g -ffunction-sections -fdata-sections -Wall -Wextra -fno-tree-loop-distribute-patterns"

TRACE::2024-10-21.19:19:30::SCWMssOS::"Running Make include in microblaze_0/libsrc/uartlite_v3_7/src"

TRACE::2024-10-21.19:19:30::SCWMssOS::make -C microblaze_0/libsrc/uartlite_v3_7/src -s include  "SHELL=CMD" "COMPILER=mb-gcc" "ASSEMBLER=mb-as" "ARCHIVER=mb-ar" "COM
TRACE::2024-10-21.19:19:30::SCWMssOS::PILER_FLAGS=  -O2 -c -mcpu=v11.0 -mlittle-endian -mno-xl-reorder -mno-xl-soft-mul -mxl-barrel-shift -mxl-pattern-compare" "EXTR
TRACE::2024-10-21.19:19:30::SCWMssOS::A_COMPILER_FLAGS=-g -ffunction-sections -fdata-sections -Wall -Wextra -fno-tree-loop-distribute-patterns"

TRACE::2024-10-21.19:19:30::SCWMssOS::"Running Make libs in microblaze_0/libsrc/bram_v4_8/src"

TRACE::2024-10-21.19:19:30::SCWMssOS::make -C microblaze_0/libsrc/bram_v4_8/src -s libs  "SHELL=CMD" "COMPILER=mb-gcc" "ASSEMBLER=mb-as" "ARCHIVER=mb-ar" "COMPILER_F
TRACE::2024-10-21.19:19:30::SCWMssOS::LAGS=  -O2 -c -mcpu=v11.0 -mlittle-endian -mno-xl-reorder -mno-xl-soft-mul -mxl-barrel-shift -mxl-pattern-compare" "EXTRA_COMPI
TRACE::2024-10-21.19:19:30::SCWMssOS::LER_FLAGS=-g -ffunction-sections -fdata-sections -Wall -Wextra -fno-tree-loop-distribute-patterns"

TRACE::2024-10-21.19:19:30::SCWMssOS::"Running Make libs in microblaze_0/libsrc/cpu_v2_16/src"

TRACE::2024-10-21.19:19:30::SCWMssOS::make -C microblaze_0/libsrc/cpu_v2_16/src -s libs  "SHELL=CMD" "COMPILER=mb-gcc" "ASSEMBLER=mb-as" "ARCHIVER=mb-ar" "COMPILER_F
TRACE::2024-10-21.19:19:30::SCWMssOS::LAGS=  -O2 -c -mcpu=v11.0 -mlittle-endian -mno-xl-reorder -mno-xl-soft-mul -mxl-barrel-shift -mxl-pattern-compare" "EXTRA_COMPI
TRACE::2024-10-21.19:19:30::SCWMssOS::LER_FLAGS=-g -ffunction-sections -fdata-sections -Wall -Wextra -fno-tree-loop-distribute-patterns"

TRACE::2024-10-21.19:19:30::SCWMssOS::"Running Make libs in microblaze_0/libsrc/gpio_v4_9/src"

TRACE::2024-10-21.19:19:30::SCWMssOS::make -C microblaze_0/libsrc/gpio_v4_9/src -s libs  "SHELL=CMD" "COMPILER=mb-gcc" "ASSEMBLER=mb-as" "ARCHIVER=mb-ar" "COMPILER_F
TRACE::2024-10-21.19:19:30::SCWMssOS::LAGS=  -O2 -c -mcpu=v11.0 -mlittle-endian -mno-xl-reorder -mno-xl-soft-mul -mxl-barrel-shift -mxl-pattern-compare" "EXTRA_COMPI
TRACE::2024-10-21.19:19:30::SCWMssOS::LER_FLAGS=-g -ffunction-sections -fdata-sections -Wall -Wextra -fno-tree-loop-distribute-patterns"

TRACE::2024-10-21.19:19:30::SCWMssOS::"Running Make libs in microblaze_0/libsrc/intc_v3_15/src"

TRACE::2024-10-21.19:19:30::SCWMssOS::make -C microblaze_0/libsrc/intc_v3_15/src -s libs  "SHELL=CMD" "COMPILER=mb-gcc" "ASSEMBLER=mb-as" "ARCHIVER=mb-ar" "COMPILER_
TRACE::2024-10-21.19:19:30::SCWMssOS::FLAGS=  -O2 -c -mcpu=v11.0 -mlittle-endian -mno-xl-reorder -mno-xl-soft-mul -mxl-barrel-shift -mxl-pattern-compare" "EXTRA_COMP
TRACE::2024-10-21.19:19:30::SCWMssOS::ILER_FLAGS=-g -ffunction-sections -fdata-sections -Wall -Wextra -fno-tree-loop-distribute-patterns"

TRACE::2024-10-21.19:19:30::SCWMssOS::"Running Make libs in microblaze_0/libsrc/spi_v4_9/src"

TRACE::2024-10-21.19:19:30::SCWMssOS::make -C microblaze_0/libsrc/spi_v4_9/src -s libs  "SHELL=CMD" "COMPILER=mb-gcc" "ASSEMBLER=mb-as" "ARCHIVER=mb-ar" "COMPILER_FL
TRACE::2024-10-21.19:19:30::SCWMssOS::AGS=  -O2 -c -mcpu=v11.0 -mlittle-endian -mno-xl-reorder -mno-xl-soft-mul -mxl-barrel-shift -mxl-pattern-compare" "EXTRA_COMPIL
TRACE::2024-10-21.19:19:30::SCWMssOS::ER_FLAGS=-g -ffunction-sections -fdata-sections -Wall -Wextra -fno-tree-loop-distribute-patterns"

TRACE::2024-10-21.19:19:30::SCWMssOS::"Running Make libs in microblaze_0/libsrc/standalone_v8_0/src"

TRACE::2024-10-21.19:19:30::SCWMssOS::make -C microblaze_0/libsrc/standalone_v8_0/src -s libs  "SHELL=CMD" "COMPILER=mb-gcc" "ASSEMBLER=mb-as" "ARCHIVER=mb-ar" "COMP
TRACE::2024-10-21.19:19:30::SCWMssOS::ILER_FLAGS=  -O2 -c -mcpu=v11.0 -mlittle-endian -mno-xl-reorder -mno-xl-soft-mul -mxl-barrel-shift -mxl-pattern-compare" "EXTRA
TRACE::2024-10-21.19:19:30::SCWMssOS::_COMPILER_FLAGS=-g -ffunction-sections -fdata-sections -Wall -Wextra -fno-tree-loop-distribute-patterns"

TRACE::2024-10-21.19:19:30::SCWMssOS::"Running Make libs in microblaze_0/libsrc/tmrctr_v4_9/src"

TRACE::2024-10-21.19:19:30::SCWMssOS::make -C microblaze_0/libsrc/tmrctr_v4_9/src -s libs  "SHELL=CMD" "COMPILER=mb-gcc" "ASSEMBLER=mb-as" "ARCHIVER=mb-ar" "COMPILER
TRACE::2024-10-21.19:19:30::SCWMssOS::_FLAGS=  -O2 -c -mcpu=v11.0 -mlittle-endian -mno-xl-reorder -mno-xl-soft-mul -mxl-barrel-shift -mxl-pattern-compare" "EXTRA_COM
TRACE::2024-10-21.19:19:30::SCWMssOS::PILER_FLAGS=-g -ffunction-sections -fdata-sections -Wall -Wextra -fno-tree-loop-distribute-patterns"

TRACE::2024-10-21.19:19:30::SCWMssOS::"Running Make libs in microblaze_0/libsrc/uartlite_v3_7/src"

TRACE::2024-10-21.19:19:30::SCWMssOS::make -C microblaze_0/libsrc/uartlite_v3_7/src -s libs  "SHELL=CMD" "COMPILER=mb-gcc" "ASSEMBLER=mb-as" "ARCHIVER=mb-ar" "COMPIL
TRACE::2024-10-21.19:19:30::SCWMssOS::ER_FLAGS=  -O2 -c -mcpu=v11.0 -mlittle-endian -mno-xl-reorder -mno-xl-soft-mul -mxl-barrel-shift -mxl-pattern-compare" "EXTRA_C
TRACE::2024-10-21.19:19:30::SCWMssOS::OMPILER_FLAGS=-g -ffunction-sections -fdata-sections -Wall -Wextra -fno-tree-loop-distribute-patterns"

TRACE::2024-10-21.19:19:31::SCWMssOS::"DEBUG NON_LTO_OBJECTS is ../../../lib/microblaze_interrupt_handler.o"

TRACE::2024-10-21.19:19:31::SCWMssOS::'Finished building libraries parallelly.'

TRACE::2024-10-21.19:19:31::SCWMssOS::make --no-print-directory archive

TRACE::2024-10-21.19:19:31::SCWMssOS::mb-ar -r  microblaze_0/lib/libxil.a microblaze_0/lib/_exit.o microblaze_0/lib/errno.o microblaze_0/lib/fcntl.o microblaze_0/lib
TRACE::2024-10-21.19:19:31::SCWMssOS::/hw_exception_handler.o microblaze_0/lib/inbyte.o microblaze_0/lib/microblaze_disable_dcache.o microblaze_0/lib/microblaze_disa
TRACE::2024-10-21.19:19:31::SCWMssOS::ble_exceptions.o microblaze_0/lib/microblaze_disable_icache.o microblaze_0/lib/microblaze_disable_interrupts.o microblaze_0/lib
TRACE::2024-10-21.19:19:31::SCWMssOS::/microblaze_enable_dcache.o microblaze_0/lib/microblaze_enable_exceptions.o microblaze_0/lib/microblaze_enable_icache.o microbl
TRACE::2024-10-21.19:19:31::SCWMssOS::aze_0/lib/microblaze_enable_interrupts.o microblaze_0/lib/microblaze_exception_handler.o microblaze_0/lib/microblaze_flush_cach
TRACE::2024-10-21.19:19:31::SCWMssOS::e_ext.o microblaze_0/lib/microblaze_flush_cache_ext_range.o microblaze_0/lib/microblaze_flush_dcache.o microblaze_0/lib/microbl
TRACE::2024-10-21.19:19:31::SCWMssOS::aze_flush_dcache_range.o microblaze_0/lib/microblaze_init_dcache_range.o microblaze_0/lib/microblaze_init_icache_range.o microb
TRACE::2024-10-21.19:19:31::SCWMssOS::laze_0/lib/microblaze_interrupt_handler.o microblaze_0/lib/microblaze_interrupts_g.o microblaze_0/lib/microblaze_invalidate_cac
TRACE::2024-10-21.19:19:31::SCWMssOS::he_ext.o microblaze_0/lib/microblaze_invalidate_cache_ext_range.o microblaze_0/lib/microblaze_invalidate_dcache.o microblaze_0/
TRACE::2024-10-21.19:19:31::SCWMssOS::lib/microblaze_invalidate_dcache_range.o microblaze_0/lib/microblaze_invalidate_icache.o microblaze_0/lib/microblaze_invalidate
TRACE::2024-10-21.19:19:31::SCWMssOS::_icache_range.o microblaze_0/lib/microblaze_scrub.o microblaze_0/lib/microblaze_selftest.o microblaze_0/lib/microblaze_sleep.o 
TRACE::2024-10-21.19:19:31::SCWMssOS::microblaze_0/lib/microblaze_update_dcache.o microblaze_0/lib/microblaze_update_icache.o microblaze_0/lib/outbyte.o microblaze_0
TRACE::2024-10-21.19:19:31::SCWMssOS::/lib/print.o microblaze_0/lib/pvr.o microblaze_0/lib/xbram.o microblaze_0/lib/xbram_g.o microblaze_0/lib/xbram_intr.o microblaz
TRACE::2024-10-21.19:19:31::SCWMssOS::e_0/lib/xbram_selftest.o microblaze_0/lib/xbram_sinit.o microblaze_0/lib/xgpio.o microblaze_0/lib/xgpio_extra.o microblaze_0/li
TRACE::2024-10-21.19:19:31::SCWMssOS::b/xgpio_g.o microblaze_0/lib/xgpio_intr.o microblaze_0/lib/xgpio_selftest.o microblaze_0/lib/xgpio_sinit.o microblaze_0/lib/xil
TRACE::2024-10-21.19:19:31::SCWMssOS::_assert.o microblaze_0/lib/xil_cache.o microblaze_0/lib/xil_clocking.o microblaze_0/lib/xil_exception.o microblaze_0/lib/xil_me
TRACE::2024-10-21.19:19:31::SCWMssOS::m.o microblaze_0/lib/xil_misc_psreset_api.o microblaze_0/lib/xil_printf.o microblaze_0/lib/xil_sleepcommon.o microblaze_0/lib/x
TRACE::2024-10-21.19:19:31::SCWMssOS::il_testcache.o microblaze_0/lib/xil_testio.o microblaze_0/lib/xil_testmem.o microblaze_0/lib/xil_util.o microblaze_0/lib/xintc.
TRACE::2024-10-21.19:19:31::SCWMssOS::o microblaze_0/lib/xintc_g.o microblaze_0/lib/xintc_intr.o microblaze_0/lib/xintc_l.o microblaze_0/lib/xintc_options.o microbla
TRACE::2024-10-21.19:19:31::SCWMssOS::ze_0/lib/xintc_selftest.o microblaze_0/lib/xinterrupt_wrap.o microblaze_0/lib/xio.o microblaze_0/lib/xplatform_info.o microblaz
TRACE::2024-10-21.19:19:31::SCWMssOS::e_0/lib/xspi.o microblaze_0/lib/xspi_g.o microblaze_0/lib/xspi_options.o microblaze_0/lib/xspi_selftest.o microblaze_0/lib/xspi
TRACE::2024-10-21.19:19:31::SCWMssOS::_sinit.o microblaze_0/lib/xspi_stats.o microblaze_0/lib/xtmrctr.o microblaze_0/lib/xtmrctr_g.o microblaze_0/lib/xtmrctr_intr.o 
TRACE::2024-10-21.19:19:31::SCWMssOS::microblaze_0/lib/xtmrctr_l.o microblaze_0/lib/xtmrctr_options.o microblaze_0/lib/xtmrctr_selftest.o microblaze_0/lib/xtmrctr_si
TRACE::2024-10-21.19:19:31::SCWMssOS::nit.o microblaze_0/lib/xtmrctr_stats.o microblaze_0/lib/xuartlite.o microblaze_0/lib/xuartlite_g.o microblaze_0/lib/xuartlite_i
TRACE::2024-10-21.19:19:31::SCWMssOS::ntr.o microblaze_0/lib/xuartlite_l.o microblaze_0/lib/xuartlite_selftest.o microblaze_0/lib/xuartlite_sinit.o microblaze_0/lib/
TRACE::2024-10-21.19:19:31::SCWMssOS::xuartlite_stats.o

TRACE::2024-10-21.19:19:31::SCWMssOS::'Finished building libraries'

TRACE::2024-10-21.19:19:31::SCWMssOS:: Checking if to create the Supporting Applications
TRACE::2024-10-21.19:19:31::SCWMssOS:: No Linux domain exists, trying to generate FSBL 
LOG::2024-10-21.19:19:31::SCWSystem::Completed Processing the domain standalone_microblaze_0
LOG::2024-10-21.19:19:31::SCWSystem::Completed Processing the sysconfig mb_usb_hdmi_top
LOG::2024-10-21.19:19:31::SCWPlatform::Completed generating the artifacts for system configuration mb_usb_hdmi_top
TRACE::2024-10-21.19:19:31::SCWPlatform::Started preparing the platform 
TRACE::2024-10-21.19:19:31::SCWSystem::Writing the bif file for system config mb_usb_hdmi_top
TRACE::2024-10-21.19:19:31::SCWSystem::dir created 
TRACE::2024-10-21.19:19:31::SCWSystem::Writing the bif 
TRACE::2024-10-21.19:19:31::SCWPlatform::Started writing the spfm file 
TRACE::2024-10-21.19:19:31::SCWPlatform::Started writing the xpfm file 
TRACE::2024-10-21.19:19:31::SCWPlatform::Completed generating the platform
TRACE::2024-10-21.19:19:31::SCWMssOS::Saving the mss changes C:/Users/jkali/ece385/lab6/lab62/lab62_sdk/mb_usb_hdmi_top/microblaze_0/standalone_microblaze_0/bsp/system.mss
TRACE::2024-10-21.19:19:31::SCWMssOS::Adding the swdes entry, mss present, able to open swdb C:/Users/jkali/ece385/lab6/lab62/lab62_sdk/mb_usb_hdmi_top/microblaze_0/standalone_microblaze_0/bsp/system.mss with des name system
TRACE::2024-10-21.19:19:31::SCWMssOS::Writing the mss file completed C:/Users/jkali/ece385/lab6/lab62/lab62_sdk/mb_usb_hdmi_top/microblaze_0/standalone_microblaze_0/bsp/system.mss
TRACE::2024-10-21.19:19:31::SCWMssOS::Commit changes completed.
TRACE::2024-10-21.19:19:31::SCWPlatform::Trying to open the hw design at C:/Users/jkali/ece385/lab6/lab62/lab62_sdk/mb_usb_hdmi_top/hw/mb_usb_hdmi_top.xsa
TRACE::2024-10-21.19:19:31::SCWPlatform::DSA given C:/Users/jkali/ece385/lab6/lab62/lab62_sdk/mb_usb_hdmi_top/hw/mb_usb_hdmi_top.xsa
TRACE::2024-10-21.19:19:31::SCWPlatform::DSA absoulate path C:/Users/jkali/ece385/lab6/lab62/lab62_sdk/mb_usb_hdmi_top/hw/mb_usb_hdmi_top.xsa
TRACE::2024-10-21.19:19:31::SCWPlatform::DSA directory C:/Users/jkali/ece385/lab6/lab62/lab62_sdk/mb_usb_hdmi_top/hw
TRACE::2024-10-21.19:19:31::SCWPlatform:: Platform Path C:/Users/jkali/ece385/lab6/lab62/lab62_sdk/mb_usb_hdmi_top/hw/mb_usb_hdmi_top.xsa
TRACE::2024-10-21.19:19:31::SCWPlatform:: Unique name xilinx:::0.0
TRACE::2024-10-21.19:19:31::SCWPlatform::Trying to set the existing hwdb with name mb_usb_hdmi_top_14
TRACE::2024-10-21.19:19:31::SCWPlatform::Opened existing hwdb mb_usb_hdmi_top_14
TRACE::2024-10-21.19:19:31::SCWPlatform::Found the Hw Db part of the input DSA
TRACE::2024-10-21.19:19:31::SCWMssOS::Checking the sw design at  C:/Users/jkali/ece385/lab6/lab62/lab62_sdk/mb_usb_hdmi_top/microblaze_0/standalone_microblaze_0/bsp/system.mss
TRACE::2024-10-21.19:19:31::SCWMssOS::DEBUG:  swdes dump  C:/Users/jkali/ece385/lab6/lab62/lab62_sdk/mb_usb_hdmi_top/microblaze_0/standalone_microblaze_0/bsp/system.mss|system||

TRACE::2024-10-21.19:19:31::SCWMssOS::Sw design exists and opened at  C:/Users/jkali/ece385/lab6/lab62/lab62_sdk/mb_usb_hdmi_top/microblaze_0/standalone_microblaze_0/bsp/system.mss
TRACE::2024-10-21.19:19:31::SCWWriter::formatted JSON is {
	"platformName":	"mb_usb_hdmi_top",
	"sprVersion":	"2.0",
	"mode":	"gui",
	"dsaType":	"Fixed",
	"platformDesc":	"mb_usb_hdmi_top",
	"platHandOff":	"C:/Users/jkali/ece385/lab6/lab62/mb_usb_hdmi_top.xsa",
	"platIntHandOff":	"<platformDir>/hw/mb_usb_hdmi_top.xsa",
	"deviceType":	"FPGA",
	"platIsPrebuiltAutogen":	"false",
	"platIsNoBootBsp":	"false",
	"hasFsblMakeHasChanges":	"false",
	"hasPmufwMakeHasChanges":	"false",
	"platPreBuiltFlag":	false,
	"platformSamplesDir":	"",
	"platActiveSys":	"mb_usb_hdmi_top",
	"systems":	[{
			"systemName":	"mb_usb_hdmi_top",
			"systemDesc":	"mb_usb_hdmi_top",
			"sysIsBootAutoGen":	"true",
			"systemDispName":	"mb_usb_hdmi_top",
			"sysActiveDom":	"standalone_microblaze_0",
			"sysDefaultDom":	"standalone_microblaze_0",
			"domains":	[{
					"domainName":	"standalone_microblaze_0",
					"domainDispName":	"standalone_microblaze_0",
					"domainDesc":	"standalone_microblaze_0",
					"processors":	"microblaze_0",
					"os":	"standalone",
					"sdxOs":	"standalone",
					"debugEnable":	"False",
					"domRuntimes":	["cpp"],
					"swRepo":	"",
					"mssOsVer":	"8.0",
					"mssFile":	"",
					"md5Digest":	"304529987e879521ca977c68d163f362",
					"compatibleApp":	"",
					"domType":	"mssDomain",
					"arch":	"32-bit",
					"appSettings":	{
						"appCompilerFlags":	"",
						"appLinkerFlags":	""
					},
					"addedLibs":	[],
					"libOptions":	{
						"libsContainingOptions":	[]
					},
					"prebuiltLibs":	{
						"prebuiltIncPath":	[],
						"prebuiltLibPath":	[]
					},
					"isolation":	{
					}
				}]
		}]
}
KEYINFO::2024-10-21.19:19:31::SCWPlatform::updated the xpfm file.
TRACE::2024-10-21.19:19:31::SCWPlatform::Trying to open the hw design at C:/Users/jkali/ece385/lab6/lab62/lab62_sdk/mb_usb_hdmi_top/hw/mb_usb_hdmi_top.xsa
TRACE::2024-10-21.19:19:31::SCWPlatform::DSA given C:/Users/jkali/ece385/lab6/lab62/lab62_sdk/mb_usb_hdmi_top/hw/mb_usb_hdmi_top.xsa
TRACE::2024-10-21.19:19:31::SCWPlatform::DSA absoulate path C:/Users/jkali/ece385/lab6/lab62/lab62_sdk/mb_usb_hdmi_top/hw/mb_usb_hdmi_top.xsa
TRACE::2024-10-21.19:19:31::SCWPlatform::DSA directory C:/Users/jkali/ece385/lab6/lab62/lab62_sdk/mb_usb_hdmi_top/hw
TRACE::2024-10-21.19:19:31::SCWPlatform:: Platform Path C:/Users/jkali/ece385/lab6/lab62/lab62_sdk/mb_usb_hdmi_top/hw/mb_usb_hdmi_top.xsa
TRACE::2024-10-21.19:19:31::SCWPlatform:: Unique name xilinx:::0.0
TRACE::2024-10-21.19:19:31::SCWPlatform::Trying to set the existing hwdb with name mb_usb_hdmi_top_14
TRACE::2024-10-21.19:19:31::SCWPlatform::Opened existing hwdb mb_usb_hdmi_top_14
TRACE::2024-10-21.19:19:31::SCWPlatform::Found the Hw Db part of the input DSA
TRACE::2024-10-21.19:19:31::SCWMssOS::Checking the sw design at  C:/Users/jkali/ece385/lab6/lab62/lab62_sdk/mb_usb_hdmi_top/microblaze_0/standalone_microblaze_0/bsp/system.mss
TRACE::2024-10-21.19:19:31::SCWMssOS::DEBUG:  swdes dump  C:/Users/jkali/ece385/lab6/lab62/lab62_sdk/mb_usb_hdmi_top/microblaze_0/standalone_microblaze_0/bsp/system.mss|system||

TRACE::2024-10-21.19:19:31::SCWMssOS::Sw design exists and opened at  C:/Users/jkali/ece385/lab6/lab62/lab62_sdk/mb_usb_hdmi_top/microblaze_0/standalone_microblaze_0/bsp/system.mss
TRACE::2024-10-21.19:23:18::SCWPlatform::Clearing the existing platform
TRACE::2024-10-21.19:23:18::SCWSystem::Clearing the existing sysconfig
TRACE::2024-10-21.19:23:18::SCWMssOS::Removing the swdes entry for  C:/Users/jkali/ece385/lab6/lab62/lab62_sdk/mb_usb_hdmi_top/microblaze_0/standalone_microblaze_0/bsp/system.mss
TRACE::2024-10-21.19:23:18::SCWSystem::Clearing the domains completed.
TRACE::2024-10-21.19:23:18::SCWPlatform::Clearing the opened hw db.
TRACE::2024-10-21.19:23:18::SCWPlatform::DSA given C:/Users/jkali/ece385/lab6/lab62/lab62_sdk/mb_usb_hdmi_top/hw/mb_usb_hdmi_top.xsa
TRACE::2024-10-21.19:23:18::SCWPlatform::DSA absoulate path C:/Users/jkali/ece385/lab6/lab62/lab62_sdk/mb_usb_hdmi_top/hw/mb_usb_hdmi_top.xsa
TRACE::2024-10-21.19:23:18::SCWPlatform:: Platform location is C:/Users/jkali/ece385/lab6/lab62/lab62_sdk/mb_usb_hdmi_top/hw
TRACE::2024-10-21.19:23:18::SCWPlatform:: Platform Path C:/Users/jkali/ece385/lab6/lab62/lab62_sdk/mb_usb_hdmi_top/hw/mb_usb_hdmi_top.xsa
TRACE::2024-10-21.19:23:18::SCWPlatform:: Unique name xilinx:::0.0
TRACE::2024-10-21.19:23:18::SCWPlatform::Removing the HwDB with name C:/Users/jkali/ece385/lab6/lab62/lab62_sdk/mb_usb_hdmi_top/hw/mb_usb_hdmi_top.xsa
TRACE::2024-10-21.19:23:18::SCWPlatform::Trying to open the hw design at C:/Users/jkali/ece385/lab6/lab62/lab62_sdk/mb_usb_hdmi_top/hw/mb_usb_hdmi_top.xsa
TRACE::2024-10-21.19:23:18::SCWPlatform::DSA given C:/Users/jkali/ece385/lab6/lab62/lab62_sdk/mb_usb_hdmi_top/hw/mb_usb_hdmi_top.xsa
TRACE::2024-10-21.19:23:18::SCWPlatform::DSA absoulate path C:/Users/jkali/ece385/lab6/lab62/lab62_sdk/mb_usb_hdmi_top/hw/mb_usb_hdmi_top.xsa
TRACE::2024-10-21.19:23:18::SCWPlatform::DSA directory C:/Users/jkali/ece385/lab6/lab62/lab62_sdk/mb_usb_hdmi_top/hw
TRACE::2024-10-21.19:23:18::SCWPlatform:: Platform Path C:/Users/jkali/ece385/lab6/lab62/lab62_sdk/mb_usb_hdmi_top/hw/mb_usb_hdmi_top.xsa
TRACE::2024-10-21.19:23:18::SCWPlatform:: Unique name xilinx:::0.0
TRACE::2024-10-21.19:23:18::SCWPlatform::Do not have an existing db opened. 
TRACE::2024-10-21.19:23:19::SCWPlatform::Opened new HwDB with name mb_usb_hdmi_top_16
TRACE::2024-10-21.19:23:19::SCWReader::Active system found as  mb_usb_hdmi_top
TRACE::2024-10-21.19:23:19::SCWReader::Handling sysconfig mb_usb_hdmi_top
TRACE::2024-10-21.19:23:19::SCWDomain::checking for install qemu data   : 
TRACE::2024-10-21.19:23:19::SCWPlatform::Trying to open the hw design at C:/Users/jkali/ece385/lab6/lab62/lab62_sdk/mb_usb_hdmi_top/hw/mb_usb_hdmi_top.xsa
TRACE::2024-10-21.19:23:19::SCWPlatform::DSA given C:/Users/jkali/ece385/lab6/lab62/lab62_sdk/mb_usb_hdmi_top/hw/mb_usb_hdmi_top.xsa
TRACE::2024-10-21.19:23:19::SCWPlatform::DSA absoulate path C:/Users/jkali/ece385/lab6/lab62/lab62_sdk/mb_usb_hdmi_top/hw/mb_usb_hdmi_top.xsa
TRACE::2024-10-21.19:23:19::SCWPlatform::DSA directory C:/Users/jkali/ece385/lab6/lab62/lab62_sdk/mb_usb_hdmi_top/hw
TRACE::2024-10-21.19:23:19::SCWPlatform:: Platform Path C:/Users/jkali/ece385/lab6/lab62/lab62_sdk/mb_usb_hdmi_top/hw/mb_usb_hdmi_top.xsa
TRACE::2024-10-21.19:23:19::SCWPlatform:: Unique name xilinx:::0.0
TRACE::2024-10-21.19:23:19::SCWPlatform::Trying to set the existing hwdb with name mb_usb_hdmi_top_16
TRACE::2024-10-21.19:23:19::SCWPlatform::Opened existing hwdb mb_usb_hdmi_top_16
TRACE::2024-10-21.19:23:19::SCWPlatform::Found the Hw Db part of the input DSA
TRACE::2024-10-21.19:23:19::SCWPlatform::Trying to open the hw design at C:/Users/jkali/ece385/lab6/lab62/lab62_sdk/mb_usb_hdmi_top/hw/mb_usb_hdmi_top.xsa
TRACE::2024-10-21.19:23:19::SCWPlatform::DSA given C:/Users/jkali/ece385/lab6/lab62/lab62_sdk/mb_usb_hdmi_top/hw/mb_usb_hdmi_top.xsa
TRACE::2024-10-21.19:23:19::SCWPlatform::DSA absoulate path C:/Users/jkali/ece385/lab6/lab62/lab62_sdk/mb_usb_hdmi_top/hw/mb_usb_hdmi_top.xsa
TRACE::2024-10-21.19:23:19::SCWPlatform::DSA directory C:/Users/jkali/ece385/lab6/lab62/lab62_sdk/mb_usb_hdmi_top/hw
TRACE::2024-10-21.19:23:19::SCWPlatform:: Platform Path C:/Users/jkali/ece385/lab6/lab62/lab62_sdk/mb_usb_hdmi_top/hw/mb_usb_hdmi_top.xsa
TRACE::2024-10-21.19:23:19::SCWPlatform:: Unique name xilinx:::0.0
TRACE::2024-10-21.19:23:19::SCWPlatform::Trying to set the existing hwdb with name mb_usb_hdmi_top_16
TRACE::2024-10-21.19:23:19::SCWPlatform::Opened existing hwdb mb_usb_hdmi_top_16
TRACE::2024-10-21.19:23:19::SCWPlatform::Found the Hw Db part of the input DSA
TRACE::2024-10-21.19:23:19::SCWPlatform::Trying to open the hw design at C:/Users/jkali/ece385/lab6/lab62/lab62_sdk/mb_usb_hdmi_top/hw/mb_usb_hdmi_top.xsa
TRACE::2024-10-21.19:23:19::SCWPlatform::DSA given C:/Users/jkali/ece385/lab6/lab62/lab62_sdk/mb_usb_hdmi_top/hw/mb_usb_hdmi_top.xsa
TRACE::2024-10-21.19:23:19::SCWPlatform::DSA absoulate path C:/Users/jkali/ece385/lab6/lab62/lab62_sdk/mb_usb_hdmi_top/hw/mb_usb_hdmi_top.xsa
TRACE::2024-10-21.19:23:19::SCWPlatform::DSA directory C:/Users/jkali/ece385/lab6/lab62/lab62_sdk/mb_usb_hdmi_top/hw
TRACE::2024-10-21.19:23:19::SCWPlatform:: Platform Path C:/Users/jkali/ece385/lab6/lab62/lab62_sdk/mb_usb_hdmi_top/hw/mb_usb_hdmi_top.xsa
TRACE::2024-10-21.19:23:19::SCWPlatform:: Unique name xilinx:::0.0
TRACE::2024-10-21.19:23:19::SCWPlatform::Trying to set the existing hwdb with name mb_usb_hdmi_top_16
TRACE::2024-10-21.19:23:19::SCWPlatform::Opened existing hwdb mb_usb_hdmi_top_16
TRACE::2024-10-21.19:23:19::SCWPlatform::Found the Hw Db part of the input DSA
TRACE::2024-10-21.19:23:19::SCWPlatform::Trying to open the hw design at C:/Users/jkali/ece385/lab6/lab62/lab62_sdk/mb_usb_hdmi_top/hw/mb_usb_hdmi_top.xsa
TRACE::2024-10-21.19:23:19::SCWPlatform::DSA given C:/Users/jkali/ece385/lab6/lab62/lab62_sdk/mb_usb_hdmi_top/hw/mb_usb_hdmi_top.xsa
TRACE::2024-10-21.19:23:19::SCWPlatform::DSA absoulate path C:/Users/jkali/ece385/lab6/lab62/lab62_sdk/mb_usb_hdmi_top/hw/mb_usb_hdmi_top.xsa
TRACE::2024-10-21.19:23:19::SCWPlatform::DSA directory C:/Users/jkali/ece385/lab6/lab62/lab62_sdk/mb_usb_hdmi_top/hw
TRACE::2024-10-21.19:23:19::SCWPlatform:: Platform Path C:/Users/jkali/ece385/lab6/lab62/lab62_sdk/mb_usb_hdmi_top/hw/mb_usb_hdmi_top.xsa
TRACE::2024-10-21.19:23:19::SCWPlatform:: Unique name xilinx:::0.0
TRACE::2024-10-21.19:23:19::SCWPlatform::Trying to set the existing hwdb with name mb_usb_hdmi_top_16
TRACE::2024-10-21.19:23:19::SCWPlatform::Opened existing hwdb mb_usb_hdmi_top_16
TRACE::2024-10-21.19:23:19::SCWPlatform::Found the Hw Db part of the input DSA
TRACE::2024-10-21.19:23:19::SCWMssOS::Checking the sw design at  C:/Users/jkali/ece385/lab6/lab62/lab62_sdk/mb_usb_hdmi_top/microblaze_0/standalone_microblaze_0/bsp/system.mss
TRACE::2024-10-21.19:23:19::SCWMssOS::DEBUG:  swdes dump  
TRACE::2024-10-21.19:23:19::SCWMssOS::No sw design opened at  C:/Users/jkali/ece385/lab6/lab62/lab62_sdk/mb_usb_hdmi_top/microblaze_0/standalone_microblaze_0/bsp/system.mss
TRACE::2024-10-21.19:23:19::SCWMssOS::mss exists loading the mss file  C:/Users/jkali/ece385/lab6/lab62/lab62_sdk/mb_usb_hdmi_top/microblaze_0/standalone_microblaze_0/bsp/system.mss
TRACE::2024-10-21.19:23:19::SCWMssOS::Opened the sw design from mss  C:/Users/jkali/ece385/lab6/lab62/lab62_sdk/mb_usb_hdmi_top/microblaze_0/standalone_microblaze_0/bsp/system.mss
TRACE::2024-10-21.19:23:19::SCWMssOS::Adding the swdes entry C:/Users/jkali/ece385/lab6/lab62/lab62_sdk/mb_usb_hdmi_top/microblaze_0/standalone_microblaze_0/bsp/system.mss with des name system
TRACE::2024-10-21.19:23:19::SCWMssOS::updating the scw layer about changes
TRACE::2024-10-21.19:23:19::SCWMssOS::Opened the sw design.  C:/Users/jkali/ece385/lab6/lab62/lab62_sdk/mb_usb_hdmi_top/microblaze_0/standalone_microblaze_0/bsp/system.mss
TRACE::2024-10-21.19:23:19::SCWMssOS::Saving the mss changes C:/Users/jkali/ece385/lab6/lab62/lab62_sdk/mb_usb_hdmi_top/microblaze_0/standalone_microblaze_0/bsp/system.mss
TRACE::2024-10-21.19:23:19::SCWMssOS::Found a swdesign opened with the mssfile.
TRACE::2024-10-21.19:23:19::SCWMssOS::Completed writemss as part of save.
TRACE::2024-10-21.19:23:19::SCWMssOS::Commit changes completed.
TRACE::2024-10-21.19:23:19::SCWReader::Adding prebuilt librarypaths as   
TRACE::2024-10-21.19:23:19::SCWReader::Adding prebuilt incpaths  as   
TRACE::2024-10-21.19:23:19::SCWPlatform::Trying to open the hw design at C:/Users/jkali/ece385/lab6/lab62/lab62_sdk/mb_usb_hdmi_top/hw/mb_usb_hdmi_top.xsa
TRACE::2024-10-21.19:23:19::SCWPlatform::DSA given C:/Users/jkali/ece385/lab6/lab62/lab62_sdk/mb_usb_hdmi_top/hw/mb_usb_hdmi_top.xsa
TRACE::2024-10-21.19:23:19::SCWPlatform::DSA absoulate path C:/Users/jkali/ece385/lab6/lab62/lab62_sdk/mb_usb_hdmi_top/hw/mb_usb_hdmi_top.xsa
TRACE::2024-10-21.19:23:19::SCWPlatform::DSA directory C:/Users/jkali/ece385/lab6/lab62/lab62_sdk/mb_usb_hdmi_top/hw
TRACE::2024-10-21.19:23:19::SCWPlatform:: Platform Path C:/Users/jkali/ece385/lab6/lab62/lab62_sdk/mb_usb_hdmi_top/hw/mb_usb_hdmi_top.xsa
TRACE::2024-10-21.19:23:19::SCWPlatform:: Unique name xilinx:::0.0
TRACE::2024-10-21.19:23:19::SCWPlatform::Trying to set the existing hwdb with name mb_usb_hdmi_top_16
TRACE::2024-10-21.19:23:19::SCWPlatform::Opened existing hwdb mb_usb_hdmi_top_16
TRACE::2024-10-21.19:23:19::SCWPlatform::Found the Hw Db part of the input DSA
TRACE::2024-10-21.19:23:19::SCWMssOS::Checking the sw design at  C:/Users/jkali/ece385/lab6/lab62/lab62_sdk/mb_usb_hdmi_top/microblaze_0/standalone_microblaze_0/bsp/system.mss
TRACE::2024-10-21.19:23:19::SCWMssOS::DEBUG:  swdes dump  C:/Users/jkali/ece385/lab6/lab62/lab62_sdk/mb_usb_hdmi_top/microblaze_0/standalone_microblaze_0/bsp/system.mss|system||

TRACE::2024-10-21.19:23:19::SCWMssOS::Sw design exists and opened at  C:/Users/jkali/ece385/lab6/lab62/lab62_sdk/mb_usb_hdmi_top/microblaze_0/standalone_microblaze_0/bsp/system.mss
TRACE::2024-10-21.19:23:19::SCWReader::No isolation master present  
TRACE::2024-10-21.19:23:22::SCWPlatform::DSA given C:/Users/jkali/ece385/lab6/lab62/lab62_sdk/mb_usb_hdmi_top/tempdsa/mb_usb_hdmi_top.xsa
TRACE::2024-10-21.19:23:22::SCWPlatform::DSA absoulate path C:/Users/jkali/ece385/lab6/lab62/lab62_sdk/mb_usb_hdmi_top/tempdsa/mb_usb_hdmi_top.xsa
TRACE::2024-10-21.19:23:22::SCWPlatform:: Platform location is C:/Users/jkali/ece385/lab6/lab62/lab62_sdk/mb_usb_hdmi_top/tempdsa
TRACE::2024-10-21.19:23:22::SCWPlatform:: Platform Path C:/Users/jkali/ece385/lab6/lab62/lab62_sdk/mb_usb_hdmi_top/tempdsa/mb_usb_hdmi_top.xsa
TRACE::2024-10-21.19:23:22::SCWPlatform:: Unique name xilinx:::0.0
TRACE::2024-10-21.19:23:22::SCWPlatform::Found the Hw Db part of the input DSA
TRACE::2024-10-21.19:23:22::SCWMssOS::Doing hw sync for the mss in domain: standalone_microblaze_0
TRACE::2024-10-21.19:23:22::SCWPlatform::Trying to open the hw design at C:/Users/jkali/ece385/lab6/lab62/lab62_sdk/mb_usb_hdmi_top/hw/mb_usb_hdmi_top.xsa
TRACE::2024-10-21.19:23:22::SCWPlatform::DSA given C:/Users/jkali/ece385/lab6/lab62/lab62_sdk/mb_usb_hdmi_top/hw/mb_usb_hdmi_top.xsa
TRACE::2024-10-21.19:23:22::SCWPlatform::DSA absoulate path C:/Users/jkali/ece385/lab6/lab62/lab62_sdk/mb_usb_hdmi_top/hw/mb_usb_hdmi_top.xsa
TRACE::2024-10-21.19:23:22::SCWPlatform::DSA directory C:/Users/jkali/ece385/lab6/lab62/lab62_sdk/mb_usb_hdmi_top/hw
TRACE::2024-10-21.19:23:22::SCWPlatform:: Platform Path C:/Users/jkali/ece385/lab6/lab62/lab62_sdk/mb_usb_hdmi_top/hw/mb_usb_hdmi_top.xsa
TRACE::2024-10-21.19:23:22::SCWPlatform:: Unique name xilinx:::0.0
TRACE::2024-10-21.19:23:22::SCWPlatform::Trying to set the existing hwdb with name mb_usb_hdmi_top_16
TRACE::2024-10-21.19:23:22::SCWPlatform::Opened existing hwdb mb_usb_hdmi_top_16
TRACE::2024-10-21.19:23:22::SCWPlatform::Found the Hw Db part of the input DSA
TRACE::2024-10-21.19:23:22::SCWPlatform::Trying to open the hw design at C:/Users/jkali/ece385/lab6/lab62/lab62_sdk/mb_usb_hdmi_top/hw/mb_usb_hdmi_top.xsa
TRACE::2024-10-21.19:23:22::SCWPlatform::DSA given C:/Users/jkali/ece385/lab6/lab62/lab62_sdk/mb_usb_hdmi_top/hw/mb_usb_hdmi_top.xsa
TRACE::2024-10-21.19:23:22::SCWPlatform::DSA absoulate path C:/Users/jkali/ece385/lab6/lab62/lab62_sdk/mb_usb_hdmi_top/hw/mb_usb_hdmi_top.xsa
TRACE::2024-10-21.19:23:22::SCWPlatform::DSA directory C:/Users/jkali/ece385/lab6/lab62/lab62_sdk/mb_usb_hdmi_top/hw
TRACE::2024-10-21.19:23:22::SCWPlatform:: Platform Path C:/Users/jkali/ece385/lab6/lab62/lab62_sdk/mb_usb_hdmi_top/hw/mb_usb_hdmi_top.xsa
TRACE::2024-10-21.19:23:22::SCWPlatform:: Unique name xilinx:::0.0
TRACE::2024-10-21.19:23:22::SCWPlatform::Trying to set the existing hwdb with name mb_usb_hdmi_top_16
TRACE::2024-10-21.19:23:22::SCWPlatform::Opened existing hwdb mb_usb_hdmi_top_16
TRACE::2024-10-21.19:23:22::SCWPlatform::Found the Hw Db part of the input DSA
TRACE::2024-10-21.19:23:22::SCWMssOS::Checking the sw design at  C:/Users/jkali/ece385/lab6/lab62/lab62_sdk/mb_usb_hdmi_top/microblaze_0/standalone_microblaze_0/bsp/system.mss
TRACE::2024-10-21.19:23:22::SCWMssOS::DEBUG:  swdes dump  C:/Users/jkali/ece385/lab6/lab62/lab62_sdk/mb_usb_hdmi_top/microblaze_0/standalone_microblaze_0/bsp/system.mss|system||

TRACE::2024-10-21.19:23:22::SCWMssOS::Sw design exists and opened at  C:/Users/jkali/ece385/lab6/lab62/lab62_sdk/mb_usb_hdmi_top/microblaze_0/standalone_microblaze_0/bsp/system.mss
TRACE::2024-10-21.19:23:22::SCWPlatform::Trying to open the hw design at C:/Users/jkali/ece385/lab6/lab62/lab62_sdk/mb_usb_hdmi_top/tempdsa/mb_usb_hdmi_top.xsa
TRACE::2024-10-21.19:23:22::SCWPlatform::DSA given C:/Users/jkali/ece385/lab6/lab62/lab62_sdk/mb_usb_hdmi_top/tempdsa/mb_usb_hdmi_top.xsa
TRACE::2024-10-21.19:23:22::SCWPlatform::DSA absoulate path C:/Users/jkali/ece385/lab6/lab62/lab62_sdk/mb_usb_hdmi_top/tempdsa/mb_usb_hdmi_top.xsa
TRACE::2024-10-21.19:23:22::SCWPlatform::DSA directory C:/Users/jkali/ece385/lab6/lab62/lab62_sdk/mb_usb_hdmi_top/tempdsa
TRACE::2024-10-21.19:23:22::SCWPlatform:: Platform Path C:/Users/jkali/ece385/lab6/lab62/lab62_sdk/mb_usb_hdmi_top/tempdsa/mb_usb_hdmi_top.xsa
TRACE::2024-10-21.19:23:22::SCWPlatform:: Unique name xilinx:::0.0
TRACE::2024-10-21.19:23:22::SCWPlatform::update - Opened existing hwdb mb_usb_hdmi_top_17
TRACE::2024-10-21.19:23:22::SCWPlatform::Found the Hw Db part of the input DSA
TRACE::2024-10-21.19:23:22::SCWMssOS::Saving the mss changes C:/Users/jkali/ece385/lab6/lab62/lab62_sdk/mb_usb_hdmi_top/microblaze_0/standalone_microblaze_0/bsp/system.mss
TRACE::2024-10-21.19:23:22::SCWMssOS::Found a swdesign opened with the mssfile.
TRACE::2024-10-21.19:23:22::SCWMssOS::Completed writemss as part of save.
TRACE::2024-10-21.19:23:22::SCWMssOS::Commit changes completed.
TRACE::2024-10-21.19:23:22::SCWMssOS::Completed hw sync for the mss in domain: standalone_microblaze_0
TRACE::2024-10-21.19:23:22::SCWMssOS::Removing the swdes entry for  C:/Users/jkali/ece385/lab6/lab62/lab62_sdk/mb_usb_hdmi_top/microblaze_0/standalone_microblaze_0/bsp/system.mss
TRACE::2024-10-21.19:23:22::SCWPlatform::Trying to open the hw design at C:/Users/jkali/ece385/lab6/lab62/lab62_sdk/mb_usb_hdmi_top/hw/mb_usb_hdmi_top.xsa
TRACE::2024-10-21.19:23:22::SCWPlatform::DSA given C:/Users/jkali/ece385/lab6/lab62/lab62_sdk/mb_usb_hdmi_top/hw/mb_usb_hdmi_top.xsa
TRACE::2024-10-21.19:23:22::SCWPlatform::DSA absoulate path C:/Users/jkali/ece385/lab6/lab62/lab62_sdk/mb_usb_hdmi_top/hw/mb_usb_hdmi_top.xsa
TRACE::2024-10-21.19:23:22::SCWPlatform::DSA directory C:/Users/jkali/ece385/lab6/lab62/lab62_sdk/mb_usb_hdmi_top/hw
TRACE::2024-10-21.19:23:22::SCWPlatform:: Platform Path C:/Users/jkali/ece385/lab6/lab62/lab62_sdk/mb_usb_hdmi_top/hw/mb_usb_hdmi_top.xsa
TRACE::2024-10-21.19:23:22::SCWPlatform:: Unique name xilinx:::0.0
TRACE::2024-10-21.19:23:22::SCWPlatform::Do not have an existing db opened. 
TRACE::2024-10-21.19:23:22::SCWPlatform::Opened new HwDB with name mb_usb_hdmi_top_18
TRACE::2024-10-21.19:23:22::SCWMssOS::Saving the mss changes C:/Users/jkali/ece385/lab6/lab62/lab62_sdk/mb_usb_hdmi_top/microblaze_0/standalone_microblaze_0/bsp/system.mss
TRACE::2024-10-21.19:23:22::SCWMssOS::Adding the swdes entry, mss present, able to open swdb C:/Users/jkali/ece385/lab6/lab62/lab62_sdk/mb_usb_hdmi_top/microblaze_0/standalone_microblaze_0/bsp/system.mss with des name system
TRACE::2024-10-21.19:23:22::SCWMssOS::Writing the mss file completed C:/Users/jkali/ece385/lab6/lab62/lab62_sdk/mb_usb_hdmi_top/microblaze_0/standalone_microblaze_0/bsp/system.mss
TRACE::2024-10-21.19:23:22::SCWMssOS::Commit changes completed.
TRACE::2024-10-21.19:23:22::SCWPlatform::Trying to open the hw design at C:/Users/jkali/ece385/lab6/lab62/lab62_sdk/mb_usb_hdmi_top/hw/mb_usb_hdmi_top.xsa
TRACE::2024-10-21.19:23:22::SCWPlatform::DSA given C:/Users/jkali/ece385/lab6/lab62/lab62_sdk/mb_usb_hdmi_top/hw/mb_usb_hdmi_top.xsa
TRACE::2024-10-21.19:23:22::SCWPlatform::DSA absoulate path C:/Users/jkali/ece385/lab6/lab62/lab62_sdk/mb_usb_hdmi_top/hw/mb_usb_hdmi_top.xsa
TRACE::2024-10-21.19:23:22::SCWPlatform::DSA directory C:/Users/jkali/ece385/lab6/lab62/lab62_sdk/mb_usb_hdmi_top/hw
TRACE::2024-10-21.19:23:22::SCWPlatform:: Platform Path C:/Users/jkali/ece385/lab6/lab62/lab62_sdk/mb_usb_hdmi_top/hw/mb_usb_hdmi_top.xsa
TRACE::2024-10-21.19:23:22::SCWPlatform:: Unique name xilinx:::0.0
TRACE::2024-10-21.19:23:22::SCWPlatform::Trying to set the existing hwdb with name mb_usb_hdmi_top_18
TRACE::2024-10-21.19:23:22::SCWPlatform::Opened existing hwdb mb_usb_hdmi_top_18
TRACE::2024-10-21.19:23:22::SCWPlatform::Found the Hw Db part of the input DSA
TRACE::2024-10-21.19:23:22::SCWMssOS::Checking the sw design at  C:/Users/jkali/ece385/lab6/lab62/lab62_sdk/mb_usb_hdmi_top/microblaze_0/standalone_microblaze_0/bsp/system.mss
TRACE::2024-10-21.19:23:22::SCWMssOS::DEBUG:  swdes dump  C:/Users/jkali/ece385/lab6/lab62/lab62_sdk/mb_usb_hdmi_top/microblaze_0/standalone_microblaze_0/bsp/system.mss|system||

TRACE::2024-10-21.19:23:22::SCWMssOS::Sw design exists and opened at  C:/Users/jkali/ece385/lab6/lab62/lab62_sdk/mb_usb_hdmi_top/microblaze_0/standalone_microblaze_0/bsp/system.mss
TRACE::2024-10-21.19:23:22::SCWWriter::formatted JSON is {
	"platformName":	"mb_usb_hdmi_top",
	"sprVersion":	"2.0",
	"mode":	"gui",
	"dsaType":	"Fixed",
	"platformDesc":	"mb_usb_hdmi_top",
	"platHandOff":	"C:/Users/jkali/ece385/lab6/lab62/mb_usb_hdmi_top.xsa",
	"platIntHandOff":	"<platformDir>/hw/mb_usb_hdmi_top.xsa",
	"deviceType":	"FPGA",
	"platIsPrebuiltAutogen":	"false",
	"platIsNoBootBsp":	"false",
	"hasFsblMakeHasChanges":	"false",
	"hasPmufwMakeHasChanges":	"false",
	"platPreBuiltFlag":	false,
	"platformSamplesDir":	"",
	"platActiveSys":	"mb_usb_hdmi_top",
	"systems":	[{
			"systemName":	"mb_usb_hdmi_top",
			"systemDesc":	"mb_usb_hdmi_top",
			"sysIsBootAutoGen":	"true",
			"systemDispName":	"mb_usb_hdmi_top",
			"sysActiveDom":	"standalone_microblaze_0",
			"sysDefaultDom":	"standalone_microblaze_0",
			"domains":	[{
					"domainName":	"standalone_microblaze_0",
					"domainDispName":	"standalone_microblaze_0",
					"domainDesc":	"standalone_microblaze_0",
					"processors":	"microblaze_0",
					"os":	"standalone",
					"sdxOs":	"standalone",
					"debugEnable":	"False",
					"domRuntimes":	["cpp"],
					"swRepo":	"",
					"mssOsVer":	"8.0",
					"mssFile":	"",
					"md5Digest":	"304529987e879521ca977c68d163f3621",
					"compatibleApp":	"",
					"domType":	"mssDomain",
					"arch":	"32-bit",
					"appSettings":	{
						"appCompilerFlags":	"",
						"appLinkerFlags":	""
					},
					"addedLibs":	[],
					"libOptions":	{
						"libsContainingOptions":	[]
					},
					"prebuiltLibs":	{
						"prebuiltIncPath":	[],
						"prebuiltLibPath":	[]
					},
					"isolation":	{
					}
				}]
		}]
}
TRACE::2024-10-21.19:23:33::SCWMssOS::cleaning the bsp 
TRACE::2024-10-21.19:23:33::SCWMssOS::System Command Ran  C: & cd  C:/Users/jkali/ece385/lab6/lab62/lab62_sdk/mb_usb_hdmi_top/microblaze_0/standalone_microblaze_0/bsp & make clean 
TRACE::2024-10-21.19:23:33::SCWMssOS::make -C microblaze_0/libsrc/bram_v4_8/src -s clean 

TRACE::2024-10-21.19:23:33::SCWMssOS::make -C microblaze_0/libsrc/cpu_v2_16/src -s clean 

TRACE::2024-10-21.19:23:33::SCWMssOS::make -C microblaze_0/libsrc/gpio_v4_9/src -s clean 

TRACE::2024-10-21.19:23:33::SCWMssOS::make -C microblaze_0/libsrc/intc_v3_15/src -s clean 

TRACE::2024-10-21.19:23:33::SCWMssOS::make -C microblaze_0/libsrc/spi_v4_9/src -s clean 

TRACE::2024-10-21.19:23:33::SCWMssOS::make -C microblaze_0/libsrc/standalone_v8_0/src -s clean 

TRACE::2024-10-21.19:23:33::SCWMssOS::make -C microblaze_0/libsrc/tmrctr_v4_9/src -s clean 

TRACE::2024-10-21.19:23:33::SCWMssOS::make -C microblaze_0/libsrc/uartlite_v3_7/src -s clean 

TRACE::2024-10-21.19:23:33::SCWMssOS::rm -f microblaze_0/lib/libxil.a

LOG::2024-10-21.19:23:35::SCWPlatform::Started generating the artifacts platform mb_usb_hdmi_top
TRACE::2024-10-21.19:23:35::SCWPlatform::Sanity checking of platform is completed
LOG::2024-10-21.19:23:35::SCWPlatform::Started generating the artifacts for system configuration mb_usb_hdmi_top
LOG::2024-10-21.19:23:35::SCWSystem::Checking the domain standalone_microblaze_0
LOG::2024-10-21.19:23:35::SCWSystem::Not a boot domain 
LOG::2024-10-21.19:23:35::SCWSystem::Started Processing the domain standalone_microblaze_0
TRACE::2024-10-21.19:23:35::SCWDomain::Generating domain artifcats
TRACE::2024-10-21.19:23:35::SCWMssOS::Generating standalone artifcats
TRACE::2024-10-21.19:23:35::SCWMssOS:: Copying the user libraries. 
TRACE::2024-10-21.19:23:35::SCWPlatform::Trying to open the hw design at C:/Users/jkali/ece385/lab6/lab62/lab62_sdk/mb_usb_hdmi_top/hw/mb_usb_hdmi_top.xsa
TRACE::2024-10-21.19:23:35::SCWPlatform::DSA given C:/Users/jkali/ece385/lab6/lab62/lab62_sdk/mb_usb_hdmi_top/hw/mb_usb_hdmi_top.xsa
TRACE::2024-10-21.19:23:35::SCWPlatform::DSA absoulate path C:/Users/jkali/ece385/lab6/lab62/lab62_sdk/mb_usb_hdmi_top/hw/mb_usb_hdmi_top.xsa
TRACE::2024-10-21.19:23:35::SCWPlatform::DSA directory C:/Users/jkali/ece385/lab6/lab62/lab62_sdk/mb_usb_hdmi_top/hw
TRACE::2024-10-21.19:23:35::SCWPlatform:: Platform Path C:/Users/jkali/ece385/lab6/lab62/lab62_sdk/mb_usb_hdmi_top/hw/mb_usb_hdmi_top.xsa
TRACE::2024-10-21.19:23:35::SCWPlatform:: Unique name xilinx:::0.0
TRACE::2024-10-21.19:23:35::SCWPlatform::Trying to set the existing hwdb with name mb_usb_hdmi_top_18
TRACE::2024-10-21.19:23:35::SCWPlatform::Opened existing hwdb mb_usb_hdmi_top_18
TRACE::2024-10-21.19:23:35::SCWPlatform::Found the Hw Db part of the input DSA
TRACE::2024-10-21.19:23:35::SCWMssOS::Checking the sw design at  C:/Users/jkali/ece385/lab6/lab62/lab62_sdk/mb_usb_hdmi_top/microblaze_0/standalone_microblaze_0/bsp/system.mss
TRACE::2024-10-21.19:23:35::SCWMssOS::DEBUG:  swdes dump  C:/Users/jkali/ece385/lab6/lab62/lab62_sdk/mb_usb_hdmi_top/microblaze_0/standalone_microblaze_0/bsp/system.mss|system||

TRACE::2024-10-21.19:23:35::SCWMssOS::Sw design exists and opened at  C:/Users/jkali/ece385/lab6/lab62/lab62_sdk/mb_usb_hdmi_top/microblaze_0/standalone_microblaze_0/bsp/system.mss
TRACE::2024-10-21.19:23:35::SCWMssOS::Completed writing the mss file at C:/Users/jkali/ece385/lab6/lab62/lab62_sdk/mb_usb_hdmi_top/microblaze_0/standalone_microblaze_0/bsp
TRACE::2024-10-21.19:23:35::SCWMssOS::Mss edits present, copying mssfile into export location C:/Users/jkali/ece385/lab6/lab62/lab62_sdk/mb_usb_hdmi_top/microblaze_0/standalone_microblaze_0/bsp/system.mss
TRACE::2024-10-21.19:23:35::SCWMssOS::bsp generated is stale removing and regenerating. 
TRACE::2024-10-21.19:23:37::SCWMssOS::doing bsp build ... 
TRACE::2024-10-21.19:23:37::SCWMssOS::System Command Ran  C: & cd  C:/Users/jkali/ece385/lab6/lab62/lab62_sdk/mb_usb_hdmi_top/microblaze_0/standalone_microblaze_0/bsp & make 
TRACE::2024-10-21.19:23:37::SCWMssOS::make --no-print-directory seq_libs

TRACE::2024-10-21.19:23:37::SCWMssOS::'Finished building libraries sequentially.'

TRACE::2024-10-21.19:23:37::SCWMssOS::make -j 18 --no-print-directory par_libs

TRACE::2024-10-21.19:23:37::SCWMssOS::"Running Make include in microblaze_0/libsrc/bram_v4_8/src"

TRACE::2024-10-21.19:23:37::SCWMssOS::make -C microblaze_0/libsrc/bram_v4_8/src -s include  "SHELL=CMD" "COMPILER=mb-gcc" "ASSEMBLER=mb-as" "ARCHIVER=mb-ar" "COMPILE
TRACE::2024-10-21.19:23:37::SCWMssOS::R_FLAGS=  -O2 -c -mcpu=v11.0 -mlittle-endian -mno-xl-reorder -mno-xl-soft-mul -mxl-barrel-shift -mxl-pattern-compare" "EXTRA_CO
TRACE::2024-10-21.19:23:37::SCWMssOS::MPILER_FLAGS=-g -ffunction-sections -fdata-sections -Wall -Wextra -fno-tree-loop-distribute-patterns"

TRACE::2024-10-21.19:23:37::SCWMssOS::"Running Make include in microblaze_0/libsrc/cpu_v2_16/src"

TRACE::2024-10-21.19:23:37::SCWMssOS::make -C microblaze_0/libsrc/cpu_v2_16/src -s include  "SHELL=CMD" "COMPILER=mb-gcc" "ASSEMBLER=mb-as" "ARCHIVER=mb-ar" "COMPILE
TRACE::2024-10-21.19:23:37::SCWMssOS::R_FLAGS=  -O2 -c -mcpu=v11.0 -mlittle-endian -mno-xl-reorder -mno-xl-soft-mul -mxl-barrel-shift -mxl-pattern-compare" "EXTRA_CO
TRACE::2024-10-21.19:23:37::SCWMssOS::MPILER_FLAGS=-g -ffunction-sections -fdata-sections -Wall -Wextra -fno-tree-loop-distribute-patterns"

TRACE::2024-10-21.19:23:37::SCWMssOS::"Running Make include in microblaze_0/libsrc/gpio_v4_9/src"

TRACE::2024-10-21.19:23:37::SCWMssOS::make -C microblaze_0/libsrc/gpio_v4_9/src -s include  "SHELL=CMD" "COMPILER=mb-gcc" "ASSEMBLER=mb-as" "ARCHIVER=mb-ar" "COMPILE
TRACE::2024-10-21.19:23:37::SCWMssOS::R_FLAGS=  -O2 -c -mcpu=v11.0 -mlittle-endian -mno-xl-reorder -mno-xl-soft-mul -mxl-barrel-shift -mxl-pattern-compare" "EXTRA_CO
TRACE::2024-10-21.19:23:37::SCWMssOS::MPILER_FLAGS=-g -ffunction-sections -fdata-sections -Wall -Wextra -fno-tree-loop-distribute-patterns"

TRACE::2024-10-21.19:23:37::SCWMssOS::"Running Make include in microblaze_0/libsrc/intc_v3_15/src"

TRACE::2024-10-21.19:23:37::SCWMssOS::make -C microblaze_0/libsrc/intc_v3_15/src -s include  "SHELL=CMD" "COMPILER=mb-gcc" "ASSEMBLER=mb-as" "ARCHIVER=mb-ar" "COMPIL
TRACE::2024-10-21.19:23:37::SCWMssOS::ER_FLAGS=  -O2 -c -mcpu=v11.0 -mlittle-endian -mno-xl-reorder -mno-xl-soft-mul -mxl-barrel-shift -mxl-pattern-compare" "EXTRA_C
TRACE::2024-10-21.19:23:37::SCWMssOS::OMPILER_FLAGS=-g -ffunction-sections -fdata-sections -Wall -Wextra -fno-tree-loop-distribute-patterns"

TRACE::2024-10-21.19:23:37::SCWMssOS::"Running Make include in microblaze_0/libsrc/spi_v4_9/src"

TRACE::2024-10-21.19:23:37::SCWMssOS::make -C microblaze_0/libsrc/spi_v4_9/src -s include  "SHELL=CMD" "COMPILER=mb-gcc" "ASSEMBLER=mb-as" "ARCHIVER=mb-ar" "COMPILER
TRACE::2024-10-21.19:23:37::SCWMssOS::_FLAGS=  -O2 -c -mcpu=v11.0 -mlittle-endian -mno-xl-reorder -mno-xl-soft-mul -mxl-barrel-shift -mxl-pattern-compare" "EXTRA_COM
TRACE::2024-10-21.19:23:37::SCWMssOS::PILER_FLAGS=-g -ffunction-sections -fdata-sections -Wall -Wextra -fno-tree-loop-distribute-patterns"

TRACE::2024-10-21.19:23:37::SCWMssOS::"Running Make include in microblaze_0/libsrc/standalone_v8_0/src"

TRACE::2024-10-21.19:23:37::SCWMssOS::make -C microblaze_0/libsrc/standalone_v8_0/src -s include  "SHELL=CMD" "COMPILER=mb-gcc" "ASSEMBLER=mb-as" "ARCHIVER=mb-ar" "C
TRACE::2024-10-21.19:23:37::SCWMssOS::OMPILER_FLAGS=  -O2 -c -mcpu=v11.0 -mlittle-endian -mno-xl-reorder -mno-xl-soft-mul -mxl-barrel-shift -mxl-pattern-compare" "EX
TRACE::2024-10-21.19:23:37::SCWMssOS::TRA_COMPILER_FLAGS=-g -ffunction-sections -fdata-sections -Wall -Wextra -fno-tree-loop-distribute-patterns"

TRACE::2024-10-21.19:23:37::SCWMssOS::"Running Make include in microblaze_0/libsrc/tmrctr_v4_9/src"

TRACE::2024-10-21.19:23:37::SCWMssOS::make -C microblaze_0/libsrc/tmrctr_v4_9/src -s include  "SHELL=CMD" "COMPILER=mb-gcc" "ASSEMBLER=mb-as" "ARCHIVER=mb-ar" "COMPI
TRACE::2024-10-21.19:23:37::SCWMssOS::LER_FLAGS=  -O2 -c -mcpu=v11.0 -mlittle-endian -mno-xl-reorder -mno-xl-soft-mul -mxl-barrel-shift -mxl-pattern-compare" "EXTRA_
TRACE::2024-10-21.19:23:37::SCWMssOS::COMPILER_FLAGS=-g -ffunction-sections -fdata-sections -Wall -Wextra -fno-tree-loop-distribute-patterns"

TRACE::2024-10-21.19:23:37::SCWMssOS::"Running Make include in microblaze_0/libsrc/uartlite_v3_7/src"

TRACE::2024-10-21.19:23:37::SCWMssOS::make -C microblaze_0/libsrc/uartlite_v3_7/src -s include  "SHELL=CMD" "COMPILER=mb-gcc" "ASSEMBLER=mb-as" "ARCHIVER=mb-ar" "COM
TRACE::2024-10-21.19:23:37::SCWMssOS::PILER_FLAGS=  -O2 -c -mcpu=v11.0 -mlittle-endian -mno-xl-reorder -mno-xl-soft-mul -mxl-barrel-shift -mxl-pattern-compare" "EXTR
TRACE::2024-10-21.19:23:37::SCWMssOS::A_COMPILER_FLAGS=-g -ffunction-sections -fdata-sections -Wall -Wextra -fno-tree-loop-distribute-patterns"

TRACE::2024-10-21.19:23:37::SCWMssOS::"Running Make libs in microblaze_0/libsrc/bram_v4_8/src"

TRACE::2024-10-21.19:23:37::SCWMssOS::make -C microblaze_0/libsrc/bram_v4_8/src -s libs  "SHELL=CMD" "COMPILER=mb-gcc" "ASSEMBLER=mb-as" "ARCHIVER=mb-ar" "COMPILER_F
TRACE::2024-10-21.19:23:37::SCWMssOS::LAGS=  -O2 -c -mcpu=v11.0 -mlittle-endian -mno-xl-reorder -mno-xl-soft-mul -mxl-barrel-shift -mxl-pattern-compare" "EXTRA_COMPI
TRACE::2024-10-21.19:23:37::SCWMssOS::LER_FLAGS=-g -ffunction-sections -fdata-sections -Wall -Wextra -fno-tree-loop-distribute-patterns"

TRACE::2024-10-21.19:23:37::SCWMssOS::"Running Make libs in microblaze_0/libsrc/cpu_v2_16/src"

TRACE::2024-10-21.19:23:37::SCWMssOS::make -C microblaze_0/libsrc/cpu_v2_16/src -s libs  "SHELL=CMD" "COMPILER=mb-gcc" "ASSEMBLER=mb-as" "ARCHIVER=mb-ar" "COMPILER_F
TRACE::2024-10-21.19:23:37::SCWMssOS::LAGS=  -O2 -c -mcpu=v11.0 -mlittle-endian -mno-xl-reorder -mno-xl-soft-mul -mxl-barrel-shift -mxl-pattern-compare" "EXTRA_COMPI
TRACE::2024-10-21.19:23:37::SCWMssOS::LER_FLAGS=-g -ffunction-sections -fdata-sections -Wall -Wextra -fno-tree-loop-distribute-patterns"

TRACE::2024-10-21.19:23:37::SCWMssOS::"Running Make libs in microblaze_0/libsrc/gpio_v4_9/src"

TRACE::2024-10-21.19:23:37::SCWMssOS::make -C microblaze_0/libsrc/gpio_v4_9/src -s libs  "SHELL=CMD" "COMPILER=mb-gcc" "ASSEMBLER=mb-as" "ARCHIVER=mb-ar" "COMPILER_F
TRACE::2024-10-21.19:23:37::SCWMssOS::LAGS=  -O2 -c -mcpu=v11.0 -mlittle-endian -mno-xl-reorder -mno-xl-soft-mul -mxl-barrel-shift -mxl-pattern-compare" "EXTRA_COMPI
TRACE::2024-10-21.19:23:37::SCWMssOS::LER_FLAGS=-g -ffunction-sections -fdata-sections -Wall -Wextra -fno-tree-loop-distribute-patterns"

TRACE::2024-10-21.19:23:37::SCWMssOS::"Running Make libs in microblaze_0/libsrc/intc_v3_15/src"

TRACE::2024-10-21.19:23:37::SCWMssOS::make -C microblaze_0/libsrc/intc_v3_15/src -s libs  "SHELL=CMD" "COMPILER=mb-gcc" "ASSEMBLER=mb-as" "ARCHIVER=mb-ar" "COMPILER_
TRACE::2024-10-21.19:23:37::SCWMssOS::FLAGS=  -O2 -c -mcpu=v11.0 -mlittle-endian -mno-xl-reorder -mno-xl-soft-mul -mxl-barrel-shift -mxl-pattern-compare" "EXTRA_COMP
TRACE::2024-10-21.19:23:37::SCWMssOS::ILER_FLAGS=-g -ffunction-sections -fdata-sections -Wall -Wextra -fno-tree-loop-distribute-patterns"

TRACE::2024-10-21.19:23:37::SCWMssOS::"Running Make libs in microblaze_0/libsrc/spi_v4_9/src"

TRACE::2024-10-21.19:23:37::SCWMssOS::make -C microblaze_0/libsrc/spi_v4_9/src -s libs  "SHELL=CMD" "COMPILER=mb-gcc" "ASSEMBLER=mb-as" "ARCHIVER=mb-ar" "COMPILER_FL
TRACE::2024-10-21.19:23:37::SCWMssOS::AGS=  -O2 -c -mcpu=v11.0 -mlittle-endian -mno-xl-reorder -mno-xl-soft-mul -mxl-barrel-shift -mxl-pattern-compare" "EXTRA_COMPIL
TRACE::2024-10-21.19:23:37::SCWMssOS::ER_FLAGS=-g -ffunction-sections -fdata-sections -Wall -Wextra -fno-tree-loop-distribute-patterns"

TRACE::2024-10-21.19:23:37::SCWMssOS::"Running Make libs in microblaze_0/libsrc/standalone_v8_0/src"

TRACE::2024-10-21.19:23:37::SCWMssOS::make -C microblaze_0/libsrc/standalone_v8_0/src -s libs  "SHELL=CMD" "COMPILER=mb-gcc" "ASSEMBLER=mb-as" "ARCHIVER=mb-ar" "COMP
TRACE::2024-10-21.19:23:37::SCWMssOS::ILER_FLAGS=  -O2 -c -mcpu=v11.0 -mlittle-endian -mno-xl-reorder -mno-xl-soft-mul -mxl-barrel-shift -mxl-pattern-compare" "EXTRA
TRACE::2024-10-21.19:23:37::SCWMssOS::_COMPILER_FLAGS=-g -ffunction-sections -fdata-sections -Wall -Wextra -fno-tree-loop-distribute-patterns"

TRACE::2024-10-21.19:23:37::SCWMssOS::"Running Make libs in microblaze_0/libsrc/tmrctr_v4_9/src"

TRACE::2024-10-21.19:23:37::SCWMssOS::make -C microblaze_0/libsrc/tmrctr_v4_9/src -s libs  "SHELL=CMD" "COMPILER=mb-gcc" "ASSEMBLER=mb-as" "ARCHIVER=mb-ar" "COMPILER
TRACE::2024-10-21.19:23:37::SCWMssOS::_FLAGS=  -O2 -c -mcpu=v11.0 -mlittle-endian -mno-xl-reorder -mno-xl-soft-mul -mxl-barrel-shift -mxl-pattern-compare" "EXTRA_COM
TRACE::2024-10-21.19:23:37::SCWMssOS::PILER_FLAGS=-g -ffunction-sections -fdata-sections -Wall -Wextra -fno-tree-loop-distribute-patterns"

TRACE::2024-10-21.19:23:37::SCWMssOS::"Running Make libs in microblaze_0/libsrc/uartlite_v3_7/src"

TRACE::2024-10-21.19:23:38::SCWMssOS::make -C microblaze_0/libsrc/uartlite_v3_7/src -s libs  "SHELL=CMD" "COMPILER=mb-gcc" "ASSEMBLER=mb-as" "ARCHIVER=mb-ar" "COMPIL
TRACE::2024-10-21.19:23:38::SCWMssOS::ER_FLAGS=  -O2 -c -mcpu=v11.0 -mlittle-endian -mno-xl-reorder -mno-xl-soft-mul -mxl-barrel-shift -mxl-pattern-compare" "EXTRA_C
TRACE::2024-10-21.19:23:38::SCWMssOS::OMPILER_FLAGS=-g -ffunction-sections -fdata-sections -Wall -Wextra -fno-tree-loop-distribute-patterns"

TRACE::2024-10-21.19:23:38::SCWMssOS::"DEBUG NON_LTO_OBJECTS is ../../../lib/microblaze_interrupt_handler.o"

TRACE::2024-10-21.19:23:38::SCWMssOS::'Finished building libraries parallelly.'

TRACE::2024-10-21.19:23:38::SCWMssOS::make --no-print-directory archive

TRACE::2024-10-21.19:23:38::SCWMssOS::mb-ar -r  microblaze_0/lib/libxil.a microblaze_0/lib/_exit.o microblaze_0/lib/errno.o microblaze_0/lib/fcntl.o microblaze_0/lib
TRACE::2024-10-21.19:23:38::SCWMssOS::/hw_exception_handler.o microblaze_0/lib/inbyte.o microblaze_0/lib/microblaze_disable_dcache.o microblaze_0/lib/microblaze_disa
TRACE::2024-10-21.19:23:38::SCWMssOS::ble_exceptions.o microblaze_0/lib/microblaze_disable_icache.o microblaze_0/lib/microblaze_disable_interrupts.o microblaze_0/lib
TRACE::2024-10-21.19:23:38::SCWMssOS::/microblaze_enable_dcache.o microblaze_0/lib/microblaze_enable_exceptions.o microblaze_0/lib/microblaze_enable_icache.o microbl
TRACE::2024-10-21.19:23:38::SCWMssOS::aze_0/lib/microblaze_enable_interrupts.o microblaze_0/lib/microblaze_exception_handler.o microblaze_0/lib/microblaze_flush_cach
TRACE::2024-10-21.19:23:38::SCWMssOS::e_ext.o microblaze_0/lib/microblaze_flush_cache_ext_range.o microblaze_0/lib/microblaze_flush_dcache.o microblaze_0/lib/microbl
TRACE::2024-10-21.19:23:38::SCWMssOS::aze_flush_dcache_range.o microblaze_0/lib/microblaze_init_dcache_range.o microblaze_0/lib/microblaze_init_icache_range.o microb
TRACE::2024-10-21.19:23:38::SCWMssOS::laze_0/lib/microblaze_interrupt_handler.o microblaze_0/lib/microblaze_interrupts_g.o microblaze_0/lib/microblaze_invalidate_cac
TRACE::2024-10-21.19:23:38::SCWMssOS::he_ext.o microblaze_0/lib/microblaze_invalidate_cache_ext_range.o microblaze_0/lib/microblaze_invalidate_dcache.o microblaze_0/
TRACE::2024-10-21.19:23:38::SCWMssOS::lib/microblaze_invalidate_dcache_range.o microblaze_0/lib/microblaze_invalidate_icache.o microblaze_0/lib/microblaze_invalidate
TRACE::2024-10-21.19:23:38::SCWMssOS::_icache_range.o microblaze_0/lib/microblaze_scrub.o microblaze_0/lib/microblaze_selftest.o microblaze_0/lib/microblaze_sleep.o 
TRACE::2024-10-21.19:23:38::SCWMssOS::microblaze_0/lib/microblaze_update_dcache.o microblaze_0/lib/microblaze_update_icache.o microblaze_0/lib/outbyte.o microblaze_0
TRACE::2024-10-21.19:23:38::SCWMssOS::/lib/print.o microblaze_0/lib/pvr.o microblaze_0/lib/xbram.o microblaze_0/lib/xbram_g.o microblaze_0/lib/xbram_intr.o microblaz
TRACE::2024-10-21.19:23:38::SCWMssOS::e_0/lib/xbram_selftest.o microblaze_0/lib/xbram_sinit.o microblaze_0/lib/xgpio.o microblaze_0/lib/xgpio_extra.o microblaze_0/li
TRACE::2024-10-21.19:23:38::SCWMssOS::b/xgpio_g.o microblaze_0/lib/xgpio_intr.o microblaze_0/lib/xgpio_selftest.o microblaze_0/lib/xgpio_sinit.o microblaze_0/lib/xil
TRACE::2024-10-21.19:23:38::SCWMssOS::_assert.o microblaze_0/lib/xil_cache.o microblaze_0/lib/xil_clocking.o microblaze_0/lib/xil_exception.o microblaze_0/lib/xil_me
TRACE::2024-10-21.19:23:38::SCWMssOS::m.o microblaze_0/lib/xil_misc_psreset_api.o microblaze_0/lib/xil_printf.o microblaze_0/lib/xil_sleepcommon.o microblaze_0/lib/x
TRACE::2024-10-21.19:23:38::SCWMssOS::il_testcache.o microblaze_0/lib/xil_testio.o microblaze_0/lib/xil_testmem.o microblaze_0/lib/xil_util.o microblaze_0/lib/xintc.
TRACE::2024-10-21.19:23:38::SCWMssOS::o microblaze_0/lib/xintc_g.o microblaze_0/lib/xintc_intr.o microblaze_0/lib/xintc_l.o microblaze_0/lib/xintc_options.o microbla
TRACE::2024-10-21.19:23:38::SCWMssOS::ze_0/lib/xintc_selftest.o microblaze_0/lib/xinterrupt_wrap.o microblaze_0/lib/xio.o microblaze_0/lib/xplatform_info.o microblaz
TRACE::2024-10-21.19:23:38::SCWMssOS::e_0/lib/xspi.o microblaze_0/lib/xspi_g.o microblaze_0/lib/xspi_options.o microblaze_0/lib/xspi_selftest.o microblaze_0/lib/xspi
TRACE::2024-10-21.19:23:38::SCWMssOS::_sinit.o microblaze_0/lib/xspi_stats.o microblaze_0/lib/xtmrctr.o microblaze_0/lib/xtmrctr_g.o microblaze_0/lib/xtmrctr_intr.o 
TRACE::2024-10-21.19:23:38::SCWMssOS::microblaze_0/lib/xtmrctr_l.o microblaze_0/lib/xtmrctr_options.o microblaze_0/lib/xtmrctr_selftest.o microblaze_0/lib/xtmrctr_si
TRACE::2024-10-21.19:23:38::SCWMssOS::nit.o microblaze_0/lib/xtmrctr_stats.o microblaze_0/lib/xuartlite.o microblaze_0/lib/xuartlite_g.o microblaze_0/lib/xuartlite_i
TRACE::2024-10-21.19:23:38::SCWMssOS::ntr.o microblaze_0/lib/xuartlite_l.o microblaze_0/lib/xuartlite_selftest.o microblaze_0/lib/xuartlite_sinit.o microblaze_0/lib/
TRACE::2024-10-21.19:23:38::SCWMssOS::xuartlite_stats.o

TRACE::2024-10-21.19:23:38::SCWMssOS::'Finished building libraries'

TRACE::2024-10-21.19:23:39::SCWMssOS:: Checking if to create the Supporting Applications
TRACE::2024-10-21.19:23:39::SCWMssOS:: No Linux domain exists, trying to generate FSBL 
LOG::2024-10-21.19:23:39::SCWSystem::Completed Processing the domain standalone_microblaze_0
LOG::2024-10-21.19:23:39::SCWSystem::Completed Processing the sysconfig mb_usb_hdmi_top
LOG::2024-10-21.19:23:39::SCWPlatform::Completed generating the artifacts for system configuration mb_usb_hdmi_top
TRACE::2024-10-21.19:23:39::SCWPlatform::Started preparing the platform 
TRACE::2024-10-21.19:23:39::SCWSystem::Writing the bif file for system config mb_usb_hdmi_top
TRACE::2024-10-21.19:23:39::SCWSystem::dir created 
TRACE::2024-10-21.19:23:39::SCWSystem::Writing the bif 
TRACE::2024-10-21.19:23:39::SCWPlatform::Started writing the spfm file 
TRACE::2024-10-21.19:23:39::SCWPlatform::Started writing the xpfm file 
TRACE::2024-10-21.19:23:39::SCWPlatform::Completed generating the platform
TRACE::2024-10-21.19:23:39::SCWMssOS::Saving the mss changes C:/Users/jkali/ece385/lab6/lab62/lab62_sdk/mb_usb_hdmi_top/microblaze_0/standalone_microblaze_0/bsp/system.mss
TRACE::2024-10-21.19:23:39::SCWMssOS::Adding the swdes entry, mss present, able to open swdb C:/Users/jkali/ece385/lab6/lab62/lab62_sdk/mb_usb_hdmi_top/microblaze_0/standalone_microblaze_0/bsp/system.mss with des name system
TRACE::2024-10-21.19:23:39::SCWMssOS::Writing the mss file completed C:/Users/jkali/ece385/lab6/lab62/lab62_sdk/mb_usb_hdmi_top/microblaze_0/standalone_microblaze_0/bsp/system.mss
TRACE::2024-10-21.19:23:39::SCWMssOS::Commit changes completed.
TRACE::2024-10-21.19:23:39::SCWPlatform::Trying to open the hw design at C:/Users/jkali/ece385/lab6/lab62/lab62_sdk/mb_usb_hdmi_top/hw/mb_usb_hdmi_top.xsa
TRACE::2024-10-21.19:23:39::SCWPlatform::DSA given C:/Users/jkali/ece385/lab6/lab62/lab62_sdk/mb_usb_hdmi_top/hw/mb_usb_hdmi_top.xsa
TRACE::2024-10-21.19:23:39::SCWPlatform::DSA absoulate path C:/Users/jkali/ece385/lab6/lab62/lab62_sdk/mb_usb_hdmi_top/hw/mb_usb_hdmi_top.xsa
TRACE::2024-10-21.19:23:39::SCWPlatform::DSA directory C:/Users/jkali/ece385/lab6/lab62/lab62_sdk/mb_usb_hdmi_top/hw
TRACE::2024-10-21.19:23:39::SCWPlatform:: Platform Path C:/Users/jkali/ece385/lab6/lab62/lab62_sdk/mb_usb_hdmi_top/hw/mb_usb_hdmi_top.xsa
TRACE::2024-10-21.19:23:39::SCWPlatform:: Unique name xilinx:::0.0
TRACE::2024-10-21.19:23:39::SCWPlatform::Trying to set the existing hwdb with name mb_usb_hdmi_top_18
TRACE::2024-10-21.19:23:39::SCWPlatform::Opened existing hwdb mb_usb_hdmi_top_18
TRACE::2024-10-21.19:23:39::SCWPlatform::Found the Hw Db part of the input DSA
TRACE::2024-10-21.19:23:39::SCWMssOS::Checking the sw design at  C:/Users/jkali/ece385/lab6/lab62/lab62_sdk/mb_usb_hdmi_top/microblaze_0/standalone_microblaze_0/bsp/system.mss
TRACE::2024-10-21.19:23:39::SCWMssOS::DEBUG:  swdes dump  C:/Users/jkali/ece385/lab6/lab62/lab62_sdk/mb_usb_hdmi_top/microblaze_0/standalone_microblaze_0/bsp/system.mss|system||

TRACE::2024-10-21.19:23:39::SCWMssOS::Sw design exists and opened at  C:/Users/jkali/ece385/lab6/lab62/lab62_sdk/mb_usb_hdmi_top/microblaze_0/standalone_microblaze_0/bsp/system.mss
TRACE::2024-10-21.19:23:39::SCWWriter::formatted JSON is {
	"platformName":	"mb_usb_hdmi_top",
	"sprVersion":	"2.0",
	"mode":	"gui",
	"dsaType":	"Fixed",
	"platformDesc":	"mb_usb_hdmi_top",
	"platHandOff":	"C:/Users/jkali/ece385/lab6/lab62/mb_usb_hdmi_top.xsa",
	"platIntHandOff":	"<platformDir>/hw/mb_usb_hdmi_top.xsa",
	"deviceType":	"FPGA",
	"platIsPrebuiltAutogen":	"false",
	"platIsNoBootBsp":	"false",
	"hasFsblMakeHasChanges":	"false",
	"hasPmufwMakeHasChanges":	"false",
	"platPreBuiltFlag":	false,
	"platformSamplesDir":	"",
	"platActiveSys":	"mb_usb_hdmi_top",
	"systems":	[{
			"systemName":	"mb_usb_hdmi_top",
			"systemDesc":	"mb_usb_hdmi_top",
			"sysIsBootAutoGen":	"true",
			"systemDispName":	"mb_usb_hdmi_top",
			"sysActiveDom":	"standalone_microblaze_0",
			"sysDefaultDom":	"standalone_microblaze_0",
			"domains":	[{
					"domainName":	"standalone_microblaze_0",
					"domainDispName":	"standalone_microblaze_0",
					"domainDesc":	"standalone_microblaze_0",
					"processors":	"microblaze_0",
					"os":	"standalone",
					"sdxOs":	"standalone",
					"debugEnable":	"False",
					"domRuntimes":	["cpp"],
					"swRepo":	"",
					"mssOsVer":	"8.0",
					"mssFile":	"",
					"md5Digest":	"304529987e879521ca977c68d163f362",
					"compatibleApp":	"",
					"domType":	"mssDomain",
					"arch":	"32-bit",
					"appSettings":	{
						"appCompilerFlags":	"",
						"appLinkerFlags":	""
					},
					"addedLibs":	[],
					"libOptions":	{
						"libsContainingOptions":	[]
					},
					"prebuiltLibs":	{
						"prebuiltIncPath":	[],
						"prebuiltLibPath":	[]
					},
					"isolation":	{
					}
				}]
		}]
}
KEYINFO::2024-10-21.19:23:39::SCWPlatform::updated the xpfm file.
TRACE::2024-10-21.19:23:39::SCWPlatform::Trying to open the hw design at C:/Users/jkali/ece385/lab6/lab62/lab62_sdk/mb_usb_hdmi_top/hw/mb_usb_hdmi_top.xsa
TRACE::2024-10-21.19:23:39::SCWPlatform::DSA given C:/Users/jkali/ece385/lab6/lab62/lab62_sdk/mb_usb_hdmi_top/hw/mb_usb_hdmi_top.xsa
TRACE::2024-10-21.19:23:39::SCWPlatform::DSA absoulate path C:/Users/jkali/ece385/lab6/lab62/lab62_sdk/mb_usb_hdmi_top/hw/mb_usb_hdmi_top.xsa
TRACE::2024-10-21.19:23:39::SCWPlatform::DSA directory C:/Users/jkali/ece385/lab6/lab62/lab62_sdk/mb_usb_hdmi_top/hw
TRACE::2024-10-21.19:23:39::SCWPlatform:: Platform Path C:/Users/jkali/ece385/lab6/lab62/lab62_sdk/mb_usb_hdmi_top/hw/mb_usb_hdmi_top.xsa
TRACE::2024-10-21.19:23:39::SCWPlatform:: Unique name xilinx:::0.0
TRACE::2024-10-21.19:23:39::SCWPlatform::Trying to set the existing hwdb with name mb_usb_hdmi_top_18
TRACE::2024-10-21.19:23:39::SCWPlatform::Opened existing hwdb mb_usb_hdmi_top_18
TRACE::2024-10-21.19:23:39::SCWPlatform::Found the Hw Db part of the input DSA
TRACE::2024-10-21.19:23:39::SCWMssOS::Checking the sw design at  C:/Users/jkali/ece385/lab6/lab62/lab62_sdk/mb_usb_hdmi_top/microblaze_0/standalone_microblaze_0/bsp/system.mss
TRACE::2024-10-21.19:23:39::SCWMssOS::DEBUG:  swdes dump  C:/Users/jkali/ece385/lab6/lab62/lab62_sdk/mb_usb_hdmi_top/microblaze_0/standalone_microblaze_0/bsp/system.mss|system||

TRACE::2024-10-21.19:23:39::SCWMssOS::Sw design exists and opened at  C:/Users/jkali/ece385/lab6/lab62/lab62_sdk/mb_usb_hdmi_top/microblaze_0/standalone_microblaze_0/bsp/system.mss
TRACE::2024-10-24.17:08:54::SCWPlatform::Trying to open the hw design at C:/Users/jkali/ece385/lab6/lab62/lab62_sdk/mb_usb_hdmi_top/hw/mb_usb_hdmi_top.xsa
TRACE::2024-10-24.17:08:54::SCWPlatform::DSA given C:/Users/jkali/ece385/lab6/lab62/lab62_sdk/mb_usb_hdmi_top/hw/mb_usb_hdmi_top.xsa
TRACE::2024-10-24.17:08:54::SCWPlatform::DSA absoulate path C:/Users/jkali/ece385/lab6/lab62/lab62_sdk/mb_usb_hdmi_top/hw/mb_usb_hdmi_top.xsa
TRACE::2024-10-24.17:08:54::SCWPlatform::DSA directory C:/Users/jkali/ece385/lab6/lab62/lab62_sdk/mb_usb_hdmi_top/hw
TRACE::2024-10-24.17:08:54::SCWPlatform:: Platform Path C:/Users/jkali/ece385/lab6/lab62/lab62_sdk/mb_usb_hdmi_top/hw/mb_usb_hdmi_top.xsa
TRACE::2024-10-24.17:08:54::SCWPlatform:: Unique name xilinx:::0.0
TRACE::2024-10-24.17:08:54::SCWPlatform::Do not have an existing db opened. 
TRACE::2024-10-24.17:08:55::SCWPlatform::Opened new HwDB with name mb_usb_hdmi_top
TRACE::2024-10-24.17:08:55::SCWReader::Active system found as  mb_usb_hdmi_top
TRACE::2024-10-24.17:08:55::SCWReader::Handling sysconfig mb_usb_hdmi_top
TRACE::2024-10-24.17:08:55::SCWDomain::checking for install qemu data   : 
TRACE::2024-10-24.17:08:55::SCWPlatform::Trying to open the hw design at C:/Users/jkali/ece385/lab6/lab62/lab62_sdk/mb_usb_hdmi_top/hw/mb_usb_hdmi_top.xsa
TRACE::2024-10-24.17:08:55::SCWPlatform::DSA given C:/Users/jkali/ece385/lab6/lab62/lab62_sdk/mb_usb_hdmi_top/hw/mb_usb_hdmi_top.xsa
TRACE::2024-10-24.17:08:55::SCWPlatform::DSA absoulate path C:/Users/jkali/ece385/lab6/lab62/lab62_sdk/mb_usb_hdmi_top/hw/mb_usb_hdmi_top.xsa
TRACE::2024-10-24.17:08:55::SCWPlatform::DSA directory C:/Users/jkali/ece385/lab6/lab62/lab62_sdk/mb_usb_hdmi_top/hw
TRACE::2024-10-24.17:08:55::SCWPlatform:: Platform Path C:/Users/jkali/ece385/lab6/lab62/lab62_sdk/mb_usb_hdmi_top/hw/mb_usb_hdmi_top.xsa
TRACE::2024-10-24.17:08:55::SCWPlatform:: Unique name xilinx:::0.0
TRACE::2024-10-24.17:08:55::SCWPlatform::Trying to set the existing hwdb with name mb_usb_hdmi_top
TRACE::2024-10-24.17:08:55::SCWPlatform::Opened existing hwdb mb_usb_hdmi_top
TRACE::2024-10-24.17:08:55::SCWPlatform::Found the Hw Db part of the input DSA
TRACE::2024-10-24.17:08:55::SCWPlatform::Trying to open the hw design at C:/Users/jkali/ece385/lab6/lab62/lab62_sdk/mb_usb_hdmi_top/hw/mb_usb_hdmi_top.xsa
TRACE::2024-10-24.17:08:55::SCWPlatform::DSA given C:/Users/jkali/ece385/lab6/lab62/lab62_sdk/mb_usb_hdmi_top/hw/mb_usb_hdmi_top.xsa
TRACE::2024-10-24.17:08:55::SCWPlatform::DSA absoulate path C:/Users/jkali/ece385/lab6/lab62/lab62_sdk/mb_usb_hdmi_top/hw/mb_usb_hdmi_top.xsa
TRACE::2024-10-24.17:08:55::SCWPlatform::DSA directory C:/Users/jkali/ece385/lab6/lab62/lab62_sdk/mb_usb_hdmi_top/hw
TRACE::2024-10-24.17:08:55::SCWPlatform:: Platform Path C:/Users/jkali/ece385/lab6/lab62/lab62_sdk/mb_usb_hdmi_top/hw/mb_usb_hdmi_top.xsa
TRACE::2024-10-24.17:08:55::SCWPlatform:: Unique name xilinx:::0.0
TRACE::2024-10-24.17:08:55::SCWPlatform::Trying to set the existing hwdb with name mb_usb_hdmi_top
TRACE::2024-10-24.17:08:55::SCWPlatform::Opened existing hwdb mb_usb_hdmi_top
TRACE::2024-10-24.17:08:55::SCWPlatform::Found the Hw Db part of the input DSA
TRACE::2024-10-24.17:08:55::SCWPlatform::Trying to open the hw design at C:/Users/jkali/ece385/lab6/lab62/lab62_sdk/mb_usb_hdmi_top/hw/mb_usb_hdmi_top.xsa
TRACE::2024-10-24.17:08:55::SCWPlatform::DSA given C:/Users/jkali/ece385/lab6/lab62/lab62_sdk/mb_usb_hdmi_top/hw/mb_usb_hdmi_top.xsa
TRACE::2024-10-24.17:08:55::SCWPlatform::DSA absoulate path C:/Users/jkali/ece385/lab6/lab62/lab62_sdk/mb_usb_hdmi_top/hw/mb_usb_hdmi_top.xsa
TRACE::2024-10-24.17:08:55::SCWPlatform::DSA directory C:/Users/jkali/ece385/lab6/lab62/lab62_sdk/mb_usb_hdmi_top/hw
TRACE::2024-10-24.17:08:55::SCWPlatform:: Platform Path C:/Users/jkali/ece385/lab6/lab62/lab62_sdk/mb_usb_hdmi_top/hw/mb_usb_hdmi_top.xsa
TRACE::2024-10-24.17:08:55::SCWPlatform:: Unique name xilinx:::0.0
TRACE::2024-10-24.17:08:55::SCWPlatform::Trying to set the existing hwdb with name mb_usb_hdmi_top
TRACE::2024-10-24.17:08:55::SCWPlatform::Opened existing hwdb mb_usb_hdmi_top
TRACE::2024-10-24.17:08:55::SCWPlatform::Found the Hw Db part of the input DSA
TRACE::2024-10-24.17:08:55::SCWPlatform::Trying to open the hw design at C:/Users/jkali/ece385/lab6/lab62/lab62_sdk/mb_usb_hdmi_top/hw/mb_usb_hdmi_top.xsa
TRACE::2024-10-24.17:08:55::SCWPlatform::DSA given C:/Users/jkali/ece385/lab6/lab62/lab62_sdk/mb_usb_hdmi_top/hw/mb_usb_hdmi_top.xsa
TRACE::2024-10-24.17:08:55::SCWPlatform::DSA absoulate path C:/Users/jkali/ece385/lab6/lab62/lab62_sdk/mb_usb_hdmi_top/hw/mb_usb_hdmi_top.xsa
TRACE::2024-10-24.17:08:55::SCWPlatform::DSA directory C:/Users/jkali/ece385/lab6/lab62/lab62_sdk/mb_usb_hdmi_top/hw
TRACE::2024-10-24.17:08:55::SCWPlatform:: Platform Path C:/Users/jkali/ece385/lab6/lab62/lab62_sdk/mb_usb_hdmi_top/hw/mb_usb_hdmi_top.xsa
TRACE::2024-10-24.17:08:55::SCWPlatform:: Unique name xilinx:::0.0
TRACE::2024-10-24.17:08:55::SCWPlatform::Trying to set the existing hwdb with name mb_usb_hdmi_top
TRACE::2024-10-24.17:08:55::SCWPlatform::Opened existing hwdb mb_usb_hdmi_top
TRACE::2024-10-24.17:08:55::SCWPlatform::Found the Hw Db part of the input DSA
TRACE::2024-10-24.17:08:55::SCWMssOS::Checking the sw design at  C:/Users/jkali/ece385/lab6/lab62/lab62_sdk/mb_usb_hdmi_top/microblaze_0/standalone_microblaze_0/bsp/system.mss
TRACE::2024-10-24.17:08:55::SCWMssOS::DEBUG:  swdes dump  
TRACE::2024-10-24.17:08:55::SCWMssOS::No sw design opened at  C:/Users/jkali/ece385/lab6/lab62/lab62_sdk/mb_usb_hdmi_top/microblaze_0/standalone_microblaze_0/bsp/system.mss
TRACE::2024-10-24.17:08:55::SCWMssOS::mss exists loading the mss file  C:/Users/jkali/ece385/lab6/lab62/lab62_sdk/mb_usb_hdmi_top/microblaze_0/standalone_microblaze_0/bsp/system.mss
TRACE::2024-10-24.17:08:55::SCWMssOS::Opened the sw design from mss  C:/Users/jkali/ece385/lab6/lab62/lab62_sdk/mb_usb_hdmi_top/microblaze_0/standalone_microblaze_0/bsp/system.mss
TRACE::2024-10-24.17:08:55::SCWMssOS::Adding the swdes entry C:/Users/jkali/ece385/lab6/lab62/lab62_sdk/mb_usb_hdmi_top/microblaze_0/standalone_microblaze_0/bsp/system.mss with des name system
TRACE::2024-10-24.17:08:55::SCWMssOS::updating the scw layer about changes
TRACE::2024-10-24.17:08:55::SCWMssOS::Opened the sw design.  C:/Users/jkali/ece385/lab6/lab62/lab62_sdk/mb_usb_hdmi_top/microblaze_0/standalone_microblaze_0/bsp/system.mss
TRACE::2024-10-24.17:08:55::SCWMssOS::Saving the mss changes C:/Users/jkali/ece385/lab6/lab62/lab62_sdk/mb_usb_hdmi_top/microblaze_0/standalone_microblaze_0/bsp/system.mss
TRACE::2024-10-24.17:08:55::SCWMssOS::Found a swdesign opened with the mssfile.
TRACE::2024-10-24.17:08:55::SCWMssOS::Completed writemss as part of save.
TRACE::2024-10-24.17:08:55::SCWMssOS::Commit changes completed.
TRACE::2024-10-24.17:08:55::SCWReader::Adding prebuilt librarypaths as   
TRACE::2024-10-24.17:08:55::SCWReader::Adding prebuilt incpaths  as   
TRACE::2024-10-24.17:08:55::SCWPlatform::Trying to open the hw design at C:/Users/jkali/ece385/lab6/lab62/lab62_sdk/mb_usb_hdmi_top/hw/mb_usb_hdmi_top.xsa
TRACE::2024-10-24.17:08:55::SCWPlatform::DSA given C:/Users/jkali/ece385/lab6/lab62/lab62_sdk/mb_usb_hdmi_top/hw/mb_usb_hdmi_top.xsa
TRACE::2024-10-24.17:08:55::SCWPlatform::DSA absoulate path C:/Users/jkali/ece385/lab6/lab62/lab62_sdk/mb_usb_hdmi_top/hw/mb_usb_hdmi_top.xsa
TRACE::2024-10-24.17:08:55::SCWPlatform::DSA directory C:/Users/jkali/ece385/lab6/lab62/lab62_sdk/mb_usb_hdmi_top/hw
TRACE::2024-10-24.17:08:55::SCWPlatform:: Platform Path C:/Users/jkali/ece385/lab6/lab62/lab62_sdk/mb_usb_hdmi_top/hw/mb_usb_hdmi_top.xsa
TRACE::2024-10-24.17:08:55::SCWPlatform:: Unique name xilinx:::0.0
TRACE::2024-10-24.17:08:55::SCWPlatform::Trying to set the existing hwdb with name mb_usb_hdmi_top
TRACE::2024-10-24.17:08:55::SCWPlatform::Opened existing hwdb mb_usb_hdmi_top
TRACE::2024-10-24.17:08:55::SCWPlatform::Found the Hw Db part of the input DSA
TRACE::2024-10-24.17:08:55::SCWMssOS::Checking the sw design at  C:/Users/jkali/ece385/lab6/lab62/lab62_sdk/mb_usb_hdmi_top/microblaze_0/standalone_microblaze_0/bsp/system.mss
TRACE::2024-10-24.17:08:55::SCWMssOS::DEBUG:  swdes dump  C:/Users/jkali/ece385/lab6/lab62/lab62_sdk/mb_usb_hdmi_top/microblaze_0/standalone_microblaze_0/bsp/system.mss|system||

TRACE::2024-10-24.17:08:55::SCWMssOS::Sw design exists and opened at  C:/Users/jkali/ece385/lab6/lab62/lab62_sdk/mb_usb_hdmi_top/microblaze_0/standalone_microblaze_0/bsp/system.mss
TRACE::2024-10-24.17:08:55::SCWReader::No isolation master present  
LOG::2024-10-24.17:08:55::SCWPlatform::Started generating the artifacts platform mb_usb_hdmi_top
TRACE::2024-10-24.17:08:55::SCWPlatform::Sanity checking of platform is completed
LOG::2024-10-24.17:08:55::SCWPlatform::Started generating the artifacts for system configuration mb_usb_hdmi_top
LOG::2024-10-24.17:08:55::SCWSystem::Checking the domain standalone_microblaze_0
LOG::2024-10-24.17:08:55::SCWSystem::Not a boot domain 
LOG::2024-10-24.17:08:55::SCWSystem::Started Processing the domain standalone_microblaze_0
TRACE::2024-10-24.17:08:55::SCWDomain::Generating domain artifcats
TRACE::2024-10-24.17:08:55::SCWMssOS::Generating standalone artifcats
TRACE::2024-10-24.17:08:55::SCWMssOS:: Copying the user libraries. 
TRACE::2024-10-24.17:08:55::SCWPlatform::Trying to open the hw design at C:/Users/jkali/ece385/lab6/lab62/lab62_sdk/mb_usb_hdmi_top/hw/mb_usb_hdmi_top.xsa
TRACE::2024-10-24.17:08:55::SCWPlatform::DSA given C:/Users/jkali/ece385/lab6/lab62/lab62_sdk/mb_usb_hdmi_top/hw/mb_usb_hdmi_top.xsa
TRACE::2024-10-24.17:08:55::SCWPlatform::DSA absoulate path C:/Users/jkali/ece385/lab6/lab62/lab62_sdk/mb_usb_hdmi_top/hw/mb_usb_hdmi_top.xsa
TRACE::2024-10-24.17:08:55::SCWPlatform::DSA directory C:/Users/jkali/ece385/lab6/lab62/lab62_sdk/mb_usb_hdmi_top/hw
TRACE::2024-10-24.17:08:55::SCWPlatform:: Platform Path C:/Users/jkali/ece385/lab6/lab62/lab62_sdk/mb_usb_hdmi_top/hw/mb_usb_hdmi_top.xsa
TRACE::2024-10-24.17:08:55::SCWPlatform:: Unique name xilinx:::0.0
TRACE::2024-10-24.17:08:55::SCWPlatform::Trying to set the existing hwdb with name mb_usb_hdmi_top
TRACE::2024-10-24.17:08:55::SCWPlatform::Opened existing hwdb mb_usb_hdmi_top
TRACE::2024-10-24.17:08:55::SCWPlatform::Found the Hw Db part of the input DSA
TRACE::2024-10-24.17:08:55::SCWMssOS::Checking the sw design at  C:/Users/jkali/ece385/lab6/lab62/lab62_sdk/mb_usb_hdmi_top/microblaze_0/standalone_microblaze_0/bsp/system.mss
TRACE::2024-10-24.17:08:55::SCWMssOS::DEBUG:  swdes dump  C:/Users/jkali/ece385/lab6/lab62/lab62_sdk/mb_usb_hdmi_top/microblaze_0/standalone_microblaze_0/bsp/system.mss|system||

TRACE::2024-10-24.17:08:55::SCWMssOS::Sw design exists and opened at  C:/Users/jkali/ece385/lab6/lab62/lab62_sdk/mb_usb_hdmi_top/microblaze_0/standalone_microblaze_0/bsp/system.mss
TRACE::2024-10-24.17:08:55::SCWMssOS::Completed writing the mss file at C:/Users/jkali/ece385/lab6/lab62/lab62_sdk/mb_usb_hdmi_top/microblaze_0/standalone_microblaze_0/bsp
TRACE::2024-10-24.17:08:55::SCWMssOS::Mss edits present, copying mssfile into export location C:/Users/jkali/ece385/lab6/lab62/lab62_sdk/mb_usb_hdmi_top/microblaze_0/standalone_microblaze_0/bsp/system.mss
TRACE::2024-10-24.17:08:55::SCWMssOS::bsp generated is upto date with the mss file. Skipping bsp generation.
TRACE::2024-10-24.17:08:55::SCWMssOS::BSP is already built. skipping the bsp build ... 
TRACE::2024-10-24.17:08:55::SCWDomain::Building the domain as part of full build :  standalone_microblaze_0
TRACE::2024-10-24.17:08:55::SCWMssOS::doing bsp build ... 
TRACE::2024-10-24.17:08:55::SCWMssOS::System Command Ran  C: & cd  C:/Users/jkali/ece385/lab6/lab62/lab62_sdk/mb_usb_hdmi_top/microblaze_0/standalone_microblaze_0/bsp & make 
TRACE::2024-10-24.17:08:56::SCWMssOS::make --no-print-directory seq_libs

TRACE::2024-10-24.17:08:56::SCWMssOS::'Finished building libraries sequentially.'

TRACE::2024-10-24.17:08:56::SCWMssOS::make -j 18 --no-print-directory par_libs

TRACE::2024-10-24.17:08:56::SCWMssOS::"Running Make include in microblaze_0/libsrc/bram_v4_8/src"

TRACE::2024-10-24.17:08:56::SCWMssOS::make -C microblaze_0/libsrc/bram_v4_8/src -s include  "SHELL=CMD" "COMPILER=mb-gcc" "ASSEMBLER=mb-as" "ARCHIVER=mb-ar" "COMPILE
TRACE::2024-10-24.17:08:56::SCWMssOS::R_FLAGS=  -O2 -c -mcpu=v11.0 -mlittle-endian -mno-xl-reorder -mno-xl-soft-mul -mxl-barrel-shift -mxl-pattern-compare" "EXTRA_CO
TRACE::2024-10-24.17:08:56::SCWMssOS::MPILER_FLAGS=-g -ffunction-sections -fdata-sections -Wall -Wextra -fno-tree-loop-distribute-patterns"

TRACE::2024-10-24.17:08:56::SCWMssOS::"Running Make include in microblaze_0/libsrc/cpu_v2_16/src"

TRACE::2024-10-24.17:08:56::SCWMssOS::make -C microblaze_0/libsrc/cpu_v2_16/src -s include  "SHELL=CMD" "COMPILER=mb-gcc" "ASSEMBLER=mb-as" "ARCHIVER=mb-ar" "COMPILE
TRACE::2024-10-24.17:08:56::SCWMssOS::R_FLAGS=  -O2 -c -mcpu=v11.0 -mlittle-endian -mno-xl-reorder -mno-xl-soft-mul -mxl-barrel-shift -mxl-pattern-compare" "EXTRA_CO
TRACE::2024-10-24.17:08:56::SCWMssOS::MPILER_FLAGS=-g -ffunction-sections -fdata-sections -Wall -Wextra -fno-tree-loop-distribute-patterns"

TRACE::2024-10-24.17:08:56::SCWMssOS::"Running Make include in microblaze_0/libsrc/gpio_v4_9/src"

TRACE::2024-10-24.17:08:56::SCWMssOS::make -C microblaze_0/libsrc/gpio_v4_9/src -s include  "SHELL=CMD" "COMPILER=mb-gcc" "ASSEMBLER=mb-as" "ARCHIVER=mb-ar" "COMPILE
TRACE::2024-10-24.17:08:56::SCWMssOS::R_FLAGS=  -O2 -c -mcpu=v11.0 -mlittle-endian -mno-xl-reorder -mno-xl-soft-mul -mxl-barrel-shift -mxl-pattern-compare" "EXTRA_CO
TRACE::2024-10-24.17:08:56::SCWMssOS::MPILER_FLAGS=-g -ffunction-sections -fdata-sections -Wall -Wextra -fno-tree-loop-distribute-patterns"

TRACE::2024-10-24.17:08:56::SCWMssOS::"Running Make include in microblaze_0/libsrc/intc_v3_15/src"

TRACE::2024-10-24.17:08:56::SCWMssOS::make -C microblaze_0/libsrc/intc_v3_15/src -s include  "SHELL=CMD" "COMPILER=mb-gcc" "ASSEMBLER=mb-as" "ARCHIVER=mb-ar" "COMPIL
TRACE::2024-10-24.17:08:56::SCWMssOS::ER_FLAGS=  -O2 -c -mcpu=v11.0 -mlittle-endian -mno-xl-reorder -mno-xl-soft-mul -mxl-barrel-shift -mxl-pattern-compare" "EXTRA_C
TRACE::2024-10-24.17:08:56::SCWMssOS::OMPILER_FLAGS=-g -ffunction-sections -fdata-sections -Wall -Wextra -fno-tree-loop-distribute-patterns"

TRACE::2024-10-24.17:08:56::SCWMssOS::"Running Make include in microblaze_0/libsrc/spi_v4_9/src"

TRACE::2024-10-24.17:08:56::SCWMssOS::make -C microblaze_0/libsrc/spi_v4_9/src -s include  "SHELL=CMD" "COMPILER=mb-gcc" "ASSEMBLER=mb-as" "ARCHIVER=mb-ar" "COMPILER
TRACE::2024-10-24.17:08:56::SCWMssOS::_FLAGS=  -O2 -c -mcpu=v11.0 -mlittle-endian -mno-xl-reorder -mno-xl-soft-mul -mxl-barrel-shift -mxl-pattern-compare" "EXTRA_COM
TRACE::2024-10-24.17:08:56::SCWMssOS::PILER_FLAGS=-g -ffunction-sections -fdata-sections -Wall -Wextra -fno-tree-loop-distribute-patterns"

TRACE::2024-10-24.17:08:56::SCWMssOS::"Running Make include in microblaze_0/libsrc/standalone_v8_0/src"

TRACE::2024-10-24.17:08:56::SCWMssOS::make -C microblaze_0/libsrc/standalone_v8_0/src -s include  "SHELL=CMD" "COMPILER=mb-gcc" "ASSEMBLER=mb-as" "ARCHIVER=mb-ar" "C
TRACE::2024-10-24.17:08:56::SCWMssOS::OMPILER_FLAGS=  -O2 -c -mcpu=v11.0 -mlittle-endian -mno-xl-reorder -mno-xl-soft-mul -mxl-barrel-shift -mxl-pattern-compare" "EX
TRACE::2024-10-24.17:08:56::SCWMssOS::TRA_COMPILER_FLAGS=-g -ffunction-sections -fdata-sections -Wall -Wextra -fno-tree-loop-distribute-patterns"

TRACE::2024-10-24.17:08:56::SCWMssOS::"Running Make include in microblaze_0/libsrc/tmrctr_v4_9/src"

TRACE::2024-10-24.17:08:56::SCWMssOS::make -C microblaze_0/libsrc/tmrctr_v4_9/src -s include  "SHELL=CMD" "COMPILER=mb-gcc" "ASSEMBLER=mb-as" "ARCHIVER=mb-ar" "COMPI
TRACE::2024-10-24.17:08:56::SCWMssOS::LER_FLAGS=  -O2 -c -mcpu=v11.0 -mlittle-endian -mno-xl-reorder -mno-xl-soft-mul -mxl-barrel-shift -mxl-pattern-compare" "EXTRA_
TRACE::2024-10-24.17:08:56::SCWMssOS::COMPILER_FLAGS=-g -ffunction-sections -fdata-sections -Wall -Wextra -fno-tree-loop-distribute-patterns"

TRACE::2024-10-24.17:08:56::SCWMssOS::"Running Make include in microblaze_0/libsrc/uartlite_v3_7/src"

TRACE::2024-10-24.17:08:56::SCWMssOS::make -C microblaze_0/libsrc/uartlite_v3_7/src -s include  "SHELL=CMD" "COMPILER=mb-gcc" "ASSEMBLER=mb-as" "ARCHIVER=mb-ar" "COM
TRACE::2024-10-24.17:08:56::SCWMssOS::PILER_FLAGS=  -O2 -c -mcpu=v11.0 -mlittle-endian -mno-xl-reorder -mno-xl-soft-mul -mxl-barrel-shift -mxl-pattern-compare" "EXTR
TRACE::2024-10-24.17:08:56::SCWMssOS::A_COMPILER_FLAGS=-g -ffunction-sections -fdata-sections -Wall -Wextra -fno-tree-loop-distribute-patterns"

TRACE::2024-10-24.17:08:58::SCWMssOS::"Running Make libs in microblaze_0/libsrc/bram_v4_8/src"

TRACE::2024-10-24.17:08:58::SCWMssOS::make -C microblaze_0/libsrc/bram_v4_8/src -s libs  "SHELL=CMD" "COMPILER=mb-gcc" "ASSEMBLER=mb-as" "ARCHIVER=mb-ar" "COMPILER_F
TRACE::2024-10-24.17:08:58::SCWMssOS::LAGS=  -O2 -c -mcpu=v11.0 -mlittle-endian -mno-xl-reorder -mno-xl-soft-mul -mxl-barrel-shift -mxl-pattern-compare" "EXTRA_COMPI
TRACE::2024-10-24.17:08:58::SCWMssOS::LER_FLAGS=-g -ffunction-sections -fdata-sections -Wall -Wextra -fno-tree-loop-distribute-patterns"

TRACE::2024-10-24.17:08:58::SCWMssOS::"Running Make libs in microblaze_0/libsrc/cpu_v2_16/src"

TRACE::2024-10-24.17:08:58::SCWMssOS::make -C microblaze_0/libsrc/cpu_v2_16/src -s libs  "SHELL=CMD" "COMPILER=mb-gcc" "ASSEMBLER=mb-as" "ARCHIVER=mb-ar" "COMPILER_F
TRACE::2024-10-24.17:08:58::SCWMssOS::LAGS=  -O2 -c -mcpu=v11.0 -mlittle-endian -mno-xl-reorder -mno-xl-soft-mul -mxl-barrel-shift -mxl-pattern-compare" "EXTRA_COMPI
TRACE::2024-10-24.17:08:58::SCWMssOS::LER_FLAGS=-g -ffunction-sections -fdata-sections -Wall -Wextra -fno-tree-loop-distribute-patterns"

TRACE::2024-10-24.17:08:58::SCWMssOS::"Running Make libs in microblaze_0/libsrc/gpio_v4_9/src"

TRACE::2024-10-24.17:08:58::SCWMssOS::make -C microblaze_0/libsrc/gpio_v4_9/src -s libs  "SHELL=CMD" "COMPILER=mb-gcc" "ASSEMBLER=mb-as" "ARCHIVER=mb-ar" "COMPILER_F
TRACE::2024-10-24.17:08:58::SCWMssOS::LAGS=  -O2 -c -mcpu=v11.0 -mlittle-endian -mno-xl-reorder -mno-xl-soft-mul -mxl-barrel-shift -mxl-pattern-compare" "EXTRA_COMPI
TRACE::2024-10-24.17:08:58::SCWMssOS::LER_FLAGS=-g -ffunction-sections -fdata-sections -Wall -Wextra -fno-tree-loop-distribute-patterns"

TRACE::2024-10-24.17:08:58::SCWMssOS::"Running Make libs in microblaze_0/libsrc/intc_v3_15/src"

TRACE::2024-10-24.17:08:58::SCWMssOS::make -C microblaze_0/libsrc/intc_v3_15/src -s libs  "SHELL=CMD" "COMPILER=mb-gcc" "ASSEMBLER=mb-as" "ARCHIVER=mb-ar" "COMPILER_
TRACE::2024-10-24.17:08:58::SCWMssOS::FLAGS=  -O2 -c -mcpu=v11.0 -mlittle-endian -mno-xl-reorder -mno-xl-soft-mul -mxl-barrel-shift -mxl-pattern-compare" "EXTRA_COMP
TRACE::2024-10-24.17:08:58::SCWMssOS::ILER_FLAGS=-g -ffunction-sections -fdata-sections -Wall -Wextra -fno-tree-loop-distribute-patterns"

TRACE::2024-10-24.17:08:58::SCWMssOS::"Running Make libs in microblaze_0/libsrc/spi_v4_9/src"

TRACE::2024-10-24.17:08:58::SCWMssOS::make -C microblaze_0/libsrc/spi_v4_9/src -s libs  "SHELL=CMD" "COMPILER=mb-gcc" "ASSEMBLER=mb-as" "ARCHIVER=mb-ar" "COMPILER_FL
TRACE::2024-10-24.17:08:58::SCWMssOS::AGS=  -O2 -c -mcpu=v11.0 -mlittle-endian -mno-xl-reorder -mno-xl-soft-mul -mxl-barrel-shift -mxl-pattern-compare" "EXTRA_COMPIL
TRACE::2024-10-24.17:08:58::SCWMssOS::ER_FLAGS=-g -ffunction-sections -fdata-sections -Wall -Wextra -fno-tree-loop-distribute-patterns"

TRACE::2024-10-24.17:08:58::SCWMssOS::"Running Make libs in microblaze_0/libsrc/standalone_v8_0/src"

TRACE::2024-10-24.17:08:58::SCWMssOS::make -C microblaze_0/libsrc/standalone_v8_0/src -s libs  "SHELL=CMD" "COMPILER=mb-gcc" "ASSEMBLER=mb-as" "ARCHIVER=mb-ar" "COMP
TRACE::2024-10-24.17:08:58::SCWMssOS::ILER_FLAGS=  -O2 -c -mcpu=v11.0 -mlittle-endian -mno-xl-reorder -mno-xl-soft-mul -mxl-barrel-shift -mxl-pattern-compare" "EXTRA
TRACE::2024-10-24.17:08:58::SCWMssOS::_COMPILER_FLAGS=-g -ffunction-sections -fdata-sections -Wall -Wextra -fno-tree-loop-distribute-patterns"

TRACE::2024-10-24.17:08:58::SCWMssOS::"Running Make libs in microblaze_0/libsrc/tmrctr_v4_9/src"

TRACE::2024-10-24.17:08:58::SCWMssOS::make -C microblaze_0/libsrc/tmrctr_v4_9/src -s libs  "SHELL=CMD" "COMPILER=mb-gcc" "ASSEMBLER=mb-as" "ARCHIVER=mb-ar" "COMPILER
TRACE::2024-10-24.17:08:58::SCWMssOS::_FLAGS=  -O2 -c -mcpu=v11.0 -mlittle-endian -mno-xl-reorder -mno-xl-soft-mul -mxl-barrel-shift -mxl-pattern-compare" "EXTRA_COM
TRACE::2024-10-24.17:08:58::SCWMssOS::PILER_FLAGS=-g -ffunction-sections -fdata-sections -Wall -Wextra -fno-tree-loop-distribute-patterns"

TRACE::2024-10-24.17:08:58::SCWMssOS::"Running Make libs in microblaze_0/libsrc/uartlite_v3_7/src"

TRACE::2024-10-24.17:08:58::SCWMssOS::make -C microblaze_0/libsrc/uartlite_v3_7/src -s libs  "SHELL=CMD" "COMPILER=mb-gcc" "ASSEMBLER=mb-as" "ARCHIVER=mb-ar" "COMPIL
TRACE::2024-10-24.17:08:58::SCWMssOS::ER_FLAGS=  -O2 -c -mcpu=v11.0 -mlittle-endian -mno-xl-reorder -mno-xl-soft-mul -mxl-barrel-shift -mxl-pattern-compare" "EXTRA_C
TRACE::2024-10-24.17:08:58::SCWMssOS::OMPILER_FLAGS=-g -ffunction-sections -fdata-sections -Wall -Wextra -fno-tree-loop-distribute-patterns"

TRACE::2024-10-24.17:08:59::SCWMssOS::'Finished building libraries parallelly.'

TRACE::2024-10-24.17:08:59::SCWMssOS::make --no-print-directory archive

TRACE::2024-10-24.17:08:59::SCWMssOS::mb-ar -r  microblaze_0/lib/libxil.a microblaze_0/lib/_exit.o microblaze_0/lib/errno.o microblaze_0/lib/fcntl.o microblaze_0/lib
TRACE::2024-10-24.17:08:59::SCWMssOS::/hw_exception_handler.o microblaze_0/lib/inbyte.o microblaze_0/lib/microblaze_disable_dcache.o microblaze_0/lib/microblaze_disa
TRACE::2024-10-24.17:08:59::SCWMssOS::ble_exceptions.o microblaze_0/lib/microblaze_disable_icache.o microblaze_0/lib/microblaze_disable_interrupts.o microblaze_0/lib
TRACE::2024-10-24.17:08:59::SCWMssOS::/microblaze_enable_dcache.o microblaze_0/lib/microblaze_enable_exceptions.o microblaze_0/lib/microblaze_enable_icache.o microbl
TRACE::2024-10-24.17:08:59::SCWMssOS::aze_0/lib/microblaze_enable_interrupts.o microblaze_0/lib/microblaze_exception_handler.o microblaze_0/lib/microblaze_flush_cach
TRACE::2024-10-24.17:08:59::SCWMssOS::e_ext.o microblaze_0/lib/microblaze_flush_cache_ext_range.o microblaze_0/lib/microblaze_flush_dcache.o microblaze_0/lib/microbl
TRACE::2024-10-24.17:08:59::SCWMssOS::aze_flush_dcache_range.o microblaze_0/lib/microblaze_init_dcache_range.o microblaze_0/lib/microblaze_init_icache_range.o microb
TRACE::2024-10-24.17:08:59::SCWMssOS::laze_0/lib/microblaze_interrupt_handler.o microblaze_0/lib/microblaze_interrupts_g.o microblaze_0/lib/microblaze_invalidate_cac
TRACE::2024-10-24.17:08:59::SCWMssOS::he_ext.o microblaze_0/lib/microblaze_invalidate_cache_ext_range.o microblaze_0/lib/microblaze_invalidate_dcache.o microblaze_0/
TRACE::2024-10-24.17:08:59::SCWMssOS::lib/microblaze_invalidate_dcache_range.o microblaze_0/lib/microblaze_invalidate_icache.o microblaze_0/lib/microblaze_invalidate
TRACE::2024-10-24.17:08:59::SCWMssOS::_icache_range.o microblaze_0/lib/microblaze_scrub.o microblaze_0/lib/microblaze_selftest.o microblaze_0/lib/microblaze_sleep.o 
TRACE::2024-10-24.17:08:59::SCWMssOS::microblaze_0/lib/microblaze_update_dcache.o microblaze_0/lib/microblaze_update_icache.o microblaze_0/lib/outbyte.o microblaze_0
TRACE::2024-10-24.17:08:59::SCWMssOS::/lib/print.o microblaze_0/lib/pvr.o microblaze_0/lib/xbram.o microblaze_0/lib/xbram_g.o microblaze_0/lib/xbram_intr.o microblaz
TRACE::2024-10-24.17:08:59::SCWMssOS::e_0/lib/xbram_selftest.o microblaze_0/lib/xbram_sinit.o microblaze_0/lib/xgpio.o microblaze_0/lib/xgpio_extra.o microblaze_0/li
TRACE::2024-10-24.17:08:59::SCWMssOS::b/xgpio_g.o microblaze_0/lib/xgpio_intr.o microblaze_0/lib/xgpio_selftest.o microblaze_0/lib/xgpio_sinit.o microblaze_0/lib/xil
TRACE::2024-10-24.17:08:59::SCWMssOS::_assert.o microblaze_0/lib/xil_cache.o microblaze_0/lib/xil_clocking.o microblaze_0/lib/xil_exception.o microblaze_0/lib/xil_me
TRACE::2024-10-24.17:08:59::SCWMssOS::m.o microblaze_0/lib/xil_misc_psreset_api.o microblaze_0/lib/xil_printf.o microblaze_0/lib/xil_sleepcommon.o microblaze_0/lib/x
TRACE::2024-10-24.17:08:59::SCWMssOS::il_testcache.o microblaze_0/lib/xil_testio.o microblaze_0/lib/xil_testmem.o microblaze_0/lib/xil_util.o microblaze_0/lib/xintc.
TRACE::2024-10-24.17:08:59::SCWMssOS::o microblaze_0/lib/xintc_g.o microblaze_0/lib/xintc_intr.o microblaze_0/lib/xintc_l.o microblaze_0/lib/xintc_options.o microbla
TRACE::2024-10-24.17:08:59::SCWMssOS::ze_0/lib/xintc_selftest.o microblaze_0/lib/xinterrupt_wrap.o microblaze_0/lib/xio.o microblaze_0/lib/xplatform_info.o microblaz
TRACE::2024-10-24.17:08:59::SCWMssOS::e_0/lib/xspi.o microblaze_0/lib/xspi_g.o microblaze_0/lib/xspi_options.o microblaze_0/lib/xspi_selftest.o microblaze_0/lib/xspi
TRACE::2024-10-24.17:08:59::SCWMssOS::_sinit.o microblaze_0/lib/xspi_stats.o microblaze_0/lib/xtmrctr.o microblaze_0/lib/xtmrctr_g.o microblaze_0/lib/xtmrctr_intr.o 
TRACE::2024-10-24.17:08:59::SCWMssOS::microblaze_0/lib/xtmrctr_l.o microblaze_0/lib/xtmrctr_options.o microblaze_0/lib/xtmrctr_selftest.o microblaze_0/lib/xtmrctr_si
TRACE::2024-10-24.17:08:59::SCWMssOS::nit.o microblaze_0/lib/xtmrctr_stats.o microblaze_0/lib/xuartlite.o microblaze_0/lib/xuartlite_g.o microblaze_0/lib/xuartlite_i
TRACE::2024-10-24.17:08:59::SCWMssOS::ntr.o microblaze_0/lib/xuartlite_l.o microblaze_0/lib/xuartlite_selftest.o microblaze_0/lib/xuartlite_sinit.o microblaze_0/lib/
TRACE::2024-10-24.17:08:59::SCWMssOS::xuartlite_stats.o

TRACE::2024-10-24.17:09:00::SCWMssOS::'Finished building libraries'

TRACE::2024-10-24.17:09:01::SCWMssOS::Copying to export directory.
TRACE::2024-10-24.17:09:01::SCWMssOS:: Checking if to create the Supporting Applications
TRACE::2024-10-24.17:09:01::SCWMssOS:: No Linux domain exists, trying to generate FSBL 
LOG::2024-10-24.17:09:01::SCWSystem::Completed Processing the domain standalone_microblaze_0
LOG::2024-10-24.17:09:01::SCWSystem::Completed Processing the sysconfig mb_usb_hdmi_top
LOG::2024-10-24.17:09:01::SCWPlatform::Completed generating the artifacts for system configuration mb_usb_hdmi_top
TRACE::2024-10-24.17:09:01::SCWPlatform::Started preparing the platform 
TRACE::2024-10-24.17:09:01::SCWSystem::Writing the bif file for system config mb_usb_hdmi_top
TRACE::2024-10-24.17:09:01::SCWSystem::dir created 
TRACE::2024-10-24.17:09:01::SCWSystem::Writing the bif 
TRACE::2024-10-24.17:09:01::SCWPlatform::Started writing the spfm file 
TRACE::2024-10-24.17:09:01::SCWPlatform::Started writing the xpfm file 
TRACE::2024-10-24.17:09:01::SCWPlatform::Completed generating the platform
TRACE::2024-10-24.17:09:01::SCWMssOS::Saving the mss changes C:/Users/jkali/ece385/lab6/lab62/lab62_sdk/mb_usb_hdmi_top/microblaze_0/standalone_microblaze_0/bsp/system.mss
TRACE::2024-10-24.17:09:01::SCWMssOS::Found a swdesign opened with the mssfile.
TRACE::2024-10-24.17:09:01::SCWMssOS::Completed writemss as part of save.
TRACE::2024-10-24.17:09:01::SCWMssOS::Commit changes completed.
TRACE::2024-10-24.17:09:01::SCWPlatform::Trying to open the hw design at C:/Users/jkali/ece385/lab6/lab62/lab62_sdk/mb_usb_hdmi_top/hw/mb_usb_hdmi_top.xsa
TRACE::2024-10-24.17:09:01::SCWPlatform::DSA given C:/Users/jkali/ece385/lab6/lab62/lab62_sdk/mb_usb_hdmi_top/hw/mb_usb_hdmi_top.xsa
TRACE::2024-10-24.17:09:01::SCWPlatform::DSA absoulate path C:/Users/jkali/ece385/lab6/lab62/lab62_sdk/mb_usb_hdmi_top/hw/mb_usb_hdmi_top.xsa
TRACE::2024-10-24.17:09:01::SCWPlatform::DSA directory C:/Users/jkali/ece385/lab6/lab62/lab62_sdk/mb_usb_hdmi_top/hw
TRACE::2024-10-24.17:09:01::SCWPlatform:: Platform Path C:/Users/jkali/ece385/lab6/lab62/lab62_sdk/mb_usb_hdmi_top/hw/mb_usb_hdmi_top.xsa
TRACE::2024-10-24.17:09:01::SCWPlatform:: Unique name xilinx:::0.0
TRACE::2024-10-24.17:09:01::SCWPlatform::Trying to set the existing hwdb with name mb_usb_hdmi_top
TRACE::2024-10-24.17:09:01::SCWPlatform::Opened existing hwdb mb_usb_hdmi_top
TRACE::2024-10-24.17:09:01::SCWPlatform::Found the Hw Db part of the input DSA
TRACE::2024-10-24.17:09:01::SCWMssOS::Checking the sw design at  C:/Users/jkali/ece385/lab6/lab62/lab62_sdk/mb_usb_hdmi_top/microblaze_0/standalone_microblaze_0/bsp/system.mss
TRACE::2024-10-24.17:09:01::SCWMssOS::DEBUG:  swdes dump  C:/Users/jkali/ece385/lab6/lab62/lab62_sdk/mb_usb_hdmi_top/microblaze_0/standalone_microblaze_0/bsp/system.mss|system||

TRACE::2024-10-24.17:09:01::SCWMssOS::Sw design exists and opened at  C:/Users/jkali/ece385/lab6/lab62/lab62_sdk/mb_usb_hdmi_top/microblaze_0/standalone_microblaze_0/bsp/system.mss
TRACE::2024-10-24.17:09:01::SCWWriter::formatted JSON is {
	"platformName":	"mb_usb_hdmi_top",
	"sprVersion":	"2.0",
	"mode":	"gui",
	"dsaType":	"Fixed",
	"platformDesc":	"mb_usb_hdmi_top",
	"platHandOff":	"C:/Users/jkali/ece385/lab6/lab62/mb_usb_hdmi_top.xsa",
	"platIntHandOff":	"<platformDir>/hw/mb_usb_hdmi_top.xsa",
	"deviceType":	"FPGA",
	"platIsPrebuiltAutogen":	"false",
	"platIsNoBootBsp":	"false",
	"hasFsblMakeHasChanges":	"false",
	"hasPmufwMakeHasChanges":	"false",
	"platPreBuiltFlag":	false,
	"platformSamplesDir":	"",
	"platActiveSys":	"mb_usb_hdmi_top",
	"systems":	[{
			"systemName":	"mb_usb_hdmi_top",
			"systemDesc":	"mb_usb_hdmi_top",
			"sysIsBootAutoGen":	"true",
			"systemDispName":	"mb_usb_hdmi_top",
			"sysActiveDom":	"standalone_microblaze_0",
			"sysDefaultDom":	"standalone_microblaze_0",
			"domains":	[{
					"domainName":	"standalone_microblaze_0",
					"domainDispName":	"standalone_microblaze_0",
					"domainDesc":	"standalone_microblaze_0",
					"processors":	"microblaze_0",
					"os":	"standalone",
					"sdxOs":	"standalone",
					"debugEnable":	"False",
					"domRuntimes":	["cpp"],
					"swRepo":	"",
					"mssOsVer":	"8.0",
					"mssFile":	"",
					"md5Digest":	"304529987e879521ca977c68d163f362",
					"compatibleApp":	"",
					"domType":	"mssDomain",
					"arch":	"32-bit",
					"appSettings":	{
						"appCompilerFlags":	"",
						"appLinkerFlags":	""
					},
					"addedLibs":	[],
					"libOptions":	{
						"libsContainingOptions":	[]
					},
					"prebuiltLibs":	{
						"prebuiltIncPath":	[],
						"prebuiltLibPath":	[]
					},
					"isolation":	{
					}
				}]
		}]
}
KEYINFO::2024-10-24.17:09:01::SCWPlatform::updated the xpfm file.
TRACE::2024-10-24.17:09:01::SCWPlatform::Trying to open the hw design at C:/Users/jkali/ece385/lab6/lab62/lab62_sdk/mb_usb_hdmi_top/hw/mb_usb_hdmi_top.xsa
TRACE::2024-10-24.17:09:01::SCWPlatform::DSA given C:/Users/jkali/ece385/lab6/lab62/lab62_sdk/mb_usb_hdmi_top/hw/mb_usb_hdmi_top.xsa
TRACE::2024-10-24.17:09:01::SCWPlatform::DSA absoulate path C:/Users/jkali/ece385/lab6/lab62/lab62_sdk/mb_usb_hdmi_top/hw/mb_usb_hdmi_top.xsa
TRACE::2024-10-24.17:09:01::SCWPlatform::DSA directory C:/Users/jkali/ece385/lab6/lab62/lab62_sdk/mb_usb_hdmi_top/hw
TRACE::2024-10-24.17:09:01::SCWPlatform:: Platform Path C:/Users/jkali/ece385/lab6/lab62/lab62_sdk/mb_usb_hdmi_top/hw/mb_usb_hdmi_top.xsa
TRACE::2024-10-24.17:09:01::SCWPlatform:: Unique name xilinx:::0.0
TRACE::2024-10-24.17:09:01::SCWPlatform::Trying to set the existing hwdb with name mb_usb_hdmi_top
TRACE::2024-10-24.17:09:01::SCWPlatform::Opened existing hwdb mb_usb_hdmi_top
TRACE::2024-10-24.17:09:01::SCWPlatform::Found the Hw Db part of the input DSA
TRACE::2024-10-24.17:09:01::SCWMssOS::Checking the sw design at  C:/Users/jkali/ece385/lab6/lab62/lab62_sdk/mb_usb_hdmi_top/microblaze_0/standalone_microblaze_0/bsp/system.mss
TRACE::2024-10-24.17:09:01::SCWMssOS::DEBUG:  swdes dump  C:/Users/jkali/ece385/lab6/lab62/lab62_sdk/mb_usb_hdmi_top/microblaze_0/standalone_microblaze_0/bsp/system.mss|system||

TRACE::2024-10-24.17:09:01::SCWMssOS::Sw design exists and opened at  C:/Users/jkali/ece385/lab6/lab62/lab62_sdk/mb_usb_hdmi_top/microblaze_0/standalone_microblaze_0/bsp/system.mss
